pair_id,cache_status,cache_tensor_path,sha256,E_ref_winner_cached,E_ref_loser_cached,Delta_ref,timestep,timestep_index,actual_sigma,same_seed_noise_id,used_window_frames,prefix_len,prediction_start_frame,winner_latent_loss_indices,loser_latent_loss_indices,winner_target_shape,loser_target_shape,finite,reviewed,seconds,allocated_gb,reserved_gb,max_allocated_gb,max_reserved_gb,error_reason
v6b_GT_C_005_04209_containment_orbit_left_44_seed43209,PASS,local_assets/dpo_training_sanity_v12/scope_sanity_cache_s0_window49_retry4/000_v6b_GT_C_005_04209_containment_orbit_left_44_seed43209.pt,7bb08edab5433089200f32abbfbe4e9f676b8b704623772edf095eeebc0e31f0,0.810210645198822,0.9399484395980835,0.12973779439926147,349.5545349121094,949,0.34955453872680664,1234,49,5,5,"[2, 3, 4, 5, 6, 7, 8, 9, 10, 11, 12]","[2, 3, 4, 5, 6, 7, 8, 9, 10, 11, 12]","[16, 13, 60, 104]","[16, 13, 60, 104]",True,True,154.37546706199646,35.17017364501953,51.12109375,46.21381855010986,51.12109375,
v6b_GT_C_013_03435_roll_orbit_right_60_seed42435,PASS,local_assets/dpo_training_sanity_v12/scope_sanity_cache_s0_window49_retry4/001_v6b_GT_C_013_03435_roll_orbit_right_60_seed42435.pt,5afd41a21f1061c493eb9e61f8701799f92172c5ad9bc0f79c710f2089f22bee,0.7355092763900757,0.866544783115387,0.13103550672531128,349.5545349121094,949,0.34955453872680664,2231,49,5,5,"[2, 3, 4, 5, 6, 7, 8, 9, 10, 11, 12]","[2, 3, 4, 5, 6, 7, 8, 9, 10, 11, 12]","[16, 13, 60, 104]","[16, 13, 60, 104]",True,True,150.24483227729797,35.17017364501953,51.169921875,46.21454906463623,51.169921875,
v6b_GT_C_008_01029_drop_orbit_left_72_seed40029,PASS,local_assets/dpo_training_sanity_v12/scope_sanity_cache_s0_window49_retry4/002_v6b_GT_C_008_01029_drop_orbit_left_72_seed40029.pt,6c11fbcada5b4a795895a5169e415792d096e230fa08c4e51b02243067d223c9,0.8004783987998962,0.7849302291870117,-0.015548169612884521,349.5545349121094,949,0.34955453872680664,3228,49,5,5,"[2, 3, 4, 5, 6, 7, 8, 9, 10, 11, 12]","[2, 3, 4, 5, 6, 7, 8, 9, 10, 11, 12]","[16, 13, 60, 104]","[16, 13, 60, 104]",True,True,149.57765245437622,35.17017364501953,51.138671875,46.21454906463623,51.169921875,
v6b_GT_C_011_02276_collision_orbit_right_64_seed41276,PASS,local_assets/dpo_training_sanity_v12/scope_sanity_cache_s0_window49_retry4/003_v6b_GT_C_011_02276_collision_orbit_right_64_seed41276.pt,69b620ba392e7baba0b36568334fbde37283bf3ea9d9d17feb279411bb1bc23a,0.7547791004180908,1.0478148460388184,0.29303574562072754,349.5545349121094,949,0.34955453872680664,4225,49,5,5,"[2, 3, 4, 5, 6, 7, 8, 9, 10, 11, 12]","[2, 3, 4, 5, 6, 7, 8, 9, 10, 11, 12]","[16, 13, 60, 104]","[16, 13, 60, 104]",True,True,145.91187119483948,35.17017364501953,51.169921875,46.21454906463623,51.169921875,
v6b_GT_C_016_04249_containment_orbit_left_44_seed43249,PASS,local_assets/dpo_training_sanity_v12/scope_sanity_cache_s0_window49_retry4/004_v6b_GT_C_016_04249_containment_orbit_left_44_seed43249.pt,d5e25c734ed696195e14e2ebc7ab450a61394bc7f35f37038b9324a91c9adaa7,0.8373399376869202,0.8735456466674805,0.0362057089805603,349.5545349121094,949,0.34955453872680664,5222,49,5,5,"[2, 3, 4, 5, 6, 7, 8, 9, 10, 11, 12]","[2, 3, 4, 5, 6, 7, 8, 9, 10, 11, 12]","[16, 13, 60, 104]","[16, 13, 60, 104]",True,True,105.48918962478638,35.17017364501953,47.837890625,46.21454906463623,51.169921875,
v6b_GT_C_015_04248_containment_orbit_left_44_seed43248,PASS,local_assets/dpo_training_sanity_v12/scope_sanity_cache_s0_window49_retry4/005_v6b_GT_C_015_04248_containment_orbit_left_44_seed43248.pt,add6ed407924d5ea3d51cfc74c0096c54e249782bfc6227fba86f9f160018748,0.7257495522499084,0.7887374758720398,0.06298792362213135,349.5545349121094,949,0.34955453872680664,6219,49,5,5,"[2, 3, 4, 5, 6, 7, 8, 9, 10, 11, 12]","[2, 3, 4, 5, 6, 7, 8, 9, 10, 11, 12]","[16, 13, 60, 104]","[16, 13, 60, 104]",True,True,99.32959055900574,35.17017364501953,47.837890625,46.21454906463623,51.169921875,
v6b_GT_C_002_03410_roll_orbit_right_60_seed42410,PASS,local_assets/dpo_training_sanity_v12/scope_sanity_cache_s0_window49_retry4/006_v6b_GT_C_002_03410_roll_orbit_right_60_seed42410.pt,1f43b5fe50aa01cc21c784791b1d7c871e4d2645bca7112f90cab19dd561b267,0.7885614633560181,0.8711698651313782,0.08260840177536011,349.5545349121094,949,0.34955453872680664,7216,49,5,5,"[2, 3, 4, 5, 6, 7, 8, 9, 10, 11, 12]","[2, 3, 4, 5, 6, 7, 8, 9, 10, 11, 12]","[16, 13, 60, 104]","[16, 13, 60, 104]",True,True,98.47592258453369,35.17017364501953,47.837890625,46.21454906463623,51.169921875,
v6b_GT_C_004_04204_containment_orbit_left_44_seed43204,PASS,local_assets/dpo_training_sanity_v12/scope_sanity_cache_s0_window49_retry4/007_v6b_GT_C_004_04204_containment_orbit_left_44_seed43204.pt,97ef67053f3180d116021ffe4b31fdb5a547fb3630b6ea0188442fee49b1e301,0.9839404225349426,1.1347389221191406,0.150798499584198,349.5545349121094,949,0.34955453872680664,8213,49,5,5,"[2, 3, 4, 5, 6, 7, 8, 9, 10, 11, 12]","[2, 3, 4, 5, 6, 7, 8, 9, 10, 11, 12]","[16, 13, 60, 104]","[16, 13, 60, 104]",True,True,98.8642029762268,35.17017364501953,47.837890625,46.21454906463623,51.169921875,
v11_SYN_0053_02262_collision_orbit_right_64_seed41262_background_drift_visible,PASS,local_assets/dpo_training_sanity_v12/scope_sanity_cache_s0_window49_retry4/008_v11_SYN_0053_02262_collision_orbit_right_64_seed41262_background_drift_visible.pt,b7b90a5482f5781a8ab5f8d9763aa801baa4f7541582a6add71b21092c8dd0bb,0.7503600120544434,0.7623981237411499,0.012038111686706543,349.5545349121094,949,0.34955453872680664,9210,49,5,5,"[2, 3, 4, 5, 6, 7, 8, 9, 10, 11, 12]","[2, 3, 4, 5, 6, 7, 8, 9, 10, 11, 12]","[16, 13, 60, 104]","[16, 13, 60, 104]",True,True,105.83007621765137,35.17017364501953,47.837890625,46.21454906463623,51.169921875,
v11_SYN_0578_03533_roll_orbit_right_60_seed42533_wrong_camera_motion_visible,PASS,local_assets/dpo_training_sanity_v12/scope_sanity_cache_s0_window49_retry4/009_v11_SYN_0578_03533_roll_orbit_right_60_seed42533_wrong_camera_motion_visible.pt,445597e16a2f08c1e7194b9ab9fd07bbdeab086c959d8dc72d0a3c1a2fb6b5d3,0.7105194926261902,0.6978632211685181,-0.01265627145767212,349.5545349121094,949,0.34955453872680664,10207,49,5,5,"[2, 3, 4, 5, 6, 7, 8, 9, 10, 11, 12]","[2, 3, 4, 5, 6, 7, 8, 9, 10, 11, 12]","[16, 13, 60, 104]","[16, 13, 60, 104]",True,True,101.76242446899414,35.17017364501953,47.837890625,46.21454906463623,51.169921875,
v11_SYN_0008_02202_collision_orbit_right_64_seed41202_object_deformation_visible,PASS,local_assets/dpo_training_sanity_v12/scope_sanity_cache_s0_window49_retry4/010_v11_SYN_0008_02202_collision_orbit_right_64_seed41202_object_deformation_visible.pt,bc2ad16d2928f12b887d02f5b7c5dde7b16045c72e8c0405035887052d50a905,0.7802553176879883,0.791435956954956,0.011180639266967773,349.5545349121094,949,0.34955453872680664,11204,49,5,5,"[2, 3, 4, 5, 6, 7, 8, 9, 10, 11, 12]","[2, 3, 4, 5, 6, 7, 8, 9, 10, 11, 12]","[16, 13, 60, 104]","[16, 13, 60, 104]",True,True,103.77368187904358,35.17017364501953,47.837890625,46.21454906463623,51.169921875,
v10_TypeM_063_v6_04204_containment_orbit_left_44_seed43204_foreground_identity_color_shift,PASS,local_assets/dpo_training_sanity_v12/scope_sanity_cache_s0_window49_retry4/011_v10_TypeM_063_v6_04204_containment_orbit_left_44_seed43204_foreground_identity_color_shift.pt,81fb48fe41bee05f206f7d3e81d60d815ec963f4269d5aff557e1ff60cce4a7d,0.9675210118293762,0.9406279921531677,-0.026893019676208496,349.5545349121094,949,0.34955453872680664,12201,49,5,5,"[2, 3, 4, 5, 6, 7, 8, 9, 10, 11, 12]","[2, 3, 4, 5, 6, 7, 8, 9, 10, 11, 12]","[16, 13, 60, 104]","[16, 13, 60, 104]",True,True,102.52066421508789,35.17017364501953,47.837890625,46.21454906463623,51.169921875,
v11_SYN_0362_prefix5_anchored_d86ae2fb1d25b2_freeze_foreground_reobserve_mismatch_visible,PASS,local_assets/dpo_training_sanity_v12/scope_sanity_cache_s0_window49_retry4/012_v11_SYN_0362_prefix5_anchored_d86ae2fb1d25b2_freeze_foreground_reobserve_mismatch_visible.pt,6a030f926478a8afb1e5a52b18745891d18b616e7a016456754a93dce69c547f,0.9857081770896912,0.9750351905822754,-0.010672986507415771,349.5545349121094,949,0.34955453872680664,13198,49,5,5,"[2, 3, 4, 5, 6, 7, 8, 9, 10, 11, 12]","[2, 3, 4, 5, 6, 7, 8, 9, 10, 11, 12]","[16, 13, 60, 104]","[16, 13, 60, 104]",True,True,98.63029336929321,35.17017364501953,47.837890625,46.21454906463623,51.169921875,
v10_TypeM_065_01008_drop_orbit_left_72_seed40008_local_patch_freeze,PASS,local_assets/dpo_training_sanity_v12/scope_sanity_cache_s0_window49_retry4/013_v10_TypeM_065_01008_drop_orbit_left_72_seed40008_local_patch_freeze.pt,70ef17ade2bf891788dacecd57b6be57ceddbcdc0696adf4a034c46862e9e25a,0.7741323709487915,0.7777467966079712,0.0036144256591796875,349.5545349121094,949,0.34955453872680664,14195,49,5,5,"[2, 3, 4, 5, 6, 7, 8, 9, 10, 11, 12]","[2, 3, 4, 5, 6, 7, 8, 9, 10, 11, 12]","[16, 13, 60, 104]","[16, 13, 60, 104]",True,True,103.29046177864075,35.17017364501953,47.837890625,46.21454906463623,51.169921875,
v11_SYN_0031_02228_collision_orbit_right_64_seed41228_collision_response_failure_synthetic,PASS,local_assets/dpo_training_sanity_v12/scope_sanity_cache_s0_window49_retry4/014_v11_SYN_0031_02228_collision_orbit_right_64_seed41228_collision_response_failure_synthetic.pt,b696a1ec5436ab2535cc980c91123c74c555786cacc832d20b6be340392b184b,0.7767521142959595,0.7726323008537292,-0.004119813442230225,349.5545349121094,949,0.34955453872680664,15192,49,5,5,"[2, 3, 4, 5, 6, 7, 8, 9, 10, 11, 12]","[2, 3, 4, 5, 6, 7, 8, 9, 10, 11, 12]","[16, 13, 60, 104]","[16, 13, 60, 104]",True,True,102.73155045509338,35.17017364501953,47.837890625,46.21454906463623,51.169921875,
v11_SYN_0533_03453_roll_orbit_right_60_seed42453_background_drift_visible,PASS,local_assets/dpo_training_sanity_v12/scope_sanity_cache_s0_window49_retry4/015_v11_SYN_0533_03453_roll_orbit_right_60_seed42453_background_drift_visible.pt,cbf076b7db1e7b23f009ae7081480a97b29b844b9e5d798555a5af54e909aa48,0.9495911002159119,0.9086037874221802,-0.04098731279373169,349.5545349121094,949,0.34955453872680664,16189,49,5,5,"[2, 3, 4, 5, 6, 7, 8, 9, 10, 11, 12]","[2, 3, 4, 5, 6, 7, 8, 9, 10, 11, 12]","[16, 13, 60, 104]","[16, 13, 60, 104]",True,True,117.16679358482361,35.17017364501953,47.837890625,46.21454906463623,51.169921875,
