pair_id,backend,frame_indices,num_frames,winner_video,loser_video,winner_distance_to_reference,loser_distance_to_reference,vjepa_margin,token_relation_winner,token_relation_loser,token_relation_margin,status,error_reason,seconds
E02_best7_04214_containment_orbit_left_44_seed43214_step000_vs_step007,vjepa2_1_vit_base_224_local_ema_encoder,"{""winner"": [5, 16, 26, 37, 48, 59, 69, 80], ""loser"": [5, 16, 26, 37, 48, 59, 69, 80], ""winner_kind"": ""full"", ""loser_kind"": ""full""}",8,/home/nvme04/workspace/world_model_phys/PHYS/world_model_phys_stageA_v5_broad_lora_work/local_assets/dpo_utility_calibration_v14/objective_search/E02_best7/rollouts/step000/videos/04214_containment_orbit_left_44_seed43214_E02_best7_step000.mp4,/home/nvme04/workspace/world_model_phys/PHYS/world_model_phys_stageA_v5_broad_lora_work/local_assets/dpo_utility_calibration_v14/objective_search/E02_best7/rollouts/step007/videos/04214_containment_orbit_left_44_seed43214_E02_best7_step007.mp4,0.0,0.0014988183975219727,0.0014988183975219727,0.0,0.05495079979300499,0.05495079979300499,ok,,26.86
E02_best7_04279_containment_orbit_left_44_seed43279_step000_vs_step007,vjepa2_1_vit_base_224_local_ema_encoder,"{""winner"": [5, 16, 26, 37, 48, 59, 69, 80], ""loser"": [5, 16, 26, 37, 48, 59, 69, 80], ""winner_kind"": ""full"", ""loser_kind"": ""full""}",8,/home/nvme04/workspace/world_model_phys/PHYS/world_model_phys_stageA_v5_broad_lora_work/local_assets/dpo_utility_calibration_v14/objective_search/E02_best7/rollouts/step000/videos/04279_containment_orbit_left_44_seed43279_E02_best7_step000.mp4,/home/nvme04/workspace/world_model_phys/PHYS/world_model_phys_stageA_v5_broad_lora_work/local_assets/dpo_utility_calibration_v14/objective_search/E02_best7/rollouts/step007/videos/04279_containment_orbit_left_44_seed43279_E02_best7_step007.mp4,0.0,0.0006732344627380371,0.0006732344627380371,0.0,0.04212713614106178,0.04212713614106178,ok,,17.576
E02_best7_04351_containment_orbit_left_44_seed43351_step000_vs_step007,vjepa2_1_vit_base_224_local_ema_encoder,"{""winner"": [5, 16, 26, 37, 48, 59, 69, 80], ""loser"": [5, 16, 26, 37, 48, 59, 69, 80], ""winner_kind"": ""full"", ""loser_kind"": ""full""}",8,/home/nvme04/workspace/world_model_phys/PHYS/world_model_phys_stageA_v5_broad_lora_work/local_assets/dpo_utility_calibration_v14/objective_search/E02_best7/rollouts/step000/videos/04351_containment_orbit_left_44_seed43351_E02_best7_step000.mp4,/home/nvme04/workspace/world_model_phys/PHYS/world_model_phys_stageA_v5_broad_lora_work/local_assets/dpo_utility_calibration_v14/objective_search/E02_best7/rollouts/step007/videos/04351_containment_orbit_left_44_seed43351_E02_best7_step007.mp4,0.0,0.0012884140014648438,0.0012884140014648438,0.0,0.0512772798538208,0.0512772798538208,ok,,18.485
E02_best7_prefix5_anchored_1128e39109fc83_object_deformation_step000_vs_step007,vjepa2_1_vit_base_224_local_ema_encoder,"{""winner"": [5, 16, 26, 37, 48, 59, 69, 80], ""loser"": [5, 16, 26, 37, 48, 59, 69, 80], ""winner_kind"": ""full"", ""loser_kind"": ""full""}",8,/home/nvme04/workspace/world_model_phys/PHYS/world_model_phys_stageA_v5_broad_lora_work/local_assets/dpo_utility_calibration_v14/objective_search/E02_best7/rollouts/step000/videos/prefix5_anchored_1128e39109fc83_object_deformation_E02_best7_step000.mp4,/home/nvme04/workspace/world_model_phys/PHYS/world_model_phys_stageA_v5_broad_lora_work/local_assets/dpo_utility_calibration_v14/objective_search/E02_best7/rollouts/step007/videos/prefix5_anchored_1128e39109fc83_object_deformation_E02_best7_step007.mp4,0.0,0.0020655393600463867,0.0020655393600463867,0.0,0.0716087818145752,0.0716087818145752,ok,,21.895
E04_screen5_04214_containment_orbit_left_44_seed43214_step000_vs_step005,vjepa2_1_vit_base_224_local_ema_encoder,"{""winner"": [5, 16, 26, 37, 48, 59, 69, 80], ""loser"": [5, 16, 26, 37, 48, 59, 69, 80], ""winner_kind"": ""full"", ""loser_kind"": ""full""}",8,/home/nvme04/workspace/world_model_phys/PHYS/world_model_phys_stageA_v5_broad_lora_work/local_assets/dpo_utility_calibration_v14/objective_search/E04_screen5/rollouts/step000/videos/04214_containment_orbit_left_44_seed43214_E04_screen5_step000.mp4,/home/nvme04/workspace/world_model_phys/PHYS/world_model_phys_stageA_v5_broad_lora_work/local_assets/dpo_utility_calibration_v14/objective_search/E04_screen5/rollouts/step005/videos/04214_containment_orbit_left_44_seed43214_E04_screen5_step005.mp4,0.0,0.0014699697494506836,0.0014699697494506836,0.0,0.07038600742816925,0.07038600742816925,ok,,22.696
E04_screen5_04279_containment_orbit_left_44_seed43279_step000_vs_step005,vjepa2_1_vit_base_224_local_ema_encoder,"{""winner"": [5, 16, 26, 37, 48, 59, 69, 80], ""loser"": [5, 16, 26, 37, 48, 59, 69, 80], ""winner_kind"": ""full"", ""loser_kind"": ""full""}",8,/home/nvme04/workspace/world_model_phys/PHYS/world_model_phys_stageA_v5_broad_lora_work/local_assets/dpo_utility_calibration_v14/objective_search/E04_screen5/rollouts/step000/videos/04279_containment_orbit_left_44_seed43279_E04_screen5_step000.mp4,/home/nvme04/workspace/world_model_phys/PHYS/world_model_phys_stageA_v5_broad_lora_work/local_assets/dpo_utility_calibration_v14/objective_search/E04_screen5/rollouts/step005/videos/04279_containment_orbit_left_44_seed43279_E04_screen5_step005.mp4,0.0,0.0016990900039672852,0.0016990900039672852,0.0,0.054931920021772385,0.054931920021772385,ok,,16.566
E04_screen5_04351_containment_orbit_left_44_seed43351_step000_vs_step005,vjepa2_1_vit_base_224_local_ema_encoder,"{""winner"": [5, 16, 26, 37, 48, 59, 69, 80], ""loser"": [5, 16, 26, 37, 48, 59, 69, 80], ""winner_kind"": ""full"", ""loser_kind"": ""full""}",8,/home/nvme04/workspace/world_model_phys/PHYS/world_model_phys_stageA_v5_broad_lora_work/local_assets/dpo_utility_calibration_v14/objective_search/E04_screen5/rollouts/step000/videos/04351_containment_orbit_left_44_seed43351_E04_screen5_step000.mp4,/home/nvme04/workspace/world_model_phys/PHYS/world_model_phys_stageA_v5_broad_lora_work/local_assets/dpo_utility_calibration_v14/objective_search/E04_screen5/rollouts/step005/videos/04351_containment_orbit_left_44_seed43351_E04_screen5_step005.mp4,0.0,0.0013537406921386719,0.0013537406921386719,0.0,0.049207571893930435,0.049207571893930435,ok,,17.989
E04_screen5_prefix5_anchored_1128e39109fc83_object_deformation_step000_vs_step005,vjepa2_1_vit_base_224_local_ema_encoder,"{""winner"": [5, 16, 26, 37, 48, 59, 69, 80], ""loser"": [5, 16, 26, 37, 48, 59, 69, 80], ""winner_kind"": ""full"", ""loser_kind"": ""full""}",8,/home/nvme04/workspace/world_model_phys/PHYS/world_model_phys_stageA_v5_broad_lora_work/local_assets/dpo_utility_calibration_v14/objective_search/E04_screen5/rollouts/step000/videos/prefix5_anchored_1128e39109fc83_object_deformation_E04_screen5_step000.mp4,/home/nvme04/workspace/world_model_phys/PHYS/world_model_phys_stageA_v5_broad_lora_work/local_assets/dpo_utility_calibration_v14/objective_search/E04_screen5/rollouts/step005/videos/prefix5_anchored_1128e39109fc83_object_deformation_E04_screen5_step005.mp4,0.0,0.002115011215209961,0.002115011215209961,0.0,0.07686781138181686,0.07686781138181686,ok,,21.095
E05_screen5_04214_containment_orbit_left_44_seed43214_step000_vs_step005,vjepa2_1_vit_base_224_local_ema_encoder,"{""winner"": [5, 16, 26, 37, 48, 59, 69, 80], ""loser"": [5, 16, 26, 37, 48, 59, 69, 80], ""winner_kind"": ""full"", ""loser_kind"": ""full""}",8,/home/nvme04/workspace/world_model_phys/PHYS/world_model_phys_stageA_v5_broad_lora_work/local_assets/dpo_utility_calibration_v14/objective_search/E05_screen5/rollouts/step000/videos/04214_containment_orbit_left_44_seed43214_E05_screen5_step000.mp4,/home/nvme04/workspace/world_model_phys/PHYS/world_model_phys_stageA_v5_broad_lora_work/local_assets/dpo_utility_calibration_v14/objective_search/E05_screen5/rollouts/step005/videos/04214_containment_orbit_left_44_seed43214_E05_screen5_step005.mp4,0.0,0.0017150640487670898,0.0017150640487670898,0.0,0.053277745842933655,0.053277745842933655,ok,,25.028
E05_screen5_04279_containment_orbit_left_44_seed43279_step000_vs_step005,vjepa2_1_vit_base_224_local_ema_encoder,"{""winner"": [5, 16, 26, 37, 48, 59, 69, 80], ""loser"": [5, 16, 26, 37, 48, 59, 69, 80], ""winner_kind"": ""full"", ""loser_kind"": ""full""}",8,/home/nvme04/workspace/world_model_phys/PHYS/world_model_phys_stageA_v5_broad_lora_work/local_assets/dpo_utility_calibration_v14/objective_search/E05_screen5/rollouts/step000/videos/04279_containment_orbit_left_44_seed43279_E05_screen5_step000.mp4,/home/nvme04/workspace/world_model_phys/PHYS/world_model_phys_stageA_v5_broad_lora_work/local_assets/dpo_utility_calibration_v14/objective_search/E05_screen5/rollouts/step005/videos/04279_containment_orbit_left_44_seed43279_E05_screen5_step005.mp4,0.0,0.0009922385215759277,0.0009922385215759277,0.0,0.03626668453216553,0.03626668453216553,ok,,16.488
E05_screen5_04351_containment_orbit_left_44_seed43351_step000_vs_step005,vjepa2_1_vit_base_224_local_ema_encoder,"{""winner"": [5, 16, 26, 37, 48, 59, 69, 80], ""loser"": [5, 16, 26, 37, 48, 59, 69, 80], ""winner_kind"": ""full"", ""loser_kind"": ""full""}",8,/home/nvme04/workspace/world_model_phys/PHYS/world_model_phys_stageA_v5_broad_lora_work/local_assets/dpo_utility_calibration_v14/objective_search/E05_screen5/rollouts/step000/videos/04351_containment_orbit_left_44_seed43351_E05_screen5_step000.mp4,/home/nvme04/workspace/world_model_phys/PHYS/world_model_phys_stageA_v5_broad_lora_work/local_assets/dpo_utility_calibration_v14/objective_search/E05_screen5/rollouts/step005/videos/04351_containment_orbit_left_44_seed43351_E05_screen5_step005.mp4,0.0,0.0016224384307861328,0.0016224384307861328,0.0,0.049108393490314484,0.049108393490314484,ok,,23.325
E05_screen5_prefix5_anchored_1128e39109fc83_object_deformation_step000_vs_step005,vjepa2_1_vit_base_224_local_ema_encoder,"{""winner"": [5, 16, 26, 37, 48, 59, 69, 80], ""loser"": [5, 16, 26, 37, 48, 59, 69, 80], ""winner_kind"": ""full"", ""loser_kind"": ""full""}",8,/home/nvme04/workspace/world_model_phys/PHYS/world_model_phys_stageA_v5_broad_lora_work/local_assets/dpo_utility_calibration_v14/objective_search/E05_screen5/rollouts/step000/videos/prefix5_anchored_1128e39109fc83_object_deformation_E05_screen5_step000.mp4,/home/nvme04/workspace/world_model_phys/PHYS/world_model_phys_stageA_v5_broad_lora_work/local_assets/dpo_utility_calibration_v14/objective_search/E05_screen5/rollouts/step005/videos/prefix5_anchored_1128e39109fc83_object_deformation_E05_screen5_step005.mp4,0.0,0.004061639308929443,0.004061639308929443,0.0,0.07882597297430038,0.07882597297430038,ok,,21.808
E07_screen200_04214_containment_orbit_left_44_seed43214_step000_vs_step200,vjepa2_1_vit_base_224_local_ema_encoder,"{""winner"": [5, 16, 26, 37, 48, 59, 69, 80], ""loser"": [5, 16, 26, 37, 48, 59, 69, 80], ""winner_kind"": ""full"", ""loser_kind"": ""full""}",8,/home/nvme04/workspace/world_model_phys/PHYS/world_model_phys_stageA_v5_broad_lora_work/local_assets/dpo_utility_calibration_v14/objective_search/E07_screen200/rollouts/step000_v2v5/videos/04214_containment_orbit_left_44_seed43214_E07_screen200_step000_v2v5.mp4,/home/nvme04/workspace/world_model_phys/PHYS/world_model_phys_stageA_v5_broad_lora_work/local_assets/dpo_utility_calibration_v14/objective_search/E07_screen200/rollouts/step200_v2v5/videos/04214_containment_orbit_left_44_seed43214_E07_screen200_step200_v2v5.mp4,0.0,0.0042841434478759766,0.0042841434478759766,0.0,0.0725545585155487,0.0725545585155487,ok,,27.552
E07_screen200_04279_containment_orbit_left_44_seed43279_step000_vs_step200,vjepa2_1_vit_base_224_local_ema_encoder,"{""winner"": [5, 16, 26, 37, 48, 59, 69, 80], ""loser"": [5, 16, 26, 37, 48, 59, 69, 80], ""winner_kind"": ""full"", ""loser_kind"": ""full""}",8,/home/nvme04/workspace/world_model_phys/PHYS/world_model_phys_stageA_v5_broad_lora_work/local_assets/dpo_utility_calibration_v14/objective_search/E07_screen200/rollouts/step000_v2v5/videos/04279_containment_orbit_left_44_seed43279_E07_screen200_step000_v2v5.mp4,/home/nvme04/workspace/world_model_phys/PHYS/world_model_phys_stageA_v5_broad_lora_work/local_assets/dpo_utility_calibration_v14/objective_search/E07_screen200/rollouts/step200_v2v5/videos/04279_containment_orbit_left_44_seed43279_E07_screen200_step200_v2v5.mp4,0.0,0.00247037410736084,0.00247037410736084,0.0,0.05776410549879074,0.05776410549879074,ok,,27.452
E07_screen200_04351_containment_orbit_left_44_seed43351_step000_vs_step200,vjepa2_1_vit_base_224_local_ema_encoder,"{""winner"": [5, 16, 26, 37, 48, 59, 69, 80], ""loser"": [5, 16, 26, 37, 48, 59, 69, 80], ""winner_kind"": ""full"", ""loser_kind"": ""full""}",8,/home/nvme04/workspace/world_model_phys/PHYS/world_model_phys_stageA_v5_broad_lora_work/local_assets/dpo_utility_calibration_v14/objective_search/E07_screen200/rollouts/step000_v2v5/videos/04351_containment_orbit_left_44_seed43351_E07_screen200_step000_v2v5.mp4,/home/nvme04/workspace/world_model_phys/PHYS/world_model_phys_stageA_v5_broad_lora_work/local_assets/dpo_utility_calibration_v14/objective_search/E07_screen200/rollouts/step200_v2v5/videos/04351_containment_orbit_left_44_seed43351_E07_screen200_step200_v2v5.mp4,0.0,0.0012190937995910645,0.0012190937995910645,0.0,0.05794818326830864,0.05794818326830864,ok,,26.42
E07_screen200_prefix5_anchored_1128e39109fc83_object_deformation_step000_vs_step200,vjepa2_1_vit_base_224_local_ema_encoder,"{""winner"": [5, 16, 26, 37, 48, 59, 69, 80], ""loser"": [5, 16, 26, 37, 48, 59, 69, 80], ""winner_kind"": ""full"", ""loser_kind"": ""full""}",8,/home/nvme04/workspace/world_model_phys/PHYS/world_model_phys_stageA_v5_broad_lora_work/local_assets/dpo_utility_calibration_v14/objective_search/E07_screen200/rollouts/step000_v2v5/videos/prefix5_anchored_1128e39109fc83_object_deformation_E07_screen200_step000_v2v5.mp4,/home/nvme04/workspace/world_model_phys/PHYS/world_model_phys_stageA_v5_broad_lora_work/local_assets/dpo_utility_calibration_v14/objective_search/E07_screen200/rollouts/step200_v2v5/videos/prefix5_anchored_1128e39109fc83_object_deformation_E07_screen200_step200_v2v5.mp4,0.0,0.010382771492004395,0.010382771492004395,0.0,0.10660583525896072,0.10660583525896072,ok,,22.418
E09_screen200_04214_containment_orbit_left_44_seed43214_step000_vs_step050,vjepa2_1_vit_base_224_local_ema_encoder,"{""winner"": [5, 16, 26, 37, 48, 59, 69, 80], ""loser"": [5, 16, 26, 37, 48, 59, 69, 80], ""winner_kind"": ""full"", ""loser_kind"": ""full""}",8,/home/nvme04/workspace/world_model_phys/PHYS/world_model_phys_stageA_v5_broad_lora_work/local_assets/dpo_utility_calibration_v14/objective_search/E09_screen200/rollouts/step000_v2v5/videos/04214_containment_orbit_left_44_seed43214_original_fast.mp4,/home/nvme04/workspace/world_model_phys/PHYS/world_model_phys_stageA_v5_broad_lora_work/local_assets/dpo_utility_calibration_v14/objective_search/E09_screen200/rollouts/step050_v2v5/videos/04214_containment_orbit_left_44_seed43214_original_fast.mp4,0.0,0.0060541629791259766,0.0060541629791259766,0.0,0.0731334313750267,0.0731334313750267,ok,,23.242
E09_screen200_04279_containment_orbit_left_44_seed43279_step000_vs_step050,vjepa2_1_vit_base_224_local_ema_encoder,"{""winner"": [5, 16, 26, 37, 48, 59, 69, 80], ""loser"": [5, 16, 26, 37, 48, 59, 69, 80], ""winner_kind"": ""full"", ""loser_kind"": ""full""}",8,/home/nvme04/workspace/world_model_phys/PHYS/world_model_phys_stageA_v5_broad_lora_work/local_assets/dpo_utility_calibration_v14/objective_search/E09_screen200/rollouts/step000_v2v5/videos/04279_containment_orbit_left_44_seed43279_original_fast.mp4,/home/nvme04/workspace/world_model_phys/PHYS/world_model_phys_stageA_v5_broad_lora_work/local_assets/dpo_utility_calibration_v14/objective_search/E09_screen200/rollouts/step050_v2v5/videos/04279_containment_orbit_left_44_seed43279_original_fast.mp4,0.0,0.0019084811210632324,0.0019084811210632324,0.0,0.052101753652095795,0.052101753652095795,ok,,24.424
E09_screen200_04351_containment_orbit_left_44_seed43351_step000_vs_step050,vjepa2_1_vit_base_224_local_ema_encoder,"{""winner"": [5, 16, 26, 37, 48, 59, 69, 80], ""loser"": [5, 16, 26, 37, 48, 59, 69, 80], ""winner_kind"": ""full"", ""loser_kind"": ""full""}",8,/home/nvme04/workspace/world_model_phys/PHYS/world_model_phys_stageA_v5_broad_lora_work/local_assets/dpo_utility_calibration_v14/objective_search/E09_screen200/rollouts/step000_v2v5/videos/04351_containment_orbit_left_44_seed43351_original_fast.mp4,/home/nvme04/workspace/world_model_phys/PHYS/world_model_phys_stageA_v5_broad_lora_work/local_assets/dpo_utility_calibration_v14/objective_search/E09_screen200/rollouts/step050_v2v5/videos/04351_containment_orbit_left_44_seed43351_original_fast.mp4,0.0,0.0014584064483642578,0.0014584064483642578,0.0,0.05793153867125511,0.05793153867125511,ok,,23.224
E09_screen200_prefix5_anchored_1128e39109fc83_object_deformation_step000_vs_step050,vjepa2_1_vit_base_224_local_ema_encoder,"{""winner"": [5, 16, 26, 37, 48, 59, 69, 80], ""loser"": [5, 16, 26, 37, 48, 59, 69, 80], ""winner_kind"": ""full"", ""loser_kind"": ""full""}",8,/home/nvme04/workspace/world_model_phys/PHYS/world_model_phys_stageA_v5_broad_lora_work/local_assets/dpo_utility_calibration_v14/objective_search/E09_screen200/rollouts/step000_v2v5/videos/prefix5_anchored_1128e39109fc83_object_deformation_original_fast.mp4,/home/nvme04/workspace/world_model_phys/PHYS/world_model_phys_stageA_v5_broad_lora_work/local_assets/dpo_utility_calibration_v14/objective_search/E09_screen200/rollouts/step050_v2v5/videos/prefix5_anchored_1128e39109fc83_object_deformation_original_fast.mp4,0.0,0.007237434387207031,0.007237434387207031,0.0,0.09631488472223282,0.09631488472223282,ok,,16.723
E10_screen100_04214_containment_orbit_left_44_seed43214_step000_vs_step100,vjepa2_1_vit_base_224_local_ema_encoder,"{""winner"": [5, 16, 26, 37, 48, 59, 69, 80], ""loser"": [5, 16, 26, 37, 48, 59, 69, 80], ""winner_kind"": ""full"", ""loser_kind"": ""full""}",8,/home/nvme04/workspace/world_model_phys/PHYS/world_model_phys_stageA_v5_broad_lora_work/local_assets/dpo_utility_calibration_v14/objective_search/E10_screen100/rollouts/step000_v2v5/videos/04214_containment_orbit_left_44_seed43214_original_fast.mp4,/home/nvme04/workspace/world_model_phys/PHYS/world_model_phys_stageA_v5_broad_lora_work/local_assets/dpo_utility_calibration_v14/objective_search/E10_screen100/rollouts/step100_v2v5/videos/04214_containment_orbit_left_44_seed43214_original_fast.mp4,0.0,0.0022358298301696777,0.0022358298301696777,0.0,0.05159546434879303,0.05159546434879303,ok,,20.032
E10_screen100_04279_containment_orbit_left_44_seed43279_step000_vs_step100,vjepa2_1_vit_base_224_local_ema_encoder,"{""winner"": [5, 16, 26, 37, 48, 59, 69, 80], ""loser"": [5, 16, 26, 37, 48, 59, 69, 80], ""winner_kind"": ""full"", ""loser_kind"": ""full""}",8,/home/nvme04/workspace/world_model_phys/PHYS/world_model_phys_stageA_v5_broad_lora_work/local_assets/dpo_utility_calibration_v14/objective_search/E10_screen100/rollouts/step000_v2v5/videos/04279_containment_orbit_left_44_seed43279_original_fast.mp4,/home/nvme04/workspace/world_model_phys/PHYS/world_model_phys_stageA_v5_broad_lora_work/local_assets/dpo_utility_calibration_v14/objective_search/E10_screen100/rollouts/step100_v2v5/videos/04279_containment_orbit_left_44_seed43279_original_fast.mp4,0.0,0.0031191110610961914,0.0031191110610961914,0.0,0.054163072258234024,0.054163072258234024,ok,,27.08
E10_screen100_04351_containment_orbit_left_44_seed43351_step000_vs_step100,vjepa2_1_vit_base_224_local_ema_encoder,"{""winner"": [5, 16, 26, 37, 48, 59, 69, 80], ""loser"": [5, 16, 26, 37, 48, 59, 69, 80], ""winner_kind"": ""full"", ""loser_kind"": ""full""}",8,/home/nvme04/workspace/world_model_phys/PHYS/world_model_phys_stageA_v5_broad_lora_work/local_assets/dpo_utility_calibration_v14/objective_search/E10_screen100/rollouts/step000_v2v5/videos/04351_containment_orbit_left_44_seed43351_original_fast.mp4,/home/nvme04/workspace/world_model_phys/PHYS/world_model_phys_stageA_v5_broad_lora_work/local_assets/dpo_utility_calibration_v14/objective_search/E10_screen100/rollouts/step100_v2v5/videos/04351_containment_orbit_left_44_seed43351_original_fast.mp4,0.0,0.001590430736541748,0.001590430736541748,0.0,0.06045518070459366,0.06045518070459366,ok,,18.885
E10_screen100_prefix5_anchored_1128e39109fc83_object_deformation_step000_vs_step100,vjepa2_1_vit_base_224_local_ema_encoder,"{""winner"": [5, 16, 26, 37, 48, 59, 69, 80], ""loser"": [5, 16, 26, 37, 48, 59, 69, 80], ""winner_kind"": ""full"", ""loser_kind"": ""full""}",8,/home/nvme04/workspace/world_model_phys/PHYS/world_model_phys_stageA_v5_broad_lora_work/local_assets/dpo_utility_calibration_v14/objective_search/E10_screen100/rollouts/step000_v2v5/videos/prefix5_anchored_1128e39109fc83_object_deformation_original_fast.mp4,/home/nvme04/workspace/world_model_phys/PHYS/world_model_phys_stageA_v5_broad_lora_work/local_assets/dpo_utility_calibration_v14/objective_search/E10_screen100/rollouts/step100_v2v5/videos/prefix5_anchored_1128e39109fc83_object_deformation_original_fast.mp4,0.0,0.0033361315727233887,0.0033361315727233887,0.0,0.08488648384809494,0.08488648384809494,ok,,12.799
