pair_index,pair_type,pair_source,failure_type,condition_id,per_pair_decision,cache_root,pair_manifest_path,summary_path,step,pair_id,scope,objective,used_window_frames,timestep,actual_sigma,pair_weight,E_ref_winner_cached,E_ref_loser_cached,Delta_ref,E_policy_winner_pre,E_policy_loser_pre,Delta_policy_pre,E_policy_winner_post,E_policy_loser_post,Delta_policy_post,winner_improvement_pre,winner_improvement_post,loser_degradation_pre,loser_degradation_post,reference_relative_margin_pre,reference_relative_margin_post,winner_contribution_ratio_pre,winner_contribution_ratio_post,u_raw_pre,u_raw_post,u_clipped,lambda_loser,lambda_winner_anchor,dpo_loss,objective_loss,grad_norm,update_norm,lora_param_norm,lr,allocated_gb,reserved_gb,max_allocated_gb,step_time,finite,status,error_reason
0,GT_C,rollout,containment_failure,v6b_04228_containment_orbit_left_44_seed43228,S_PASS,local_assets/dpo_objective_repair_v12b/winner_anchor_diag/cache_L0_camera_r4/000_v6b_GT_C_007_04228_containment_orbit_left_44_seed43228,reports/dpo_objective_repair_v12b/winner_anchor_diag/tmp_pair_manifests/000_v6b_GT_C_007_04228_containment_orbit_left_44_seed43228.jsonl,reports/dpo_objective_repair_v12b/winner_anchor_diag/per_pair_runs/000_v6b_GT_C_007_04228_containment_orbit_left_44_seed43228_L0_camera_r4_5step.summary.json,0,v6b_GT_C_007_04228_containment_orbit_left_44_seed43228,L0_camera_r4,winner_anchor_repeat,49,349.5545349121094,0.34955453872680664,1.0,0.782721757888794,0.8170607686042786,0.03433901071548462,0.782721757888794,0.8170607686042786,0.03433901071548462,0.7826676964759827,0.8170150518417358,0.034347355365753174,0.0,5.40614128112793e-05,0.0,-4.571676254272461e-05,0.0,8.344650268554688e-06,0.0,1.0,0.0,8.344650268554688e-06,8.344650268554688e-06,0.0,1.0,0.0,0.782721757888794,0.12352657912744386,0.0017529207565753094,14.607263405427764,1e-06,35.04697561264038,58.2265625,56.603267192840576,109.51361227035522,True,PASS,
0,GT_C,rollout,containment_failure,v6b_04228_containment_orbit_left_44_seed43228,S_PASS,local_assets/dpo_objective_repair_v12b/winner_anchor_diag/cache_L0_camera_r4/000_v6b_GT_C_007_04228_containment_orbit_left_44_seed43228,reports/dpo_objective_repair_v12b/winner_anchor_diag/tmp_pair_manifests/000_v6b_GT_C_007_04228_containment_orbit_left_44_seed43228.jsonl,reports/dpo_objective_repair_v12b/winner_anchor_diag/per_pair_runs/000_v6b_GT_C_007_04228_containment_orbit_left_44_seed43228_L0_camera_r4_5step.summary.json,1,v6b_GT_C_007_04228_containment_orbit_left_44_seed43228,L0_camera_r4,winner_anchor_repeat,49,349.5545349121094,0.34955453872680664,1.0,0.782721757888794,0.8170607686042786,0.03433901071548462,0.7826095819473267,0.816983699798584,0.034374117851257324,0.7825327515602112,0.8170382976531982,0.03450554609298706,0.00011217594146728516,0.00018900632858276367,-7.706880569458008e-05,-2.2470951080322266e-05,3.510713577270508e-05,0.0001665353775024414,1.0,1.0,3.510713577270508e-05,0.0001665353775024414,0.0001665353775024414,0.0,1.0,0.0,0.7825236916542053,0.12354197582113695,0.0019001210551583055,14.607272297949066,1e-06,35.04697561264038,58.244140625,56.65237998962402,94.40562844276428,True,PASS,
0,GT_C,rollout,containment_failure,v6b_04228_containment_orbit_left_44_seed43228,S_PASS,local_assets/dpo_objective_repair_v12b/winner_anchor_diag/cache_L0_camera_r4/000_v6b_GT_C_007_04228_containment_orbit_left_44_seed43228,reports/dpo_objective_repair_v12b/winner_anchor_diag/tmp_pair_manifests/000_v6b_GT_C_007_04228_containment_orbit_left_44_seed43228.jsonl,reports/dpo_objective_repair_v12b/winner_anchor_diag/per_pair_runs/000_v6b_GT_C_007_04228_containment_orbit_left_44_seed43228_L0_camera_r4_5step.summary.json,2,v6b_GT_C_007_04228_containment_orbit_left_44_seed43228,L0_camera_r4,winner_anchor_repeat,49,349.5545349121094,0.34955453872680664,1.0,0.782721757888794,0.8170607686042786,0.03433901071548462,0.7825575470924377,0.8170870542526245,0.03452950716018677,0.782761812210083,0.8171631693840027,0.03440135717391968,0.00016421079635620117,-4.00543212890625e-05,2.6285648345947266e-05,0.0001024007797241211,0.00019049644470214844,6.23464584350586e-05,0.8620150187734669,0.0,0.00019049644470214844,6.23464584350586e-05,6.23464584350586e-05,0.0,1.0,0.0,0.7826113700866699,0.12397089507513653,0.0019867097738562947,14.607283704644184,1e-06,35.04790687561035,58.224609375,56.65237998962402,93.2659022808075,True,PASS,
0,GT_C,rollout,containment_failure,v6b_04228_containment_orbit_left_44_seed43228,S_PASS,local_assets/dpo_objective_repair_v12b/winner_anchor_diag/cache_L0_camera_r4/000_v6b_GT_C_007_04228_containment_orbit_left_44_seed43228,reports/dpo_objective_repair_v12b/winner_anchor_diag/tmp_pair_manifests/000_v6b_GT_C_007_04228_containment_orbit_left_44_seed43228.jsonl,reports/dpo_objective_repair_v12b/winner_anchor_diag/per_pair_runs/000_v6b_GT_C_007_04228_containment_orbit_left_44_seed43228_L0_camera_r4_5step.summary.json,3,v6b_GT_C_007_04228_containment_orbit_left_44_seed43228,L0_camera_r4,winner_anchor_repeat,49,349.5545349121094,0.34955453872680664,1.0,0.782721757888794,0.8170607686042786,0.03433901071548462,0.7826321125030518,0.816978394985199,0.03434628248214722,0.7825963497161865,0.8169509172439575,0.034354567527770996,8.96453857421875e-05,0.00012540817260742188,-8.237361907958984e-05,-0.00010985136032104492,7.271766662597656e-06,1.5556812286376953e-05,1.0,1.0,7.271766662597656e-06,1.5556812286376953e-05,1.5556812286376953e-05,0.0,1.0,0.0,0.7825431823730469,0.12447439267992823,0.0020463420761163633,14.607296746999355,1e-06,35.04716634750366,58.228515625,56.65237998962402,94.5799469947815,True,PASS,
0,GT_C,rollout,containment_failure,v6b_04228_containment_orbit_left_44_seed43228,S_PASS,local_assets/dpo_objective_repair_v12b/winner_anchor_diag/cache_L0_camera_r4/000_v6b_GT_C_007_04228_containment_orbit_left_44_seed43228,reports/dpo_objective_repair_v12b/winner_anchor_diag/tmp_pair_manifests/000_v6b_GT_C_007_04228_containment_orbit_left_44_seed43228.jsonl,reports/dpo_objective_repair_v12b/winner_anchor_diag/per_pair_runs/000_v6b_GT_C_007_04228_containment_orbit_left_44_seed43228_L0_camera_r4_5step.summary.json,4,v6b_GT_C_007_04228_containment_orbit_left_44_seed43228,L0_camera_r4,winner_anchor_repeat,49,349.5545349121094,0.34955453872680664,1.0,0.782721757888794,0.8170607686042786,0.03433901071548462,0.7826311588287354,0.8171365857124329,0.03450542688369751,0.7825734615325928,0.8170998692512512,0.03452640771865845,9.059906005859375e-05,0.00014829635620117188,7.581710815429688e-05,3.910064697265625e-05,0.00016641616821289062,0.00018739700317382812,0.5444126074498568,0.7913486005089059,0.00016641616821289062,0.00018739700317382812,0.00018739700317382812,0.0,1.0,0.0,0.7826152443885803,0.12510230555281823,0.0020925169293379794,14.60731102395806,1e-06,35.04790687561035,58.6171875,56.653695583343506,92.63736915588379,True,PASS,
1,GT_C,rollout,containment_failure,v6b_04209_containment_orbit_left_44_seed43209,S_FAIL,local_assets/dpo_objective_repair_v12b/winner_anchor_diag/cache_L0_camera_r4/001_v6b_GT_C_005_04209_containment_orbit_left_44_seed43209,reports/dpo_objective_repair_v12b/winner_anchor_diag/tmp_pair_manifests/001_v6b_GT_C_005_04209_containment_orbit_left_44_seed43209.jsonl,reports/dpo_objective_repair_v12b/winner_anchor_diag/per_pair_runs/001_v6b_GT_C_005_04209_containment_orbit_left_44_seed43209_L0_camera_r4_5step.summary.json,0,v6b_GT_C_005_04209_containment_orbit_left_44_seed43209,L0_camera_r4,winner_anchor_repeat,49,349.5545349121094,0.34955453872680664,1.0,0.810210645198822,0.9399484395980835,0.12973779439926147,0.810210645198822,0.9399484395980835,0.12973779439926147,0.8103488087654114,0.9399583339691162,0.12960952520370483,0.0,-0.00013816356658935547,0.0,9.894371032714844e-06,0.0,-0.00012826919555664062,0.0,0.0,0.0,-0.00012826919555664062,-0.00012826919555664062,0.0,1.0,0.0,0.810210645198822,0.21495662262528348,0.0017550894490353456,14.603600650470984,1e-06,35.04697561264038,57.814453125,56.60155916213989,92.86294722557068,True,PASS,
1,GT_C,rollout,containment_failure,v6b_04209_containment_orbit_left_44_seed43209,S_FAIL,local_assets/dpo_objective_repair_v12b/winner_anchor_diag/cache_L0_camera_r4/001_v6b_GT_C_005_04209_containment_orbit_left_44_seed43209,reports/dpo_objective_repair_v12b/winner_anchor_diag/tmp_pair_manifests/001_v6b_GT_C_005_04209_containment_orbit_left_44_seed43209.jsonl,reports/dpo_objective_repair_v12b/winner_anchor_diag/per_pair_runs/001_v6b_GT_C_005_04209_containment_orbit_left_44_seed43209_L0_camera_r4_5step.summary.json,1,v6b_GT_C_005_04209_containment_orbit_left_44_seed43209,L0_camera_r4,winner_anchor_repeat,49,349.5545349121094,0.34955453872680664,1.0,0.810210645198822,0.9399484395980835,0.12973779439926147,0.8102923631668091,0.9399913549423218,0.1296989917755127,0.8101980686187744,0.940216600894928,0.13001853227615356,-8.171796798706055e-05,1.2576580047607422e-05,4.291534423828125e-05,0.0002681612968444824,-3.88026237487793e-05,0.00028073787689208984,0.0,0.04479830148619957,-3.88026237487793e-05,0.00028073787689208984,0.00028073787689208984,0.0,1.0,0.0,0.8103310465812683,0.2148945620332356,0.0019149886167750697,14.603610082612732,1e-06,35.04697561264038,57.814453125,56.650630474090576,93.14088702201843,True,PASS,
1,GT_C,rollout,containment_failure,v6b_04209_containment_orbit_left_44_seed43209,S_FAIL,local_assets/dpo_objective_repair_v12b/winner_anchor_diag/cache_L0_camera_r4/001_v6b_GT_C_005_04209_containment_orbit_left_44_seed43209,reports/dpo_objective_repair_v12b/winner_anchor_diag/tmp_pair_manifests/001_v6b_GT_C_005_04209_containment_orbit_left_44_seed43209.jsonl,reports/dpo_objective_repair_v12b/winner_anchor_diag/per_pair_runs/001_v6b_GT_C_005_04209_containment_orbit_left_44_seed43209_L0_camera_r4_5step.summary.json,2,v6b_GT_C_005_04209_containment_orbit_left_44_seed43209,L0_camera_r4,winner_anchor_repeat,49,349.5545349121094,0.34955453872680664,1.0,0.810210645198822,0.9399484395980835,0.12973779439926147,0.8102891445159912,0.9398705959320068,0.12958145141601562,0.8102467060089111,0.9400315880775452,0.12978488206863403,-7.849931716918945e-05,-3.606081008911133e-05,-7.784366607666016e-05,8.314847946166992e-05,-0.0001563429832458496,4.7087669372558594e-05,0.0,0.0,-0.0001563429832458496,4.7087669372558594e-05,4.7087669372558594e-05,0.0,1.0,0.0,0.8102669715881348,0.21566921845383105,0.0020052433831306417,14.6036222145484,1e-06,35.04697561264038,57.814453125,56.651198863983154,93.10643768310547,True,PASS,
1,GT_C,rollout,containment_failure,v6b_04209_containment_orbit_left_44_seed43209,S_FAIL,local_assets/dpo_objective_repair_v12b/winner_anchor_diag/cache_L0_camera_r4/001_v6b_GT_C_005_04209_containment_orbit_left_44_seed43209,reports/dpo_objective_repair_v12b/winner_anchor_diag/tmp_pair_manifests/001_v6b_GT_C_005_04209_containment_orbit_left_44_seed43209.jsonl,reports/dpo_objective_repair_v12b/winner_anchor_diag/per_pair_runs/001_v6b_GT_C_005_04209_containment_orbit_left_44_seed43209_L0_camera_r4_5step.summary.json,3,v6b_GT_C_005_04209_containment_orbit_left_44_seed43209,L0_camera_r4,winner_anchor_repeat,49,349.5545349121094,0.34955453872680664,1.0,0.810210645198822,0.9399484395980835,0.12973779439926147,0.8102592825889587,0.940039873123169,0.1297805905342102,0.810296356678009,0.9397061467170715,0.1294097900390625,-4.863739013671875e-05,-8.571147918701172e-05,9.143352508544922e-05,-0.0002422928810119629,4.279613494873047e-05,-0.0003280043601989746,0.0,0.0,4.279613494873047e-05,-0.0003280043601989746,-0.0003280043601989746,0.0,1.0,0.0,0.8101893067359924,0.21678074487981935,0.0020691466121532977,14.60363609619039,1e-06,35.04697561264038,58.201171875,56.652554988861084,91.62084150314331,True,PASS,
1,GT_C,rollout,containment_failure,v6b_04209_containment_orbit_left_44_seed43209,S_FAIL,local_assets/dpo_objective_repair_v12b/winner_anchor_diag/cache_L0_camera_r4/001_v6b_GT_C_005_04209_containment_orbit_left_44_seed43209,reports/dpo_objective_repair_v12b/winner_anchor_diag/tmp_pair_manifests/001_v6b_GT_C_005_04209_containment_orbit_left_44_seed43209.jsonl,reports/dpo_objective_repair_v12b/winner_anchor_diag/per_pair_runs/001_v6b_GT_C_005_04209_containment_orbit_left_44_seed43209_L0_camera_r4_5step.summary.json,4,v6b_GT_C_005_04209_containment_orbit_left_44_seed43209,L0_camera_r4,winner_anchor_repeat,49,349.5545349121094,0.34955453872680664,1.0,0.810210645198822,0.9399484395980835,0.12973779439926147,0.8102352619171143,0.9399955868721008,0.12976032495498657,0.810280442237854,0.9400615096092224,0.1297810673713684,-2.4616718292236328e-05,-6.979703903198242e-05,4.7147274017333984e-05,0.00011307001113891602,2.2530555725097656e-05,4.3272972106933594e-05,0.0,0.0,2.2530555725097656e-05,4.3272972106933594e-05,4.3272972106933594e-05,0.0,1.0,0.0,0.8103270530700684,0.21774479210845016,0.0021183008285374943,14.603651142806026,1e-06,35.04697561264038,58.193359375,56.652554988861084,93.69353151321411,True,PASS,
2,TypeM_v10_synthetic_visible,synthetic,foreground_identity_color_shift,01038_drop_orbit_left_72_seed40038,S_PASS,local_assets/dpo_objective_repair_v12b/winner_anchor_diag/cache_L0_camera_r4/002_v10_TypeM_071_01038_drop_orbit_left_72_seed40038_foreground_identity_color_shift,reports/dpo_objective_repair_v12b/winner_anchor_diag/tmp_pair_manifests/002_v10_TypeM_071_01038_drop_orbit_left_72_seed40038_foreground_identity_color_shift.jsonl,reports/dpo_objective_repair_v12b/winner_anchor_diag/per_pair_runs/002_v10_TypeM_071_01038_drop_orbit_left_72_seed40038_foreground_identity_color_shift_L0_camera_r4_5step.summary.json,0,v10_TypeM_071_01038_drop_orbit_left_72_seed40038_foreground_identity_color_shift,L0_camera_r4,winner_anchor_repeat,49,349.5545349121094,0.34955453872680664,1.0,0.7348113656044006,0.7403198480606079,0.005508482456207275,0.7348113656044006,0.7403198480606079,0.005508482456207275,0.7346934676170349,0.7402342557907104,0.005540788173675537,0.0,0.00011789798736572266,0.0,-8.559226989746094e-05,0.0,3.230571746826172e-05,0.0,1.0,0.0,3.230571746826172e-05,3.230571746826172e-05,0.0,1.0,0.0,0.7348113656044006,0.11732559307141283,0.0017492558460070506,14.606438765688484,1e-06,35.047006130218506,57.814453125,56.60158967971802,91.89026880264282,True,PASS,
2,TypeM_v10_synthetic_visible,synthetic,foreground_identity_color_shift,01038_drop_orbit_left_72_seed40038,S_PASS,local_assets/dpo_objective_repair_v12b/winner_anchor_diag/cache_L0_camera_r4/002_v10_TypeM_071_01038_drop_orbit_left_72_seed40038_foreground_identity_color_shift,reports/dpo_objective_repair_v12b/winner_anchor_diag/tmp_pair_manifests/002_v10_TypeM_071_01038_drop_orbit_left_72_seed40038_foreground_identity_color_shift.jsonl,reports/dpo_objective_repair_v12b/winner_anchor_diag/per_pair_runs/002_v10_TypeM_071_01038_drop_orbit_left_72_seed40038_foreground_identity_color_shift_L0_camera_r4_5step.summary.json,1,v10_TypeM_071_01038_drop_orbit_left_72_seed40038_foreground_identity_color_shift,L0_camera_r4,winner_anchor_repeat,49,349.5545349121094,0.34955453872680664,1.0,0.7348113656044006,0.7403198480606079,0.005508482456207275,0.7346860766410828,0.7402328252792358,0.005546748638153076,0.7347285151481628,0.7402477264404297,0.005519211292266846,0.0001252889633178711,8.285045623779297e-05,-8.702278137207031e-05,-7.212162017822266e-05,3.826618194580078e-05,1.0728836059570312e-05,1.0,1.0,3.826618194580078e-05,1.0728836059570312e-05,1.0728836059570312e-05,0.0,1.0,0.0,0.7347373962402344,0.11728962953575499,0.0018927812498276075,14.606447525909687,1e-06,35.047006130218506,57.814453125,56.6506609916687,93.7895781993866,True,PASS,
2,TypeM_v10_synthetic_visible,synthetic,foreground_identity_color_shift,01038_drop_orbit_left_72_seed40038,S_PASS,local_assets/dpo_objective_repair_v12b/winner_anchor_diag/cache_L0_camera_r4/002_v10_TypeM_071_01038_drop_orbit_left_72_seed40038_foreground_identity_color_shift,reports/dpo_objective_repair_v12b/winner_anchor_diag/tmp_pair_manifests/002_v10_TypeM_071_01038_drop_orbit_left_72_seed40038_foreground_identity_color_shift.jsonl,reports/dpo_objective_repair_v12b/winner_anchor_diag/per_pair_runs/002_v10_TypeM_071_01038_drop_orbit_left_72_seed40038_foreground_identity_color_shift_L0_camera_r4_5step.summary.json,2,v10_TypeM_071_01038_drop_orbit_left_72_seed40038_foreground_identity_color_shift,L0_camera_r4,winner_anchor_repeat,49,349.5545349121094,0.34955453872680664,1.0,0.7348113656044006,0.7403198480606079,0.005508482456207275,0.7348199486732483,0.7402885556221008,0.005468606948852539,0.7347375154495239,0.7402287125587463,0.005491197109222412,-8.58306884765625e-06,7.385015487670898e-05,-3.129243850708008e-05,-9.113550186157227e-05,-3.987550735473633e-05,-1.728534698486328e-05,0.0,1.0,-3.987550735473633e-05,-1.728534698486328e-05,-1.728534698486328e-05,0.0,1.0,0.0,0.7348012328147888,0.11781659460897743,0.00197864450853098,14.606458871268424,1e-06,35.047006130218506,57.814453125,56.65122938156128,92.79605627059937,True,PASS,
2,TypeM_v10_synthetic_visible,synthetic,foreground_identity_color_shift,01038_drop_orbit_left_72_seed40038,S_PASS,local_assets/dpo_objective_repair_v12b/winner_anchor_diag/cache_L0_camera_r4/002_v10_TypeM_071_01038_drop_orbit_left_72_seed40038_foreground_identity_color_shift,reports/dpo_objective_repair_v12b/winner_anchor_diag/tmp_pair_manifests/002_v10_TypeM_071_01038_drop_orbit_left_72_seed40038_foreground_identity_color_shift.jsonl,reports/dpo_objective_repair_v12b/winner_anchor_diag/per_pair_runs/002_v10_TypeM_071_01038_drop_orbit_left_72_seed40038_foreground_identity_color_shift_L0_camera_r4_5step.summary.json,3,v10_TypeM_071_01038_drop_orbit_left_72_seed40038_foreground_identity_color_shift,L0_camera_r4,winner_anchor_repeat,49,349.5545349121094,0.34955453872680664,1.0,0.7348113656044006,0.7403198480606079,0.005508482456207275,0.7347849607467651,0.7403112649917603,0.005526304244995117,0.7348247170448303,0.740382194519043,0.0055574774742126465,2.6404857635498047e-05,-1.33514404296875e-05,-8.58306884765625e-06,6.23464584350586e-05,1.7821788787841797e-05,4.8995018005371094e-05,1.0,0.0,1.7821788787841797e-05,4.8995018005371094e-05,4.8995018005371094e-05,0.0,1.0,0.0,0.734731912612915,0.11835081244338101,0.0020392331063736006,14.60647178506315,1e-06,35.047006130218506,58.203125,56.65258550643921,91.94624853134155,True,PASS,
2,TypeM_v10_synthetic_visible,synthetic,foreground_identity_color_shift,01038_drop_orbit_left_72_seed40038,S_PASS,local_assets/dpo_objective_repair_v12b/winner_anchor_diag/cache_L0_camera_r4/002_v10_TypeM_071_01038_drop_orbit_left_72_seed40038_foreground_identity_color_shift,reports/dpo_objective_repair_v12b/winner_anchor_diag/tmp_pair_manifests/002_v10_TypeM_071_01038_drop_orbit_left_72_seed40038_foreground_identity_color_shift.jsonl,reports/dpo_objective_repair_v12b/winner_anchor_diag/per_pair_runs/002_v10_TypeM_071_01038_drop_orbit_left_72_seed40038_foreground_identity_color_shift_L0_camera_r4_5step.summary.json,4,v10_TypeM_071_01038_drop_orbit_left_72_seed40038_foreground_identity_color_shift,L0_camera_r4,winner_anchor_repeat,49,349.5545349121094,0.34955453872680664,1.0,0.7348113656044006,0.7403198480606079,0.005508482456207275,0.7348262667655945,0.7402990460395813,0.005472779273986816,0.7347815632820129,0.7402304410934448,0.005448877811431885,-1.4901161193847656e-05,2.9802322387695312e-05,-2.0802021026611328e-05,-8.940696716308594e-05,-3.5703182220458984e-05,-5.9604644775390625e-05,0.0,1.0,-3.5703182220458984e-05,-5.9604644775390625e-05,-5.9604644775390625e-05,0.0,1.0,0.0,0.7347831726074219,0.11897179154465055,0.002087995828852265,14.606486010486705,1e-06,35.047006130218506,58.1953125,56.65258550643921,93.11658430099487,True,PASS,
3,TypeM_v10_synthetic_visible,synthetic,foreground_identity_color_shift,01014_drop_orbit_left_72_seed40014,S_PASS,local_assets/dpo_objective_repair_v12b/winner_anchor_diag/cache_L0_camera_r4/003_v10_TypeM_067_01014_drop_orbit_left_72_seed40014_foreground_identity_color_shift,reports/dpo_objective_repair_v12b/winner_anchor_diag/tmp_pair_manifests/003_v10_TypeM_067_01014_drop_orbit_left_72_seed40014_foreground_identity_color_shift.jsonl,reports/dpo_objective_repair_v12b/winner_anchor_diag/per_pair_runs/003_v10_TypeM_067_01014_drop_orbit_left_72_seed40014_foreground_identity_color_shift_L0_camera_r4_5step.summary.json,0,v10_TypeM_067_01014_drop_orbit_left_72_seed40014_foreground_identity_color_shift,L0_camera_r4,winner_anchor_repeat,49,349.5545349121094,0.34955453872680664,1.0,0.7200694680213928,0.7255395650863647,0.005470097064971924,0.7200694680213928,0.7255395650863647,0.005470097064971924,0.7199684381484985,0.7255802154541016,0.005611777305603027,0.0,0.00010102987289428711,0.0,4.0650367736816406e-05,0.0,0.00014168024063110352,0.0,0.713083718973496,0.0,0.00014168024063110352,0.00014168024063110352,0.0,1.0,0.0,0.7200694680213928,0.12644433123076707,0.0017488512613863059,14.604560016384612,1e-06,35.047006130218506,57.814453125,56.60158967971802,92.4176595211029,True,PASS,
3,TypeM_v10_synthetic_visible,synthetic,foreground_identity_color_shift,01014_drop_orbit_left_72_seed40014,S_PASS,local_assets/dpo_objective_repair_v12b/winner_anchor_diag/cache_L0_camera_r4/003_v10_TypeM_067_01014_drop_orbit_left_72_seed40014_foreground_identity_color_shift,reports/dpo_objective_repair_v12b/winner_anchor_diag/tmp_pair_manifests/003_v10_TypeM_067_01014_drop_orbit_left_72_seed40014_foreground_identity_color_shift.jsonl,reports/dpo_objective_repair_v12b/winner_anchor_diag/per_pair_runs/003_v10_TypeM_067_01014_drop_orbit_left_72_seed40014_foreground_identity_color_shift_L0_camera_r4_5step.summary.json,1,v10_TypeM_067_01014_drop_orbit_left_72_seed40014_foreground_identity_color_shift,L0_camera_r4,winner_anchor_repeat,49,349.5545349121094,0.34955453872680664,1.0,0.7200694680213928,0.7255395650863647,0.005470097064971924,0.7200701832771301,0.7255882024765015,0.005518019199371338,0.7200031280517578,0.7256464958190918,0.005643367767333984,-7.152557373046875e-07,6.633996963500977e-05,4.863739013671875e-05,0.00010693073272705078,4.792213439941406e-05,0.00017327070236206055,0.0,0.3828689370485036,4.792213439941406e-05,0.00017327070236206055,0.00017327070236206055,0.0,1.0,0.0,0.7200291752815247,0.1264192602544085,0.0018895093776355137,14.604568508893859,1e-06,35.047006130218506,57.814453125,56.6506609916687,95.44753932952881,True,PASS,
3,TypeM_v10_synthetic_visible,synthetic,foreground_identity_color_shift,01014_drop_orbit_left_72_seed40014,S_PASS,local_assets/dpo_objective_repair_v12b/winner_anchor_diag/cache_L0_camera_r4/003_v10_TypeM_067_01014_drop_orbit_left_72_seed40014_foreground_identity_color_shift,reports/dpo_objective_repair_v12b/winner_anchor_diag/tmp_pair_manifests/003_v10_TypeM_067_01014_drop_orbit_left_72_seed40014_foreground_identity_color_shift.jsonl,reports/dpo_objective_repair_v12b/winner_anchor_diag/per_pair_runs/003_v10_TypeM_067_01014_drop_orbit_left_72_seed40014_foreground_identity_color_shift_L0_camera_r4_5step.summary.json,2,v10_TypeM_067_01014_drop_orbit_left_72_seed40014_foreground_identity_color_shift,L0_camera_r4,winner_anchor_repeat,49,349.5545349121094,0.34955453872680664,1.0,0.7200694680213928,0.7255395650863647,0.005470097064971924,0.7199119925498962,0.7255606651306152,0.005648672580718994,0.7200537919998169,0.7255985736846924,0.005544781684875488,0.00015747547149658203,1.5676021575927734e-05,2.110004425048828e-05,5.900859832763672e-05,0.0001785755157470703,7.468461990356445e-05,0.8818424566088118,0.20989624900239426,0.0001785755157470703,7.468461990356445e-05,7.468461990356445e-05,0.0,1.0,0.0,0.7200251817703247,0.1268934205424865,0.001975658124151832,14.604579600221141,1e-06,35.047006130218506,57.814453125,56.65122938156128,95.36003041267395,True,PASS,
3,TypeM_v10_synthetic_visible,synthetic,foreground_identity_color_shift,01014_drop_orbit_left_72_seed40014,S_PASS,local_assets/dpo_objective_repair_v12b/winner_anchor_diag/cache_L0_camera_r4/003_v10_TypeM_067_01014_drop_orbit_left_72_seed40014_foreground_identity_color_shift,reports/dpo_objective_repair_v12b/winner_anchor_diag/tmp_pair_manifests/003_v10_TypeM_067_01014_drop_orbit_left_72_seed40014_foreground_identity_color_shift.jsonl,reports/dpo_objective_repair_v12b/winner_anchor_diag/per_pair_runs/003_v10_TypeM_067_01014_drop_orbit_left_72_seed40014_foreground_identity_color_shift_L0_camera_r4_5step.summary.json,3,v10_TypeM_067_01014_drop_orbit_left_72_seed40014_foreground_identity_color_shift,L0_camera_r4,winner_anchor_repeat,49,349.5545349121094,0.34955453872680664,1.0,0.7200694680213928,0.7255395650863647,0.005470097064971924,0.7199963331222534,0.7256708145141602,0.005674481391906738,0.7200316190719604,0.725664496421814,0.005632877349853516,7.31348991394043e-05,3.784894943237305e-05,0.00013124942779541016,0.00012493133544921875,0.00020438432693481445,0.0001627802848815918,0.357830271216098,0.2325155620651776,0.00020438432693481445,0.0001627802848815918,0.0001627802848815918,0.0,1.0,0.0,0.7200631499290466,0.12742268530916898,0.0020367927450333557,14.604592216980576,1e-06,35.047006130218506,58.203125,56.65258550643921,93.91245126724243,True,PASS,
3,TypeM_v10_synthetic_visible,synthetic,foreground_identity_color_shift,01014_drop_orbit_left_72_seed40014,S_PASS,local_assets/dpo_objective_repair_v12b/winner_anchor_diag/cache_L0_camera_r4/003_v10_TypeM_067_01014_drop_orbit_left_72_seed40014_foreground_identity_color_shift,reports/dpo_objective_repair_v12b/winner_anchor_diag/tmp_pair_manifests/003_v10_TypeM_067_01014_drop_orbit_left_72_seed40014_foreground_identity_color_shift.jsonl,reports/dpo_objective_repair_v12b/winner_anchor_diag/per_pair_runs/003_v10_TypeM_067_01014_drop_orbit_left_72_seed40014_foreground_identity_color_shift_L0_camera_r4_5step.summary.json,4,v10_TypeM_067_01014_drop_orbit_left_72_seed40014_foreground_identity_color_shift,L0_camera_r4,winner_anchor_repeat,49,349.5545349121094,0.34955453872680664,1.0,0.7200694680213928,0.7255395650863647,0.005470097064971924,0.7200453877449036,0.7256515026092529,0.005606114864349365,0.7200400233268738,0.7255542278289795,0.005514204502105713,2.4080276489257812e-05,2.944469451904297e-05,0.0001119375228881836,1.4662742614746094e-05,0.0001360177993774414,4.410743713378906e-05,0.17703768624014024,0.6675675675675675,0.0001360177993774414,4.410743713378906e-05,4.410743713378906e-05,0.0,1.0,0.0,0.7200151085853577,0.1280044899715732,0.002085729915062285,14.604606191996886,1e-06,35.047006130218506,58.1953125,56.65258550643921,113.63311982154846,True,PASS,
4,TypeM_v10_synthetic_visible,synthetic,foreground_identity_color_shift,01108_drop_orbit_left_72_seed40108,S_FAIL,local_assets/dpo_objective_repair_v12b/winner_anchor_diag/cache_L0_camera_r4/004_v10_TypeM_079_01108_drop_orbit_left_72_seed40108_foreground_identity_color_shift,reports/dpo_objective_repair_v12b/winner_anchor_diag/tmp_pair_manifests/004_v10_TypeM_079_01108_drop_orbit_left_72_seed40108_foreground_identity_color_shift.jsonl,reports/dpo_objective_repair_v12b/winner_anchor_diag/per_pair_runs/004_v10_TypeM_079_01108_drop_orbit_left_72_seed40108_foreground_identity_color_shift_L0_camera_r4_5step.summary.json,0,v10_TypeM_079_01108_drop_orbit_left_72_seed40108_foreground_identity_color_shift,L0_camera_r4,winner_anchor_repeat,49,349.5545349121094,0.34955453872680664,1.0,0.7578510642051697,0.761500895023346,0.0036498308181762695,0.7578510642051697,0.761500895023346,0.0036498308181762695,0.7579901218414307,0.7615053653717041,0.0035152435302734375,0.0,-0.00013905763626098633,0.0,4.470348358154297e-06,0.0,-0.00013458728790283203,0.0,0.0,0.0,-0.00013458728790283203,-0.00013458728790283203,0.0,1.0,0.0,0.7578510642051697,0.14630068861021417,0.0017508931246082058,14.603400903909437,1e-06,35.047006130218506,57.814453125,56.60158967971802,92.40193605422974,True,PASS,
4,TypeM_v10_synthetic_visible,synthetic,foreground_identity_color_shift,01108_drop_orbit_left_72_seed40108,S_FAIL,local_assets/dpo_objective_repair_v12b/winner_anchor_diag/cache_L0_camera_r4/004_v10_TypeM_079_01108_drop_orbit_left_72_seed40108_foreground_identity_color_shift,reports/dpo_objective_repair_v12b/winner_anchor_diag/tmp_pair_manifests/004_v10_TypeM_079_01108_drop_orbit_left_72_seed40108_foreground_identity_color_shift.jsonl,reports/dpo_objective_repair_v12b/winner_anchor_diag/per_pair_runs/004_v10_TypeM_079_01108_drop_orbit_left_72_seed40108_foreground_identity_color_shift_L0_camera_r4_5step.summary.json,1,v10_TypeM_079_01108_drop_orbit_left_72_seed40108_foreground_identity_color_shift,L0_camera_r4,winner_anchor_repeat,49,349.5545349121094,0.34955453872680664,1.0,0.7578510642051697,0.761500895023346,0.0036498308181762695,0.7579060792922974,0.7613859176635742,0.0034798383712768555,0.7579854130744934,0.7615154981613159,0.0035300850868225098,-5.501508712768555e-05,-0.00013434886932373047,-0.00011497735977172852,1.4603137969970703e-05,-0.00016999244689941406,-0.00011974573135375977,0.0,0.0,-0.00016999244689941406,-0.00011974573135375977,-0.00011974573135375977,0.0,1.0,0.0,0.7580395936965942,0.14635649714235752,0.0018940145192602265,14.603409295988094,1e-06,35.047006130218506,57.814453125,56.6506609916687,93.06958246231079,True,PASS,
4,TypeM_v10_synthetic_visible,synthetic,foreground_identity_color_shift,01108_drop_orbit_left_72_seed40108,S_FAIL,local_assets/dpo_objective_repair_v12b/winner_anchor_diag/cache_L0_camera_r4/004_v10_TypeM_079_01108_drop_orbit_left_72_seed40108_foreground_identity_color_shift,reports/dpo_objective_repair_v12b/winner_anchor_diag/tmp_pair_manifests/004_v10_TypeM_079_01108_drop_orbit_left_72_seed40108_foreground_identity_color_shift.jsonl,reports/dpo_objective_repair_v12b/winner_anchor_diag/per_pair_runs/004_v10_TypeM_079_01108_drop_orbit_left_72_seed40108_foreground_identity_color_shift_L0_camera_r4_5step.summary.json,2,v10_TypeM_079_01108_drop_orbit_left_72_seed40108_foreground_identity_color_shift,L0_camera_r4,winner_anchor_repeat,49,349.5545349121094,0.34955453872680664,1.0,0.7578510642051697,0.761500895023346,0.0036498308181762695,0.757928729057312,0.7614228129386902,0.003494083881378174,0.7579688429832458,0.7614567279815674,0.003487884998321533,-7.766485214233398e-05,-0.00011777877807617188,-7.808208465576172e-05,-4.416704177856445e-05,-0.0001557469367980957,-0.00016194581985473633,0.0,0.0,-0.0001557469367980957,-0.00016194581985473633,-0.00016194581985473633,0.0,1.0,0.0,0.7580121159553528,0.14688817961576722,0.0019814939268197906,14.60342009609767,1e-06,35.047006130218506,57.814453125,56.65122938156128,95.80531334877014,True,PASS,
4,TypeM_v10_synthetic_visible,synthetic,foreground_identity_color_shift,01108_drop_orbit_left_72_seed40108,S_FAIL,local_assets/dpo_objective_repair_v12b/winner_anchor_diag/cache_L0_camera_r4/004_v10_TypeM_079_01108_drop_orbit_left_72_seed40108_foreground_identity_color_shift,reports/dpo_objective_repair_v12b/winner_anchor_diag/tmp_pair_manifests/004_v10_TypeM_079_01108_drop_orbit_left_72_seed40108_foreground_identity_color_shift.jsonl,reports/dpo_objective_repair_v12b/winner_anchor_diag/per_pair_runs/004_v10_TypeM_079_01108_drop_orbit_left_72_seed40108_foreground_identity_color_shift_L0_camera_r4_5step.summary.json,3,v10_TypeM_079_01108_drop_orbit_left_72_seed40108_foreground_identity_color_shift,L0_camera_r4,winner_anchor_repeat,49,349.5545349121094,0.34955453872680664,1.0,0.7578510642051697,0.761500895023346,0.0036498308181762695,0.7580561637878418,0.7615468502044678,0.0034906864166259766,0.7579131126403809,0.7614448070526123,0.0035316944122314453,-0.00020509958267211914,-6.204843521118164e-05,4.595518112182617e-05,-5.608797073364258e-05,-0.00015914440155029297,-0.00011813640594482422,0.0,0.0,-0.00015914440155029297,-0.00011813640594482422,-0.00011813640594482422,0.0,1.0,0.0,0.7580461502075195,0.1474981782258772,0.002043101265203678,14.603432393690985,1e-06,35.047006130218506,58.203125,56.65258550643921,92.58384871482849,True,PASS,
4,TypeM_v10_synthetic_visible,synthetic,foreground_identity_color_shift,01108_drop_orbit_left_72_seed40108,S_FAIL,local_assets/dpo_objective_repair_v12b/winner_anchor_diag/cache_L0_camera_r4/004_v10_TypeM_079_01108_drop_orbit_left_72_seed40108_foreground_identity_color_shift,reports/dpo_objective_repair_v12b/winner_anchor_diag/tmp_pair_manifests/004_v10_TypeM_079_01108_drop_orbit_left_72_seed40108_foreground_identity_color_shift.jsonl,reports/dpo_objective_repair_v12b/winner_anchor_diag/per_pair_runs/004_v10_TypeM_079_01108_drop_orbit_left_72_seed40108_foreground_identity_color_shift_L0_camera_r4_5step.summary.json,4,v10_TypeM_079_01108_drop_orbit_left_72_seed40108_foreground_identity_color_shift,L0_camera_r4,winner_anchor_repeat,49,349.5545349121094,0.34955453872680664,1.0,0.7578510642051697,0.761500895023346,0.0036498308181762695,0.758057713508606,0.7614807486534119,0.003423035144805908,0.7580333352088928,0.7615217566490173,0.0034884214401245117,-0.0002066493034362793,-0.00018227100372314453,-2.014636993408203e-05,2.086162567138672e-05,-0.00022679567337036133,-0.0001614093780517578,0.0,0.0,-0.00022679567337036133,-0.0001614093780517578,-0.0001614093780517578,0.0,1.0,0.0,0.7580950260162354,0.14811390033885602,0.002092611165579581,14.603445894975444,1e-06,35.047006130218506,58.1953125,56.65258550643921,93.0904233455658,True,PASS,
5,TypeM_v11_synthetic_visible,synthetic,object_identity_color_shift,01101_drop_orbit_left_72_seed40101,S_FAIL,local_assets/dpo_objective_repair_v12b/winner_anchor_diag/cache_L0_camera_r4/005_v11_SYN_0460_01101_drop_orbit_left_72_seed40101_object_identity_color_shift,reports/dpo_objective_repair_v12b/winner_anchor_diag/tmp_pair_manifests/005_v11_SYN_0460_01101_drop_orbit_left_72_seed40101_object_identity_color_shift.jsonl,reports/dpo_objective_repair_v12b/winner_anchor_diag/per_pair_runs/005_v11_SYN_0460_01101_drop_orbit_left_72_seed40101_object_identity_color_shift_L0_camera_r4_5step.summary.json,0,v11_SYN_0460_01101_drop_orbit_left_72_seed40101_object_identity_color_shift,L0_camera_r4,winner_anchor_repeat,49,349.5545349121094,0.34955453872680664,1.0,0.7579914331436157,0.7365358471870422,-0.021455585956573486,0.7579914331436157,0.7365358471870422,-0.021455585956573486,0.757970929145813,0.7365809082984924,-0.021390020847320557,0.0,2.0503997802734375e-05,0.0,4.506111145019531e-05,0.0,6.556510925292969e-05,0.0,0.31272727272727274,0.0,6.556510925292969e-05,6.556510925292969e-05,0.0,1.0,0.0,0.7579914331436157,0.15085616544368377,0.001754756935402347,14.601219303145072,1e-06,35.047006130218506,57.814453125,56.60158967971802,93.81194949150085,True,PASS,
5,TypeM_v11_synthetic_visible,synthetic,object_identity_color_shift,01101_drop_orbit_left_72_seed40101,S_FAIL,local_assets/dpo_objective_repair_v12b/winner_anchor_diag/cache_L0_camera_r4/005_v11_SYN_0460_01101_drop_orbit_left_72_seed40101_object_identity_color_shift,reports/dpo_objective_repair_v12b/winner_anchor_diag/tmp_pair_manifests/005_v11_SYN_0460_01101_drop_orbit_left_72_seed40101_object_identity_color_shift.jsonl,reports/dpo_objective_repair_v12b/winner_anchor_diag/per_pair_runs/005_v11_SYN_0460_01101_drop_orbit_left_72_seed40101_object_identity_color_shift_L0_camera_r4_5step.summary.json,1,v11_SYN_0460_01101_drop_orbit_left_72_seed40101_object_identity_color_shift,L0_camera_r4,winner_anchor_repeat,49,349.5545349121094,0.34955453872680664,1.0,0.7579914331436157,0.7365358471870422,-0.021455585956573486,0.7580811977386475,0.7364386320114136,-0.021642565727233887,0.7580543756484985,0.7364256381988525,-0.021628737449645996,-8.976459503173828e-05,-6.29425048828125e-05,-9.721517562866211e-05,-0.00011020898818969727,-0.0001869797706604004,-0.00017315149307250977,0.0,0.0,-0.0001869797706604004,-0.00017315149307250977,-0.00017315149307250977,0.0,1.0,0.0,0.7579951286315918,0.15082541541374206,0.0019032591212207154,14.601228002913603,1e-06,35.047006130218506,57.814453125,56.6506609916687,93.62277269363403,True,PASS,
5,TypeM_v11_synthetic_visible,synthetic,object_identity_color_shift,01101_drop_orbit_left_72_seed40101,S_FAIL,local_assets/dpo_objective_repair_v12b/winner_anchor_diag/cache_L0_camera_r4/005_v11_SYN_0460_01101_drop_orbit_left_72_seed40101_object_identity_color_shift,reports/dpo_objective_repair_v12b/winner_anchor_diag/tmp_pair_manifests/005_v11_SYN_0460_01101_drop_orbit_left_72_seed40101_object_identity_color_shift.jsonl,reports/dpo_objective_repair_v12b/winner_anchor_diag/per_pair_runs/005_v11_SYN_0460_01101_drop_orbit_left_72_seed40101_object_identity_color_shift_L0_camera_r4_5step.summary.json,2,v11_SYN_0460_01101_drop_orbit_left_72_seed40101_object_identity_color_shift,L0_camera_r4,winner_anchor_repeat,49,349.5545349121094,0.34955453872680664,1.0,0.7579914331436157,0.7365358471870422,-0.021455585956573486,0.758056640625,0.7364209890365601,-0.02163565158843994,0.7580358982086182,0.7365380525588989,-0.02149784564971924,-6.520748138427734e-05,-4.4465065002441406e-05,-0.00011485815048217773,2.205371856689453e-06,-0.00018006563186645508,-4.225969314575195e-05,0.0,0.0,-0.00018006563186645508,-4.225969314575195e-05,-4.225969314575195e-05,0.0,1.0,0.0,0.7580824494361877,0.15140409516975237,0.0019929971321744717,14.601239209087588,1e-06,35.047006130218506,57.814453125,56.65122938156128,93.94093108177185,True,PASS,
5,TypeM_v11_synthetic_visible,synthetic,object_identity_color_shift,01101_drop_orbit_left_72_seed40101,S_FAIL,local_assets/dpo_objective_repair_v12b/winner_anchor_diag/cache_L0_camera_r4/005_v11_SYN_0460_01101_drop_orbit_left_72_seed40101_object_identity_color_shift,reports/dpo_objective_repair_v12b/winner_anchor_diag/tmp_pair_manifests/005_v11_SYN_0460_01101_drop_orbit_left_72_seed40101_object_identity_color_shift.jsonl,reports/dpo_objective_repair_v12b/winner_anchor_diag/per_pair_runs/005_v11_SYN_0460_01101_drop_orbit_left_72_seed40101_object_identity_color_shift_L0_camera_r4_5step.summary.json,3,v11_SYN_0460_01101_drop_orbit_left_72_seed40101_object_identity_color_shift,L0_camera_r4,winner_anchor_repeat,49,349.5545349121094,0.34955453872680664,1.0,0.7579914331436157,0.7365358471870422,-0.021455585956573486,0.7580915689468384,0.7365239858627319,-0.021567583084106445,0.7579615712165833,0.7364103198051453,-0.02155125141143799,-0.00010013580322265625,2.9861927032470703e-05,-1.1861324310302734e-05,-0.00012552738189697266,-0.00011199712753295898,-9.566545486450195e-05,0.0,1.0,-0.00011199712753295898,-9.566545486450195e-05,-9.566545486450195e-05,0.0,1.0,0.0,0.7581218481063843,0.15208394059510918,0.0020545435010150027,14.601251957661887,1e-06,35.047006130218506,58.203125,56.65258550643921,93.43980050086975,True,PASS,
5,TypeM_v11_synthetic_visible,synthetic,object_identity_color_shift,01101_drop_orbit_left_72_seed40101,S_FAIL,local_assets/dpo_objective_repair_v12b/winner_anchor_diag/cache_L0_camera_r4/005_v11_SYN_0460_01101_drop_orbit_left_72_seed40101_object_identity_color_shift,reports/dpo_objective_repair_v12b/winner_anchor_diag/tmp_pair_manifests/005_v11_SYN_0460_01101_drop_orbit_left_72_seed40101_object_identity_color_shift.jsonl,reports/dpo_objective_repair_v12b/winner_anchor_diag/per_pair_runs/005_v11_SYN_0460_01101_drop_orbit_left_72_seed40101_object_identity_color_shift_L0_camera_r4_5step.summary.json,4,v11_SYN_0460_01101_drop_orbit_left_72_seed40101_object_identity_color_shift,L0_camera_r4,winner_anchor_repeat,49,349.5545349121094,0.34955453872680664,1.0,0.7579914331436157,0.7365358471870422,-0.021455585956573486,0.7579625844955444,0.7365087270736694,-0.021453857421875,0.758069634437561,0.7364079356193542,-0.021661698818206787,2.8848648071289062e-05,-7.82012939453125e-05,-2.7120113372802734e-05,-0.00012791156768798828,1.7285346984863281e-06,-0.00020611286163330078,1.0,0.0,1.7285346984863281e-06,-0.00020611286163330078,-0.00020611286163330078,0.0,1.0,0.0,0.7580798864364624,0.15278040572995974,0.002104646763593904,14.60126602509187,1e-06,35.047006130218506,58.1953125,56.65258550643921,93.58567380905151,True,PASS,
6,TypeM_v10_synthetic_visible,synthetic,foreground_identity_color_shift,04214_containment_orbit_left_44_seed43214,S_PASS,local_assets/dpo_objective_repair_v12b/winner_anchor_diag/cache_L0_camera_r4/006_v10_TypeM_039_04214_containment_orbit_left_44_seed43214_foreground_identity_color_shift,reports/dpo_objective_repair_v12b/winner_anchor_diag/tmp_pair_manifests/006_v10_TypeM_039_04214_containment_orbit_left_44_seed43214_foreground_identity_color_shift.jsonl,reports/dpo_objective_repair_v12b/winner_anchor_diag/per_pair_runs/006_v10_TypeM_039_04214_containment_orbit_left_44_seed43214_foreground_identity_color_shift_L0_camera_r4_5step.summary.json,0,v10_TypeM_039_04214_containment_orbit_left_44_seed43214_foreground_identity_color_shift,L0_camera_r4,winner_anchor_repeat,49,349.5545349121094,0.34955453872680664,1.0,0.7888640761375427,0.7794972062110901,-0.009366869926452637,0.7888640761375427,0.7794972062110901,-0.009366869926452637,0.7888169288635254,0.7794883847236633,-0.00932854413986206,0.0,4.7147274017333984e-05,0.0,-8.821487426757812e-06,0.0,3.832578659057617e-05,0.0,1.0,0.0,3.832578659057617e-05,3.832578659057617e-05,0.0,1.0,0.0,0.7888640761375427,0.11690722505411812,0.0017424404561077788,14.606828863324964,1e-06,35.04697561264038,57.814453125,56.60155916213989,92.93404269218445,True,PASS,
6,TypeM_v10_synthetic_visible,synthetic,foreground_identity_color_shift,04214_containment_orbit_left_44_seed43214,S_PASS,local_assets/dpo_objective_repair_v12b/winner_anchor_diag/cache_L0_camera_r4/006_v10_TypeM_039_04214_containment_orbit_left_44_seed43214_foreground_identity_color_shift,reports/dpo_objective_repair_v12b/winner_anchor_diag/tmp_pair_manifests/006_v10_TypeM_039_04214_containment_orbit_left_44_seed43214_foreground_identity_color_shift.jsonl,reports/dpo_objective_repair_v12b/winner_anchor_diag/per_pair_runs/006_v10_TypeM_039_04214_containment_orbit_left_44_seed43214_foreground_identity_color_shift_L0_camera_r4_5step.summary.json,1,v10_TypeM_039_04214_containment_orbit_left_44_seed43214_foreground_identity_color_shift,L0_camera_r4,winner_anchor_repeat,49,349.5545349121094,0.34955453872680664,1.0,0.7888640761375427,0.7794972062110901,-0.009366869926452637,0.7887975573539734,0.7794967889785767,-0.009300768375396729,0.7888281941413879,0.7794793248176575,-0.009348869323730469,6.651878356933594e-05,3.5881996154785156e-05,-4.172325134277344e-07,-1.7881393432617188e-05,6.61015510559082e-05,1.800060272216797e-05,1.0,1.0,6.61015510559082e-05,1.800060272216797e-05,1.800060272216797e-05,0.0,1.0,0.0,0.7887407541275024,0.1169134744647467,0.0018813579634811492,14.606837597139876,1e-06,35.04697561264038,57.814453125,56.650630474090576,92.21089458465576,True,PASS,
6,TypeM_v10_synthetic_visible,synthetic,foreground_identity_color_shift,04214_containment_orbit_left_44_seed43214,S_PASS,local_assets/dpo_objective_repair_v12b/winner_anchor_diag/cache_L0_camera_r4/006_v10_TypeM_039_04214_containment_orbit_left_44_seed43214_foreground_identity_color_shift,reports/dpo_objective_repair_v12b/winner_anchor_diag/tmp_pair_manifests/006_v10_TypeM_039_04214_containment_orbit_left_44_seed43214_foreground_identity_color_shift.jsonl,reports/dpo_objective_repair_v12b/winner_anchor_diag/per_pair_runs/006_v10_TypeM_039_04214_containment_orbit_left_44_seed43214_foreground_identity_color_shift_L0_camera_r4_5step.summary.json,2,v10_TypeM_039_04214_containment_orbit_left_44_seed43214_foreground_identity_color_shift,L0_camera_r4,winner_anchor_repeat,49,349.5545349121094,0.34955453872680664,1.0,0.7888640761375427,0.7794972062110901,-0.009366869926452637,0.7888792753219604,0.7794770002365112,-0.009402275085449219,0.7887935638427734,0.7795285582542419,-0.009265005588531494,-1.519918441772461e-05,7.051229476928711e-05,-2.0205974578857422e-05,3.135204315185547e-05,-3.540515899658203e-05,0.00010186433792114258,0.0,0.6922176711527209,-3.540515899658203e-05,0.00010186433792114258,0.00010186433792114258,0.0,1.0,0.0,0.7887744307518005,0.11734550527115462,0.0019666876364331405,14.60684882207855,1e-06,35.04697561264038,57.814453125,56.651198863983154,92.7283205986023,True,PASS,
6,TypeM_v10_synthetic_visible,synthetic,foreground_identity_color_shift,04214_containment_orbit_left_44_seed43214,S_PASS,local_assets/dpo_objective_repair_v12b/winner_anchor_diag/cache_L0_camera_r4/006_v10_TypeM_039_04214_containment_orbit_left_44_seed43214_foreground_identity_color_shift,reports/dpo_objective_repair_v12b/winner_anchor_diag/tmp_pair_manifests/006_v10_TypeM_039_04214_containment_orbit_left_44_seed43214_foreground_identity_color_shift.jsonl,reports/dpo_objective_repair_v12b/winner_anchor_diag/per_pair_runs/006_v10_TypeM_039_04214_containment_orbit_left_44_seed43214_foreground_identity_color_shift_L0_camera_r4_5step.summary.json,3,v10_TypeM_039_04214_containment_orbit_left_44_seed43214_foreground_identity_color_shift,L0_camera_r4,winner_anchor_repeat,49,349.5545349121094,0.34955453872680664,1.0,0.7888640761375427,0.7794972062110901,-0.009366869926452637,0.7889138460159302,0.7795565724372864,-0.009357273578643799,0.7888780236244202,0.77953040599823,-0.009347617626190186,-4.976987838745117e-05,-1.3947486877441406e-05,5.936622619628906e-05,3.319978713989258e-05,9.59634780883789e-06,1.9252300262451172e-05,0.0,0.0,9.59634780883789e-06,1.9252300262451172e-05,1.9252300262451172e-05,0.0,1.0,0.0,0.7889153361320496,0.11779972813643096,0.0020269882407560292,14.606861775161414,1e-06,35.04697561264038,58.203125,56.652554988861084,93.08332324028015,True,PASS,
6,TypeM_v10_synthetic_visible,synthetic,foreground_identity_color_shift,04214_containment_orbit_left_44_seed43214,S_PASS,local_assets/dpo_objective_repair_v12b/winner_anchor_diag/cache_L0_camera_r4/006_v10_TypeM_039_04214_containment_orbit_left_44_seed43214_foreground_identity_color_shift,reports/dpo_objective_repair_v12b/winner_anchor_diag/tmp_pair_manifests/006_v10_TypeM_039_04214_containment_orbit_left_44_seed43214_foreground_identity_color_shift.jsonl,reports/dpo_objective_repair_v12b/winner_anchor_diag/per_pair_runs/006_v10_TypeM_039_04214_containment_orbit_left_44_seed43214_foreground_identity_color_shift_L0_camera_r4_5step.summary.json,4,v10_TypeM_039_04214_containment_orbit_left_44_seed43214_foreground_identity_color_shift,L0_camera_r4,winner_anchor_repeat,49,349.5545349121094,0.34955453872680664,1.0,0.7888640761375427,0.7794972062110901,-0.009366869926452637,0.7887802720069885,0.7794968485832214,-0.00928342342376709,0.7888106107711792,0.7794864177703857,-0.009324193000793457,8.380413055419922e-05,5.346536636352539e-05,-3.5762786865234375e-07,-1.0788440704345703e-05,8.344650268554688e-05,4.267692565917969e-05,1.0,1.0,8.344650268554688e-05,4.267692565917969e-05,4.267692565917969e-05,0.0,1.0,0.0,0.788835883140564,0.11826761996049114,0.0020753287427995506,14.606876056691519,1e-06,35.04697561264038,58.1953125,56.652554988861084,107.39074277877808,True,PASS,
7,TypeM_v11_synthetic_visible,synthetic,drop_motion_failure_synthetic,v6b_GT_C_001_01014_drop_orbit_left_72_seed40014,S_FAIL,local_assets/dpo_objective_repair_v12b/winner_anchor_diag/cache_L0_camera_r4/007_v11_SYN_0475_v6b_GT_C_001_01014_drop_orbit_left_72_seed40014_drop_motion_failure_synthetic,reports/dpo_objective_repair_v12b/winner_anchor_diag/tmp_pair_manifests/007_v11_SYN_0475_v6b_GT_C_001_01014_drop_orbit_left_72_seed40014_drop_motion_failure_synthetic.jsonl,reports/dpo_objective_repair_v12b/winner_anchor_diag/per_pair_runs/007_v11_SYN_0475_v6b_GT_C_001_01014_drop_orbit_left_72_seed40014_drop_motion_failure_synthetic_L0_camera_r4_5step.summary.json,0,v11_SYN_0475_v6b_GT_C_001_01014_drop_orbit_left_72_seed40014_drop_motion_failure_synthetic,L0_camera_r4,winner_anchor_repeat,49,349.5545349121094,0.34955453872680664,1.0,0.7446877360343933,0.7198065519332886,-0.024881184101104736,0.7446877360343933,0.7198065519332886,-0.024881184101104736,0.744807243347168,0.71977698802948,-0.02503025531768799,0.0,-0.0001195073127746582,0.0,-2.956390380859375e-05,0.0,-0.00014907121658325195,0.0,0.0,0.0,-0.00014907121658325195,-0.00014907121658325195,0.0,1.0,0.0,0.7446877360343933,0.13492952932347652,0.0017504842453493908,14.602728676001918,1e-06,35.047006130218506,57.814453125,56.60158967971802,91.84163117408752,True,PASS,
7,TypeM_v11_synthetic_visible,synthetic,drop_motion_failure_synthetic,v6b_GT_C_001_01014_drop_orbit_left_72_seed40014,S_FAIL,local_assets/dpo_objective_repair_v12b/winner_anchor_diag/cache_L0_camera_r4/007_v11_SYN_0475_v6b_GT_C_001_01014_drop_orbit_left_72_seed40014_drop_motion_failure_synthetic,reports/dpo_objective_repair_v12b/winner_anchor_diag/tmp_pair_manifests/007_v11_SYN_0475_v6b_GT_C_001_01014_drop_orbit_left_72_seed40014_drop_motion_failure_synthetic.jsonl,reports/dpo_objective_repair_v12b/winner_anchor_diag/per_pair_runs/007_v11_SYN_0475_v6b_GT_C_001_01014_drop_orbit_left_72_seed40014_drop_motion_failure_synthetic_L0_camera_r4_5step.summary.json,1,v11_SYN_0475_v6b_GT_C_001_01014_drop_orbit_left_72_seed40014_drop_motion_failure_synthetic,L0_camera_r4,winner_anchor_repeat,49,349.5545349121094,0.34955453872680664,1.0,0.7446877360343933,0.7198065519332886,-0.024881184101104736,0.7447438836097717,0.7198448181152344,-0.024899065494537354,0.7448080778121948,0.7198616862297058,-0.024946391582489014,-5.614757537841797e-05,-0.00012034177780151367,3.826618194580078e-05,5.513429641723633e-05,-1.7881393432617188e-05,-6.520748138427734e-05,0.0,0.0,-1.7881393432617188e-05,-6.520748138427734e-05,-6.520748138427734e-05,0.0,1.0,0.0,0.7446604371070862,0.13488934409584466,0.0018973956435180852,14.602737137848619,1e-06,35.047006130218506,57.814453125,56.6506609916687,92.7344126701355,True,PASS,
7,TypeM_v11_synthetic_visible,synthetic,drop_motion_failure_synthetic,v6b_GT_C_001_01014_drop_orbit_left_72_seed40014,S_FAIL,local_assets/dpo_objective_repair_v12b/winner_anchor_diag/cache_L0_camera_r4/007_v11_SYN_0475_v6b_GT_C_001_01014_drop_orbit_left_72_seed40014_drop_motion_failure_synthetic,reports/dpo_objective_repair_v12b/winner_anchor_diag/tmp_pair_manifests/007_v11_SYN_0475_v6b_GT_C_001_01014_drop_orbit_left_72_seed40014_drop_motion_failure_synthetic.jsonl,reports/dpo_objective_repair_v12b/winner_anchor_diag/per_pair_runs/007_v11_SYN_0475_v6b_GT_C_001_01014_drop_orbit_left_72_seed40014_drop_motion_failure_synthetic_L0_camera_r4_5step.summary.json,2,v11_SYN_0475_v6b_GT_C_001_01014_drop_orbit_left_72_seed40014_drop_motion_failure_synthetic,L0_camera_r4,winner_anchor_repeat,49,349.5545349121094,0.34955453872680664,1.0,0.7446877360343933,0.7198065519332886,-0.024881184101104736,0.7445468902587891,0.7197999358177185,-0.024746954441070557,0.7447617053985596,0.719737708568573,-0.025023996829986572,0.00014084577560424805,-7.396936416625977e-05,-6.616115570068359e-06,-6.884336471557617e-05,0.0001342296600341797,-0.00014281272888183594,1.0,0.0,0.0001342296600341797,-0.00014281272888183594,-0.00014281272888183594,0.0,1.0,0.0,0.7447250485420227,0.13544657099819327,0.0019850383464668784,14.602748015840067,1e-06,35.047006130218506,57.814453125,56.65122938156128,92.64262223243713,True,PASS,
7,TypeM_v11_synthetic_visible,synthetic,drop_motion_failure_synthetic,v6b_GT_C_001_01014_drop_orbit_left_72_seed40014,S_FAIL,local_assets/dpo_objective_repair_v12b/winner_anchor_diag/cache_L0_camera_r4/007_v11_SYN_0475_v6b_GT_C_001_01014_drop_orbit_left_72_seed40014_drop_motion_failure_synthetic,reports/dpo_objective_repair_v12b/winner_anchor_diag/tmp_pair_manifests/007_v11_SYN_0475_v6b_GT_C_001_01014_drop_orbit_left_72_seed40014_drop_motion_failure_synthetic.jsonl,reports/dpo_objective_repair_v12b/winner_anchor_diag/per_pair_runs/007_v11_SYN_0475_v6b_GT_C_001_01014_drop_orbit_left_72_seed40014_drop_motion_failure_synthetic_L0_camera_r4_5step.summary.json,3,v11_SYN_0475_v6b_GT_C_001_01014_drop_orbit_left_72_seed40014_drop_motion_failure_synthetic,L0_camera_r4,winner_anchor_repeat,49,349.5545349121094,0.34955453872680664,1.0,0.7446877360343933,0.7198065519332886,-0.024881184101104736,0.7447774410247803,0.7198601365089417,-0.024917304515838623,0.7446262836456299,0.7197766304016113,-0.024849653244018555,-8.970499038696289e-05,6.145238876342773e-05,5.358457565307617e-05,-2.9921531677246094e-05,-3.612041473388672e-05,3.153085708618164e-05,0.0,1.0,-3.612041473388672e-05,3.153085708618164e-05,3.153085708618164e-05,0.0,1.0,0.0,0.7446313500404358,0.13603261072254547,0.0020466460037687913,14.602760550461095,1e-06,35.047006130218506,58.203125,56.65258550643921,92.98181390762329,True,PASS,
7,TypeM_v11_synthetic_visible,synthetic,drop_motion_failure_synthetic,v6b_GT_C_001_01014_drop_orbit_left_72_seed40014,S_FAIL,local_assets/dpo_objective_repair_v12b/winner_anchor_diag/cache_L0_camera_r4/007_v11_SYN_0475_v6b_GT_C_001_01014_drop_orbit_left_72_seed40014_drop_motion_failure_synthetic,reports/dpo_objective_repair_v12b/winner_anchor_diag/tmp_pair_manifests/007_v11_SYN_0475_v6b_GT_C_001_01014_drop_orbit_left_72_seed40014_drop_motion_failure_synthetic.jsonl,reports/dpo_objective_repair_v12b/winner_anchor_diag/per_pair_runs/007_v11_SYN_0475_v6b_GT_C_001_01014_drop_orbit_left_72_seed40014_drop_motion_failure_synthetic_L0_camera_r4_5step.summary.json,4,v11_SYN_0475_v6b_GT_C_001_01014_drop_orbit_left_72_seed40014_drop_motion_failure_synthetic,L0_camera_r4,winner_anchor_repeat,49,349.5545349121094,0.34955453872680664,1.0,0.7446877360343933,0.7198065519332886,-0.024881184101104736,0.7447024583816528,0.7197074294090271,-0.024995028972625732,0.7445904612541199,0.7198002934455872,-0.024790167808532715,-1.4722347259521484e-05,9.72747802734375e-05,-9.912252426147461e-05,-6.258487701416016e-06,-0.0001138448715209961,9.101629257202148e-05,0.0,1.0,-0.0001138448715209961,9.101629257202148e-05,9.101629257202148e-05,0.0,1.0,0.0,0.7447189092636108,0.13673364271804522,0.0020952667924180237,14.602774161929398,1e-06,35.047006130218506,58.1953125,56.65258550643921,93.14803290367126,True,PASS,
