affected_tokens_count,fallback_time_only,full_future_tokens_count,latent_frames,latent_height,latent_temporal_indices,latent_width,local_mask_ratio,pair_id,raw_time_span,reason,spatial_mask_available,spatial_mask_ratio,status,temporal_mask_available
43320,False,118560,21,60,"[2, 3, 4, 5, 6, 7, 8, 9, 10, 11, 12, 13, 14, 15, 16, 17, 18, 19, 20]",104,0.36538461538461536,protocol_v2_A_001_001_02200_collision_orbit_right_64_seed41200_background_drift_local,"{'raw_frame_start': 5, 'raw_frame_end': 80}",mask_file,True,0.36538461538461536,ok,True
43320,False,118560,21,60,"[2, 3, 4, 5, 6, 7, 8, 9, 10, 11, 12, 13, 14, 15, 16, 17, 18, 19, 20]",104,0.36538461538461536,protocol_v2_A_002_002_02200_collision_orbit_right_64_seed41200_wrong_camera_motion_local,"{'raw_frame_start': 5, 'raw_frame_end': 80}",mask_file,True,0.36538461538461536,ok,True
15048,False,118560,21,60,"[2, 3, 4, 5, 6, 7, 8, 9, 10, 11, 12, 13, 14, 15, 16, 17, 18, 19, 20]",104,0.12692307692307692,protocol_v2_A_003_003_02200_collision_orbit_right_64_seed41200_object_deformation_local,"{'raw_frame_start': 5, 'raw_frame_end': 80}",mask_file,True,0.12692307692307692,ok,True
15048,False,118560,21,60,"[2, 3, 4, 5, 6, 7, 8, 9, 10, 11, 12, 13, 14, 15, 16, 17, 18, 19, 20]",104,0.12692307692307692,protocol_v2_A_004_004_02200_collision_orbit_right_64_seed41200_object_identity_change_local,"{'raw_frame_start': 5, 'raw_frame_end': 80}",mask_file,True,0.12692307692307692,ok,True
11088,False,118560,21,60,"[7, 8, 9, 10, 11, 12, 13, 14, 15, 16, 17, 18, 19, 20]",104,0.09352226720647773,protocol_v2_A_005_006_02200_collision_orbit_right_64_seed41200_partial_freeze,"{'raw_frame_start': 27, 'raw_frame_end': 80}",mask_file,True,0.12692307692307692,ok,True
9460,False,118560,21,60,"[6, 7, 8, 9, 10, 11, 12, 13, 14, 15]",104,0.07979082321187585,protocol_v2_A_006_007_02200_collision_orbit_right_64_seed41200_physical_event_local_failure,"{'raw_frame_start': 24, 'raw_frame_end': 62}",mask_file,True,0.1516025641025641,ok,True
43320,False,118560,21,60,"[2, 3, 4, 5, 6, 7, 8, 9, 10, 11, 12, 13, 14, 15, 16, 17, 18, 19, 20]",104,0.36538461538461536,protocol_v2_A_007_008_02200_collision_orbit_right_64_seed41200_background_drift_local,"{'raw_frame_start': 5, 'raw_frame_end': 80}",mask_file,True,0.36538461538461536,ok,True
43320,False,118560,21,60,"[2, 3, 4, 5, 6, 7, 8, 9, 10, 11, 12, 13, 14, 15, 16, 17, 18, 19, 20]",104,0.36538461538461536,protocol_v2_A_008_009_02200_collision_orbit_right_64_seed41200_wrong_camera_motion_local,"{'raw_frame_start': 5, 'raw_frame_end': 80}",mask_file,True,0.36538461538461536,ok,True
15048,False,118560,21,60,"[2, 3, 4, 5, 6, 7, 8, 9, 10, 11, 12, 13, 14, 15, 16, 17, 18, 19, 20]",104,0.12692307692307692,protocol_v2_A_009_010_02200_collision_orbit_right_64_seed41200_object_deformation_local,"{'raw_frame_start': 5, 'raw_frame_end': 80}",mask_file,True,0.12692307692307692,ok,True
15048,False,118560,21,60,"[2, 3, 4, 5, 6, 7, 8, 9, 10, 11, 12, 13, 14, 15, 16, 17, 18, 19, 20]",104,0.12692307692307692,protocol_v2_A_010_011_02200_collision_orbit_right_64_seed41200_object_identity_change_local,"{'raw_frame_start': 5, 'raw_frame_end': 80}",mask_file,True,0.12692307692307692,ok,True
11088,False,118560,21,60,"[7, 8, 9, 10, 11, 12, 13, 14, 15, 16, 17, 18, 19, 20]",104,0.09352226720647773,protocol_v2_A_011_013_02202_collision_orbit_right_64_seed41202_partial_freeze,"{'raw_frame_start': 27, 'raw_frame_end': 80}",mask_file,True,0.12692307692307692,ok,True
9460,False,118560,21,60,"[6, 7, 8, 9, 10, 11, 12, 13, 14, 15]",104,0.07979082321187585,protocol_v2_A_012_014_02202_collision_orbit_right_64_seed41202_physical_event_local_failure,"{'raw_frame_start': 24, 'raw_frame_end': 62}",mask_file,True,0.1516025641025641,ok,True
43320,False,118560,21,60,"[2, 3, 4, 5, 6, 7, 8, 9, 10, 11, 12, 13, 14, 15, 16, 17, 18, 19, 20]",104,0.36538461538461536,protocol_v2_A_013_015_02202_collision_orbit_right_64_seed41202_background_drift_local,"{'raw_frame_start': 5, 'raw_frame_end': 80}",mask_file,True,0.36538461538461536,ok,True
15048,False,118560,21,60,"[2, 3, 4, 5, 6, 7, 8, 9, 10, 11, 12, 13, 14, 15, 16, 17, 18, 19, 20]",104,0.12692307692307692,protocol_v2_A_014_018_02202_collision_orbit_right_64_seed41202_object_identity_change_local,"{'raw_frame_start': 5, 'raw_frame_end': 80}",mask_file,True,0.12692307692307692,ok,True
43320,False,118560,21,60,"[2, 3, 4, 5, 6, 7, 8, 9, 10, 11, 12, 13, 14, 15, 16, 17, 18, 19, 20]",104,0.36538461538461536,protocol_v2_A_015_022_02202_collision_orbit_right_64_seed41202_background_drift_local,"{'raw_frame_start': 5, 'raw_frame_end': 80}",mask_file,True,0.36538461538461536,ok,True
43320,False,118560,21,60,"[2, 3, 4, 5, 6, 7, 8, 9, 10, 11, 12, 13, 14, 15, 16, 17, 18, 19, 20]",104,0.36538461538461536,protocol_v2_A_016_023_02222_collision_orbit_right_64_seed41222_wrong_camera_motion_local,"{'raw_frame_start': 5, 'raw_frame_end': 80}",mask_file,True,0.36538461538461536,ok,True
11088,False,118560,21,60,"[7, 8, 9, 10, 11, 12, 13, 14, 15, 16, 17, 18, 19, 20]",104,0.09352226720647773,protocol_v2_A_017_027_02222_collision_orbit_right_64_seed41222_partial_freeze,"{'raw_frame_start': 27, 'raw_frame_end': 80}",mask_file,True,0.12692307692307692,ok,True
9460,False,118560,21,60,"[6, 7, 8, 9, 10, 11, 12, 13, 14, 15]",104,0.07979082321187585,protocol_v2_A_018_028_02222_collision_orbit_right_64_seed41222_physical_event_local_failure,"{'raw_frame_start': 24, 'raw_frame_end': 62}",mask_file,True,0.1516025641025641,ok,True
43320,False,118560,21,60,"[2, 3, 4, 5, 6, 7, 8, 9, 10, 11, 12, 13, 14, 15, 16, 17, 18, 19, 20]",104,0.36538461538461536,protocol_v2_A_019_029_02222_collision_orbit_right_64_seed41222_background_drift_local,"{'raw_frame_start': 5, 'raw_frame_end': 80}",mask_file,True,0.36538461538461536,ok,True
43320,False,118560,21,60,"[2, 3, 4, 5, 6, 7, 8, 9, 10, 11, 12, 13, 14, 15, 16, 17, 18, 19, 20]",104,0.36538461538461536,protocol_v2_A_020_030_02222_collision_orbit_right_64_seed41222_wrong_camera_motion_local,"{'raw_frame_start': 5, 'raw_frame_end': 80}",mask_file,True,0.36538461538461536,ok,True
15048,False,118560,21,60,"[2, 3, 4, 5, 6, 7, 8, 9, 10, 11, 12, 13, 14, 15, 16, 17, 18, 19, 20]",104,0.12692307692307692,protocol_v2_A_021_031_02222_collision_orbit_right_64_seed41222_object_deformation_local,"{'raw_frame_start': 5, 'raw_frame_end': 80}",mask_file,True,0.12692307692307692,ok,True
15048,False,118560,21,60,"[2, 3, 4, 5, 6, 7, 8, 9, 10, 11, 12, 13, 14, 15, 16, 17, 18, 19, 20]",104,0.12692307692307692,protocol_v2_A_022_032_02222_collision_orbit_right_64_seed41222_object_identity_change_local,"{'raw_frame_start': 5, 'raw_frame_end': 80}",mask_file,True,0.12692307692307692,ok,True
20520,False,118560,21,60,"[12, 13, 14, 15, 16, 17, 18, 19, 20]",104,0.17307692307692307,protocol_v2_A_023_033_02222_collision_orbit_right_64_seed41222_reobserve_mismatch_local,"{'raw_frame_start': 46, 'raw_frame_end': 80}",mask_file,True,0.36538461538461536,ok,True
11088,False,118560,21,60,"[7, 8, 9, 10, 11, 12, 13, 14, 15, 16, 17, 18, 19, 20]",104,0.09352226720647773,protocol_v2_A_024_034_02226_collision_orbit_right_64_seed41226_partial_freeze,"{'raw_frame_start': 27, 'raw_frame_end': 80}",mask_file,True,0.12692307692307692,ok,True
43320,False,118560,21,60,"[2, 3, 4, 5, 6, 7, 8, 9, 10, 11, 12, 13, 14, 15, 16, 17, 18, 19, 20]",104,0.36538461538461536,protocol_v2_A_025_037_02226_collision_orbit_right_64_seed41226_wrong_camera_motion_local,"{'raw_frame_start': 5, 'raw_frame_end': 80}",mask_file,True,0.36538461538461536,ok,True
15048,False,118560,21,60,"[2, 3, 4, 5, 6, 7, 8, 9, 10, 11, 12, 13, 14, 15, 16, 17, 18, 19, 20]",104,0.12692307692307692,protocol_v2_A_026_038_02226_collision_orbit_right_64_seed41226_object_deformation_local,"{'raw_frame_start': 5, 'raw_frame_end': 80}",mask_file,True,0.12692307692307692,ok,True
15048,False,118560,21,60,"[2, 3, 4, 5, 6, 7, 8, 9, 10, 11, 12, 13, 14, 15, 16, 17, 18, 19, 20]",104,0.12692307692307692,protocol_v2_A_027_039_02226_collision_orbit_right_64_seed41226_object_identity_change_local,"{'raw_frame_start': 5, 'raw_frame_end': 80}",mask_file,True,0.12692307692307692,ok,True
11088,False,118560,21,60,"[7, 8, 9, 10, 11, 12, 13, 14, 15, 16, 17, 18, 19, 20]",104,0.09352226720647773,protocol_v2_A_028_041_02226_collision_orbit_right_64_seed41226_partial_freeze,"{'raw_frame_start': 27, 'raw_frame_end': 80}",mask_file,True,0.12692307692307692,ok,True
9460,False,118560,21,60,"[6, 7, 8, 9, 10, 11, 12, 13, 14, 15]",104,0.07979082321187585,protocol_v2_A_029_042_02226_collision_orbit_right_64_seed41226_physical_event_local_failure,"{'raw_frame_start': 24, 'raw_frame_end': 62}",mask_file,True,0.1516025641025641,ok,True
43320,False,118560,21,60,"[2, 3, 4, 5, 6, 7, 8, 9, 10, 11, 12, 13, 14, 15, 16, 17, 18, 19, 20]",104,0.36538461538461536,protocol_v2_A_030_044_02226_collision_orbit_right_64_seed41226_wrong_camera_motion_local,"{'raw_frame_start': 5, 'raw_frame_end': 80}",mask_file,True,0.36538461538461536,ok,True
15048,False,118560,21,60,"[2, 3, 4, 5, 6, 7, 8, 9, 10, 11, 12, 13, 14, 15, 16, 17, 18, 19, 20]",104,0.12692307692307692,protocol_v2_A_031_046_04204_containment_orbit_left_44_seed43204_object_identity_change_local,"{'raw_frame_start': 5, 'raw_frame_end': 80}",mask_file,True,0.12692307692307692,ok,True
11088,False,118560,21,60,"[7, 8, 9, 10, 11, 12, 13, 14, 15, 16, 17, 18, 19, 20]",104,0.09352226720647773,protocol_v2_A_032_048_04204_containment_orbit_left_44_seed43204_partial_freeze,"{'raw_frame_start': 27, 'raw_frame_end': 80}",mask_file,True,0.12692307692307692,ok,True
9460,False,118560,21,60,"[6, 7, 8, 9, 10, 11, 12, 13, 14, 15]",104,0.07979082321187585,protocol_v2_A_033_049_04204_containment_orbit_left_44_seed43204_physical_event_local_failure,"{'raw_frame_start': 24, 'raw_frame_end': 62}",mask_file,True,0.1516025641025641,ok,True
43320,False,118560,21,60,"[2, 3, 4, 5, 6, 7, 8, 9, 10, 11, 12, 13, 14, 15, 16, 17, 18, 19, 20]",104,0.36538461538461536,protocol_v2_A_034_050_04204_containment_orbit_left_44_seed43204_background_drift_local,"{'raw_frame_start': 5, 'raw_frame_end': 80}",mask_file,True,0.36538461538461536,ok,True
