pair_id,contact_sheet_path,status,error_reason,pair_type,source,failure_type
v11_SYN_EXTRA_0001_02200_collision_orbit_right_64_seed41200_collision_response_failure_synthetic,reports/dpo_pair_factory_v11/contact_sheets/v11_SYN_EXTRA_0001_02200_collision_orbit_right_64_seed41200_collision_response_failure_synthetic.jpg,CONTACT_SHEET_PASS,,TypeM_v11_synthetic_visible,synthetic_controlled,collision_response_failure_synthetic
v11_SYN_EXTRA_0002_02200_collision_orbit_right_64_seed41200_object_deformation_visible,reports/dpo_pair_factory_v11/contact_sheets/v11_SYN_EXTRA_0002_02200_collision_orbit_right_64_seed41200_object_deformation_visible.jpg,CONTACT_SHEET_PASS,,TypeM_v11_synthetic_visible,synthetic_controlled,object_deformation_visible
v11_SYN_EXTRA_0003_02200_collision_orbit_right_64_seed41200_object_duplicate_or_fragment,reports/dpo_pair_factory_v11/contact_sheets/v11_SYN_EXTRA_0003_02200_collision_orbit_right_64_seed41200_object_duplicate_or_fragment.jpg,CONTACT_SHEET_PASS,,TypeM_v11_synthetic_visible,synthetic_controlled,object_duplicate_or_fragment
v11_SYN_EXTRA_0004_02200_collision_orbit_right_64_seed41200_local_scene_patch_drift,reports/dpo_pair_factory_v11/contact_sheets/v11_SYN_EXTRA_0004_02200_collision_orbit_right_64_seed41200_local_scene_patch_drift.jpg,CONTACT_SHEET_PASS,,TypeM_v11_synthetic_visible,synthetic_controlled,local_scene_patch_drift
v11_SYN_EXTRA_0005_02202_collision_orbit_right_64_seed41202_collision_response_failure_synthetic,reports/dpo_pair_factory_v11/contact_sheets/v11_SYN_EXTRA_0005_02202_collision_orbit_right_64_seed41202_collision_response_failure_synthetic.jpg,CONTACT_SHEET_PASS,,TypeM_v11_synthetic_visible,synthetic_controlled,collision_response_failure_synthetic
v11_SYN_EXTRA_0006_02202_collision_orbit_right_64_seed41202_object_deformation_visible,reports/dpo_pair_factory_v11/contact_sheets/v11_SYN_EXTRA_0006_02202_collision_orbit_right_64_seed41202_object_deformation_visible.jpg,CONTACT_SHEET_PASS,,TypeM_v11_synthetic_visible,synthetic_controlled,object_deformation_visible
v11_SYN_EXTRA_0007_02202_collision_orbit_right_64_seed41202_object_duplicate_or_fragment,reports/dpo_pair_factory_v11/contact_sheets/v11_SYN_EXTRA_0007_02202_collision_orbit_right_64_seed41202_object_duplicate_or_fragment.jpg,CONTACT_SHEET_PASS,,TypeM_v11_synthetic_visible,synthetic_controlled,object_duplicate_or_fragment
v11_SYN_EXTRA_0008_02202_collision_orbit_right_64_seed41202_local_scene_patch_drift,reports/dpo_pair_factory_v11/contact_sheets/v11_SYN_EXTRA_0008_02202_collision_orbit_right_64_seed41202_local_scene_patch_drift.jpg,CONTACT_SHEET_PASS,,TypeM_v11_synthetic_visible,synthetic_controlled,local_scene_patch_drift
v11_SYN_EXTRA_0009_02215_collision_strafe_left_180_seed41215_collision_response_failure_synthetic,reports/dpo_pair_factory_v11/contact_sheets/v11_SYN_EXTRA_0009_02215_collision_strafe_left_180_seed41215_collision_response_failure_synthetic.jpg,CONTACT_SHEET_PASS,,TypeM_v11_synthetic_visible,synthetic_controlled,collision_response_failure_synthetic
v11_SYN_EXTRA_0010_02215_collision_strafe_left_180_seed41215_object_deformation_visible,reports/dpo_pair_factory_v11/contact_sheets/v11_SYN_EXTRA_0010_02215_collision_strafe_left_180_seed41215_object_deformation_visible.jpg,CONTACT_SHEET_PASS,,TypeM_v11_synthetic_visible,synthetic_controlled,object_deformation_visible
v11_SYN_EXTRA_0011_02215_collision_strafe_left_180_seed41215_object_duplicate_or_fragment,reports/dpo_pair_factory_v11/contact_sheets/v11_SYN_EXTRA_0011_02215_collision_strafe_left_180_seed41215_object_duplicate_or_fragment.jpg,CONTACT_SHEET_PASS,,TypeM_v11_synthetic_visible,synthetic_controlled,object_duplicate_or_fragment
v11_SYN_EXTRA_0012_02215_collision_strafe_left_180_seed41215_local_scene_patch_drift,reports/dpo_pair_factory_v11/contact_sheets/v11_SYN_EXTRA_0012_02215_collision_strafe_left_180_seed41215_local_scene_patch_drift.jpg,CONTACT_SHEET_PASS,,TypeM_v11_synthetic_visible,synthetic_controlled,local_scene_patch_drift
v11_SYN_EXTRA_0013_02222_collision_orbit_right_64_seed41222_collision_response_failure_synthetic,reports/dpo_pair_factory_v11/contact_sheets/v11_SYN_EXTRA_0013_02222_collision_orbit_right_64_seed41222_collision_response_failure_synthetic.jpg,CONTACT_SHEET_PASS,,TypeM_v11_synthetic_visible,synthetic_controlled,collision_response_failure_synthetic
v11_SYN_EXTRA_0014_02222_collision_orbit_right_64_seed41222_object_deformation_visible,reports/dpo_pair_factory_v11/contact_sheets/v11_SYN_EXTRA_0014_02222_collision_orbit_right_64_seed41222_object_deformation_visible.jpg,CONTACT_SHEET_PASS,,TypeM_v11_synthetic_visible,synthetic_controlled,object_deformation_visible
v11_SYN_EXTRA_0015_02222_collision_orbit_right_64_seed41222_object_duplicate_or_fragment,reports/dpo_pair_factory_v11/contact_sheets/v11_SYN_EXTRA_0015_02222_collision_orbit_right_64_seed41222_object_duplicate_or_fragment.jpg,CONTACT_SHEET_PASS,,TypeM_v11_synthetic_visible,synthetic_controlled,object_duplicate_or_fragment
v11_SYN_EXTRA_0016_02222_collision_orbit_right_64_seed41222_local_scene_patch_drift,reports/dpo_pair_factory_v11/contact_sheets/v11_SYN_EXTRA_0016_02222_collision_orbit_right_64_seed41222_local_scene_patch_drift.jpg,CONTACT_SHEET_PASS,,TypeM_v11_synthetic_visible,synthetic_controlled,local_scene_patch_drift
v11_SYN_EXTRA_0017_02226_collision_orbit_right_64_seed41226_collision_response_failure_synthetic,reports/dpo_pair_factory_v11/contact_sheets/v11_SYN_EXTRA_0017_02226_collision_orbit_right_64_seed41226_collision_response_failure_synthetic.jpg,CONTACT_SHEET_PASS,,TypeM_v11_synthetic_visible,synthetic_controlled,collision_response_failure_synthetic
v11_SYN_EXTRA_0018_02226_collision_orbit_right_64_seed41226_object_deformation_visible,reports/dpo_pair_factory_v11/contact_sheets/v11_SYN_EXTRA_0018_02226_collision_orbit_right_64_seed41226_object_deformation_visible.jpg,CONTACT_SHEET_PASS,,TypeM_v11_synthetic_visible,synthetic_controlled,object_deformation_visible
v11_SYN_EXTRA_0019_02226_collision_orbit_right_64_seed41226_object_duplicate_or_fragment,reports/dpo_pair_factory_v11/contact_sheets/v11_SYN_EXTRA_0019_02226_collision_orbit_right_64_seed41226_object_duplicate_or_fragment.jpg,CONTACT_SHEET_PASS,,TypeM_v11_synthetic_visible,synthetic_controlled,object_duplicate_or_fragment
v11_SYN_EXTRA_0020_02226_collision_orbit_right_64_seed41226_local_scene_patch_drift,reports/dpo_pair_factory_v11/contact_sheets/v11_SYN_EXTRA_0020_02226_collision_orbit_right_64_seed41226_local_scene_patch_drift.jpg,CONTACT_SHEET_PASS,,TypeM_v11_synthetic_visible,synthetic_controlled,local_scene_patch_drift
v11_SYN_EXTRA_0021_02228_collision_orbit_right_64_seed41228_collision_response_failure_synthetic,reports/dpo_pair_factory_v11/contact_sheets/v11_SYN_EXTRA_0021_02228_collision_orbit_right_64_seed41228_collision_response_failure_synthetic.jpg,CONTACT_SHEET_PASS,,TypeM_v11_synthetic_visible,synthetic_controlled,collision_response_failure_synthetic
v11_SYN_EXTRA_0022_02228_collision_orbit_right_64_seed41228_object_deformation_visible,reports/dpo_pair_factory_v11/contact_sheets/v11_SYN_EXTRA_0022_02228_collision_orbit_right_64_seed41228_object_deformation_visible.jpg,CONTACT_SHEET_PASS,,TypeM_v11_synthetic_visible,synthetic_controlled,object_deformation_visible
v11_SYN_EXTRA_0023_02228_collision_orbit_right_64_seed41228_object_duplicate_or_fragment,reports/dpo_pair_factory_v11/contact_sheets/v11_SYN_EXTRA_0023_02228_collision_orbit_right_64_seed41228_object_duplicate_or_fragment.jpg,CONTACT_SHEET_PASS,,TypeM_v11_synthetic_visible,synthetic_controlled,object_duplicate_or_fragment
v11_SYN_EXTRA_0024_02228_collision_orbit_right_64_seed41228_local_scene_patch_drift,reports/dpo_pair_factory_v11/contact_sheets/v11_SYN_EXTRA_0024_02228_collision_orbit_right_64_seed41228_local_scene_patch_drift.jpg,CONTACT_SHEET_PASS,,TypeM_v11_synthetic_visible,synthetic_controlled,local_scene_patch_drift
v11_SYN_EXTRA_0025_02239_collision_strafe_left_180_seed41239_collision_response_failure_synthetic,reports/dpo_pair_factory_v11/contact_sheets/v11_SYN_EXTRA_0025_02239_collision_strafe_left_180_seed41239_collision_response_failure_synthetic.jpg,CONTACT_SHEET_PASS,,TypeM_v11_synthetic_visible,synthetic_controlled,collision_response_failure_synthetic
v11_SYN_EXTRA_0026_02239_collision_strafe_left_180_seed41239_object_deformation_visible,reports/dpo_pair_factory_v11/contact_sheets/v11_SYN_EXTRA_0026_02239_collision_strafe_left_180_seed41239_object_deformation_visible.jpg,CONTACT_SHEET_PASS,,TypeM_v11_synthetic_visible,synthetic_controlled,object_deformation_visible
v11_SYN_EXTRA_0027_02239_collision_strafe_left_180_seed41239_object_duplicate_or_fragment,reports/dpo_pair_factory_v11/contact_sheets/v11_SYN_EXTRA_0027_02239_collision_strafe_left_180_seed41239_object_duplicate_or_fragment.jpg,CONTACT_SHEET_PASS,,TypeM_v11_synthetic_visible,synthetic_controlled,object_duplicate_or_fragment
v11_SYN_EXTRA_0028_02239_collision_strafe_left_180_seed41239_local_scene_patch_drift,reports/dpo_pair_factory_v11/contact_sheets/v11_SYN_EXTRA_0028_02239_collision_strafe_left_180_seed41239_local_scene_patch_drift.jpg,CONTACT_SHEET_PASS,,TypeM_v11_synthetic_visible,synthetic_controlled,local_scene_patch_drift
v11_SYN_EXTRA_0029_02259_collision_strafe_left_180_seed41259_collision_response_failure_synthetic,reports/dpo_pair_factory_v11/contact_sheets/v11_SYN_EXTRA_0029_02259_collision_strafe_left_180_seed41259_collision_response_failure_synthetic.jpg,CONTACT_SHEET_PASS,,TypeM_v11_synthetic_visible,synthetic_controlled,collision_response_failure_synthetic
v11_SYN_EXTRA_0030_02259_collision_strafe_left_180_seed41259_object_deformation_visible,reports/dpo_pair_factory_v11/contact_sheets/v11_SYN_EXTRA_0030_02259_collision_strafe_left_180_seed41259_object_deformation_visible.jpg,CONTACT_SHEET_PASS,,TypeM_v11_synthetic_visible,synthetic_controlled,object_deformation_visible
v11_SYN_EXTRA_0031_02259_collision_strafe_left_180_seed41259_object_duplicate_or_fragment,reports/dpo_pair_factory_v11/contact_sheets/v11_SYN_EXTRA_0031_02259_collision_strafe_left_180_seed41259_object_duplicate_or_fragment.jpg,CONTACT_SHEET_PASS,,TypeM_v11_synthetic_visible,synthetic_controlled,object_duplicate_or_fragment
v11_SYN_EXTRA_0032_02259_collision_strafe_left_180_seed41259_local_scene_patch_drift,reports/dpo_pair_factory_v11/contact_sheets/v11_SYN_EXTRA_0032_02259_collision_strafe_left_180_seed41259_local_scene_patch_drift.jpg,CONTACT_SHEET_PASS,,TypeM_v11_synthetic_visible,synthetic_controlled,local_scene_patch_drift
v11_SYN_EXTRA_0033_02262_collision_orbit_right_64_seed41262_collision_response_failure_synthetic,reports/dpo_pair_factory_v11/contact_sheets/v11_SYN_EXTRA_0033_02262_collision_orbit_right_64_seed41262_collision_response_failure_synthetic.jpg,CONTACT_SHEET_PASS,,TypeM_v11_synthetic_visible,synthetic_controlled,collision_response_failure_synthetic
v11_SYN_EXTRA_0034_02262_collision_orbit_right_64_seed41262_object_deformation_visible,reports/dpo_pair_factory_v11/contact_sheets/v11_SYN_EXTRA_0034_02262_collision_orbit_right_64_seed41262_object_deformation_visible.jpg,CONTACT_SHEET_PASS,,TypeM_v11_synthetic_visible,synthetic_controlled,object_deformation_visible
v11_SYN_EXTRA_0035_02262_collision_orbit_right_64_seed41262_object_duplicate_or_fragment,reports/dpo_pair_factory_v11/contact_sheets/v11_SYN_EXTRA_0035_02262_collision_orbit_right_64_seed41262_object_duplicate_or_fragment.jpg,CONTACT_SHEET_PASS,,TypeM_v11_synthetic_visible,synthetic_controlled,object_duplicate_or_fragment
v11_SYN_EXTRA_0036_02262_collision_orbit_right_64_seed41262_local_scene_patch_drift,reports/dpo_pair_factory_v11/contact_sheets/v11_SYN_EXTRA_0036_02262_collision_orbit_right_64_seed41262_local_scene_patch_drift.jpg,CONTACT_SHEET_PASS,,TypeM_v11_synthetic_visible,synthetic_controlled,local_scene_patch_drift
v11_SYN_EXTRA_0037_02276_collision_orbit_right_64_seed41276_collision_response_failure_synthetic,reports/dpo_pair_factory_v11/contact_sheets/v11_SYN_EXTRA_0037_02276_collision_orbit_right_64_seed41276_collision_response_failure_synthetic.jpg,CONTACT_SHEET_PASS,,TypeM_v11_synthetic_visible,synthetic_controlled,collision_response_failure_synthetic
v11_SYN_EXTRA_0038_02276_collision_orbit_right_64_seed41276_object_deformation_visible,reports/dpo_pair_factory_v11/contact_sheets/v11_SYN_EXTRA_0038_02276_collision_orbit_right_64_seed41276_object_deformation_visible.jpg,CONTACT_SHEET_PASS,,TypeM_v11_synthetic_visible,synthetic_controlled,object_deformation_visible
v11_SYN_EXTRA_0039_02276_collision_orbit_right_64_seed41276_object_duplicate_or_fragment,reports/dpo_pair_factory_v11/contact_sheets/v11_SYN_EXTRA_0039_02276_collision_orbit_right_64_seed41276_object_duplicate_or_fragment.jpg,CONTACT_SHEET_PASS,,TypeM_v11_synthetic_visible,synthetic_controlled,object_duplicate_or_fragment
v11_SYN_EXTRA_0040_02276_collision_orbit_right_64_seed41276_local_scene_patch_drift,reports/dpo_pair_factory_v11/contact_sheets/v11_SYN_EXTRA_0040_02276_collision_orbit_right_64_seed41276_local_scene_patch_drift.jpg,CONTACT_SHEET_PASS,,TypeM_v11_synthetic_visible,synthetic_controlled,local_scene_patch_drift
v11_SYN_EXTRA_0041_02284_collision_orbit_right_64_seed41284_collision_response_failure_synthetic,reports/dpo_pair_factory_v11/contact_sheets/v11_SYN_EXTRA_0041_02284_collision_orbit_right_64_seed41284_collision_response_failure_synthetic.jpg,CONTACT_SHEET_PASS,,TypeM_v11_synthetic_visible,synthetic_controlled,collision_response_failure_synthetic
v11_SYN_EXTRA_0042_02284_collision_orbit_right_64_seed41284_object_deformation_visible,reports/dpo_pair_factory_v11/contact_sheets/v11_SYN_EXTRA_0042_02284_collision_orbit_right_64_seed41284_object_deformation_visible.jpg,CONTACT_SHEET_PASS,,TypeM_v11_synthetic_visible,synthetic_controlled,object_deformation_visible
v11_SYN_EXTRA_0043_02284_collision_orbit_right_64_seed41284_object_duplicate_or_fragment,reports/dpo_pair_factory_v11/contact_sheets/v11_SYN_EXTRA_0043_02284_collision_orbit_right_64_seed41284_object_duplicate_or_fragment.jpg,CONTACT_SHEET_PASS,,TypeM_v11_synthetic_visible,synthetic_controlled,object_duplicate_or_fragment
v11_SYN_EXTRA_0044_02284_collision_orbit_right_64_seed41284_local_scene_patch_drift,reports/dpo_pair_factory_v11/contact_sheets/v11_SYN_EXTRA_0044_02284_collision_orbit_right_64_seed41284_local_scene_patch_drift.jpg,CONTACT_SHEET_PASS,,TypeM_v11_synthetic_visible,synthetic_controlled,local_scene_patch_drift
v11_SYN_EXTRA_0045_02286_collision_orbit_right_64_seed41286_collision_response_failure_synthetic,reports/dpo_pair_factory_v11/contact_sheets/v11_SYN_EXTRA_0045_02286_collision_orbit_right_64_seed41286_collision_response_failure_synthetic.jpg,CONTACT_SHEET_PASS,,TypeM_v11_synthetic_visible,synthetic_controlled,collision_response_failure_synthetic
v11_SYN_EXTRA_0046_02286_collision_orbit_right_64_seed41286_object_deformation_visible,reports/dpo_pair_factory_v11/contact_sheets/v11_SYN_EXTRA_0046_02286_collision_orbit_right_64_seed41286_object_deformation_visible.jpg,CONTACT_SHEET_PASS,,TypeM_v11_synthetic_visible,synthetic_controlled,object_deformation_visible
v11_SYN_EXTRA_0047_02286_collision_orbit_right_64_seed41286_object_duplicate_or_fragment,reports/dpo_pair_factory_v11/contact_sheets/v11_SYN_EXTRA_0047_02286_collision_orbit_right_64_seed41286_object_duplicate_or_fragment.jpg,CONTACT_SHEET_PASS,,TypeM_v11_synthetic_visible,synthetic_controlled,object_duplicate_or_fragment
v11_SYN_EXTRA_0048_02286_collision_orbit_right_64_seed41286_local_scene_patch_drift,reports/dpo_pair_factory_v11/contact_sheets/v11_SYN_EXTRA_0048_02286_collision_orbit_right_64_seed41286_local_scene_patch_drift.jpg,CONTACT_SHEET_PASS,,TypeM_v11_synthetic_visible,synthetic_controlled,local_scene_patch_drift
v11_SYN_EXTRA_0049_02288_collision_orbit_right_64_seed41288_collision_response_failure_synthetic,reports/dpo_pair_factory_v11/contact_sheets/v11_SYN_EXTRA_0049_02288_collision_orbit_right_64_seed41288_collision_response_failure_synthetic.jpg,CONTACT_SHEET_PASS,,TypeM_v11_synthetic_visible,synthetic_controlled,collision_response_failure_synthetic
v11_SYN_EXTRA_0050_02288_collision_orbit_right_64_seed41288_object_deformation_visible,reports/dpo_pair_factory_v11/contact_sheets/v11_SYN_EXTRA_0050_02288_collision_orbit_right_64_seed41288_object_deformation_visible.jpg,CONTACT_SHEET_PASS,,TypeM_v11_synthetic_visible,synthetic_controlled,object_deformation_visible
v11_SYN_EXTRA_0051_02288_collision_orbit_right_64_seed41288_object_duplicate_or_fragment,reports/dpo_pair_factory_v11/contact_sheets/v11_SYN_EXTRA_0051_02288_collision_orbit_right_64_seed41288_object_duplicate_or_fragment.jpg,CONTACT_SHEET_PASS,,TypeM_v11_synthetic_visible,synthetic_controlled,object_duplicate_or_fragment
v11_SYN_EXTRA_0052_02288_collision_orbit_right_64_seed41288_local_scene_patch_drift,reports/dpo_pair_factory_v11/contact_sheets/v11_SYN_EXTRA_0052_02288_collision_orbit_right_64_seed41288_local_scene_patch_drift.jpg,CONTACT_SHEET_PASS,,TypeM_v11_synthetic_visible,synthetic_controlled,local_scene_patch_drift
v11_SYN_EXTRA_0053_02292_collision_orbit_right_64_seed41292_collision_response_failure_synthetic,reports/dpo_pair_factory_v11/contact_sheets/v11_SYN_EXTRA_0053_02292_collision_orbit_right_64_seed41292_collision_response_failure_synthetic.jpg,CONTACT_SHEET_PASS,,TypeM_v11_synthetic_visible,synthetic_controlled,collision_response_failure_synthetic
v11_SYN_EXTRA_0054_02292_collision_orbit_right_64_seed41292_object_deformation_visible,reports/dpo_pair_factory_v11/contact_sheets/v11_SYN_EXTRA_0054_02292_collision_orbit_right_64_seed41292_object_deformation_visible.jpg,CONTACT_SHEET_PASS,,TypeM_v11_synthetic_visible,synthetic_controlled,object_deformation_visible
v11_SYN_EXTRA_0055_02292_collision_orbit_right_64_seed41292_object_duplicate_or_fragment,reports/dpo_pair_factory_v11/contact_sheets/v11_SYN_EXTRA_0055_02292_collision_orbit_right_64_seed41292_object_duplicate_or_fragment.jpg,CONTACT_SHEET_PASS,,TypeM_v11_synthetic_visible,synthetic_controlled,object_duplicate_or_fragment
v11_SYN_EXTRA_0056_02292_collision_orbit_right_64_seed41292_local_scene_patch_drift,reports/dpo_pair_factory_v11/contact_sheets/v11_SYN_EXTRA_0056_02292_collision_orbit_right_64_seed41292_local_scene_patch_drift.jpg,CONTACT_SHEET_PASS,,TypeM_v11_synthetic_visible,synthetic_controlled,local_scene_patch_drift
v11_SYN_EXTRA_0057_02295_collision_strafe_left_180_seed41295_collision_response_failure_synthetic,reports/dpo_pair_factory_v11/contact_sheets/v11_SYN_EXTRA_0057_02295_collision_strafe_left_180_seed41295_collision_response_failure_synthetic.jpg,CONTACT_SHEET_PASS,,TypeM_v11_synthetic_visible,synthetic_controlled,collision_response_failure_synthetic
v11_SYN_EXTRA_0058_02295_collision_strafe_left_180_seed41295_object_deformation_visible,reports/dpo_pair_factory_v11/contact_sheets/v11_SYN_EXTRA_0058_02295_collision_strafe_left_180_seed41295_object_deformation_visible.jpg,CONTACT_SHEET_PASS,,TypeM_v11_synthetic_visible,synthetic_controlled,object_deformation_visible
v11_SYN_EXTRA_0059_02295_collision_strafe_left_180_seed41295_object_duplicate_or_fragment,reports/dpo_pair_factory_v11/contact_sheets/v11_SYN_EXTRA_0059_02295_collision_strafe_left_180_seed41295_object_duplicate_or_fragment.jpg,CONTACT_SHEET_PASS,,TypeM_v11_synthetic_visible,synthetic_controlled,object_duplicate_or_fragment
v11_SYN_EXTRA_0060_02295_collision_strafe_left_180_seed41295_local_scene_patch_drift,reports/dpo_pair_factory_v11/contact_sheets/v11_SYN_EXTRA_0060_02295_collision_strafe_left_180_seed41295_local_scene_patch_drift.jpg,CONTACT_SHEET_PASS,,TypeM_v11_synthetic_visible,synthetic_controlled,local_scene_patch_drift
v11_SYN_EXTRA_0061_02327_collision_strafe_left_180_seed41327_collision_response_failure_synthetic,reports/dpo_pair_factory_v11/contact_sheets/v11_SYN_EXTRA_0061_02327_collision_strafe_left_180_seed41327_collision_response_failure_synthetic.jpg,CONTACT_SHEET_PASS,,TypeM_v11_synthetic_visible,synthetic_controlled,collision_response_failure_synthetic
v11_SYN_EXTRA_0062_02327_collision_strafe_left_180_seed41327_object_deformation_visible,reports/dpo_pair_factory_v11/contact_sheets/v11_SYN_EXTRA_0062_02327_collision_strafe_left_180_seed41327_object_deformation_visible.jpg,CONTACT_SHEET_PASS,,TypeM_v11_synthetic_visible,synthetic_controlled,object_deformation_visible
v11_SYN_EXTRA_0063_02327_collision_strafe_left_180_seed41327_object_duplicate_or_fragment,reports/dpo_pair_factory_v11/contact_sheets/v11_SYN_EXTRA_0063_02327_collision_strafe_left_180_seed41327_object_duplicate_or_fragment.jpg,CONTACT_SHEET_PASS,,TypeM_v11_synthetic_visible,synthetic_controlled,object_duplicate_or_fragment
v11_SYN_EXTRA_0064_02327_collision_strafe_left_180_seed41327_local_scene_patch_drift,reports/dpo_pair_factory_v11/contact_sheets/v11_SYN_EXTRA_0064_02327_collision_strafe_left_180_seed41327_local_scene_patch_drift.jpg,CONTACT_SHEET_PASS,,TypeM_v11_synthetic_visible,synthetic_controlled,local_scene_patch_drift
v11_SYN_EXTRA_0065_02328_collision_orbit_right_64_seed41328_collision_response_failure_synthetic,reports/dpo_pair_factory_v11/contact_sheets/v11_SYN_EXTRA_0065_02328_collision_orbit_right_64_seed41328_collision_response_failure_synthetic.jpg,CONTACT_SHEET_PASS,,TypeM_v11_synthetic_visible,synthetic_controlled,collision_response_failure_synthetic
v11_SYN_EXTRA_0066_02328_collision_orbit_right_64_seed41328_object_deformation_visible,reports/dpo_pair_factory_v11/contact_sheets/v11_SYN_EXTRA_0066_02328_collision_orbit_right_64_seed41328_object_deformation_visible.jpg,CONTACT_SHEET_PASS,,TypeM_v11_synthetic_visible,synthetic_controlled,object_deformation_visible
v11_SYN_EXTRA_0067_02328_collision_orbit_right_64_seed41328_object_duplicate_or_fragment,reports/dpo_pair_factory_v11/contact_sheets/v11_SYN_EXTRA_0067_02328_collision_orbit_right_64_seed41328_object_duplicate_or_fragment.jpg,CONTACT_SHEET_PASS,,TypeM_v11_synthetic_visible,synthetic_controlled,object_duplicate_or_fragment
v11_SYN_EXTRA_0068_02328_collision_orbit_right_64_seed41328_local_scene_patch_drift,reports/dpo_pair_factory_v11/contact_sheets/v11_SYN_EXTRA_0068_02328_collision_orbit_right_64_seed41328_local_scene_patch_drift.jpg,CONTACT_SHEET_PASS,,TypeM_v11_synthetic_visible,synthetic_controlled,local_scene_patch_drift
v11_SYN_EXTRA_0069_02353_collision_strafe_left_180_seed41353_collision_response_failure_synthetic,reports/dpo_pair_factory_v11/contact_sheets/v11_SYN_EXTRA_0069_02353_collision_strafe_left_180_seed41353_collision_response_failure_synthetic.jpg,CONTACT_SHEET_PASS,,TypeM_v11_synthetic_visible,synthetic_controlled,collision_response_failure_synthetic
v11_SYN_EXTRA_0070_02353_collision_strafe_left_180_seed41353_object_deformation_visible,reports/dpo_pair_factory_v11/contact_sheets/v11_SYN_EXTRA_0070_02353_collision_strafe_left_180_seed41353_object_deformation_visible.jpg,CONTACT_SHEET_PASS,,TypeM_v11_synthetic_visible,synthetic_controlled,object_deformation_visible
v11_SYN_EXTRA_0071_02353_collision_strafe_left_180_seed41353_object_duplicate_or_fragment,reports/dpo_pair_factory_v11/contact_sheets/v11_SYN_EXTRA_0071_02353_collision_strafe_left_180_seed41353_object_duplicate_or_fragment.jpg,CONTACT_SHEET_PASS,,TypeM_v11_synthetic_visible,synthetic_controlled,object_duplicate_or_fragment
v11_SYN_EXTRA_0072_02353_collision_strafe_left_180_seed41353_local_scene_patch_drift,reports/dpo_pair_factory_v11/contact_sheets/v11_SYN_EXTRA_0072_02353_collision_strafe_left_180_seed41353_local_scene_patch_drift.jpg,CONTACT_SHEET_PASS,,TypeM_v11_synthetic_visible,synthetic_controlled,local_scene_patch_drift
v11_SYN_EXTRA_0073_02360_collision_orbit_right_64_seed41360_collision_response_failure_synthetic,reports/dpo_pair_factory_v11/contact_sheets/v11_SYN_EXTRA_0073_02360_collision_orbit_right_64_seed41360_collision_response_failure_synthetic.jpg,CONTACT_SHEET_PASS,,TypeM_v11_synthetic_visible,synthetic_controlled,collision_response_failure_synthetic
v11_SYN_EXTRA_0074_02360_collision_orbit_right_64_seed41360_object_deformation_visible,reports/dpo_pair_factory_v11/contact_sheets/v11_SYN_EXTRA_0074_02360_collision_orbit_right_64_seed41360_object_deformation_visible.jpg,CONTACT_SHEET_PASS,,TypeM_v11_synthetic_visible,synthetic_controlled,object_deformation_visible
v11_SYN_EXTRA_0075_02360_collision_orbit_right_64_seed41360_object_duplicate_or_fragment,reports/dpo_pair_factory_v11/contact_sheets/v11_SYN_EXTRA_0075_02360_collision_orbit_right_64_seed41360_object_duplicate_or_fragment.jpg,CONTACT_SHEET_PASS,,TypeM_v11_synthetic_visible,synthetic_controlled,object_duplicate_or_fragment
v11_SYN_EXTRA_0076_02360_collision_orbit_right_64_seed41360_local_scene_patch_drift,reports/dpo_pair_factory_v11/contact_sheets/v11_SYN_EXTRA_0076_02360_collision_orbit_right_64_seed41360_local_scene_patch_drift.jpg,CONTACT_SHEET_PASS,,TypeM_v11_synthetic_visible,synthetic_controlled,local_scene_patch_drift
v11_SYN_EXTRA_0077_02366_collision_orbit_right_64_seed41366_collision_response_failure_synthetic,reports/dpo_pair_factory_v11/contact_sheets/v11_SYN_EXTRA_0077_02366_collision_orbit_right_64_seed41366_collision_response_failure_synthetic.jpg,CONTACT_SHEET_PASS,,TypeM_v11_synthetic_visible,synthetic_controlled,collision_response_failure_synthetic
v11_SYN_EXTRA_0078_02366_collision_orbit_right_64_seed41366_object_deformation_visible,reports/dpo_pair_factory_v11/contact_sheets/v11_SYN_EXTRA_0078_02366_collision_orbit_right_64_seed41366_object_deformation_visible.jpg,CONTACT_SHEET_PASS,,TypeM_v11_synthetic_visible,synthetic_controlled,object_deformation_visible
v11_SYN_EXTRA_0079_02366_collision_orbit_right_64_seed41366_object_duplicate_or_fragment,reports/dpo_pair_factory_v11/contact_sheets/v11_SYN_EXTRA_0079_02366_collision_orbit_right_64_seed41366_object_duplicate_or_fragment.jpg,CONTACT_SHEET_PASS,,TypeM_v11_synthetic_visible,synthetic_controlled,object_duplicate_or_fragment
v11_SYN_EXTRA_0080_02366_collision_orbit_right_64_seed41366_local_scene_patch_drift,reports/dpo_pair_factory_v11/contact_sheets/v11_SYN_EXTRA_0080_02366_collision_orbit_right_64_seed41366_local_scene_patch_drift.jpg,CONTACT_SHEET_PASS,,TypeM_v11_synthetic_visible,synthetic_controlled,local_scene_patch_drift
v11_SYN_EXTRA_0081_02378_collision_orbit_right_64_seed41378_collision_response_failure_synthetic,reports/dpo_pair_factory_v11/contact_sheets/v11_SYN_EXTRA_0081_02378_collision_orbit_right_64_seed41378_collision_response_failure_synthetic.jpg,CONTACT_SHEET_PASS,,TypeM_v11_synthetic_visible,synthetic_controlled,collision_response_failure_synthetic
v11_SYN_EXTRA_0082_02378_collision_orbit_right_64_seed41378_object_deformation_visible,reports/dpo_pair_factory_v11/contact_sheets/v11_SYN_EXTRA_0082_02378_collision_orbit_right_64_seed41378_object_deformation_visible.jpg,CONTACT_SHEET_PASS,,TypeM_v11_synthetic_visible,synthetic_controlled,object_deformation_visible
v11_SYN_EXTRA_0083_02378_collision_orbit_right_64_seed41378_object_duplicate_or_fragment,reports/dpo_pair_factory_v11/contact_sheets/v11_SYN_EXTRA_0083_02378_collision_orbit_right_64_seed41378_object_duplicate_or_fragment.jpg,CONTACT_SHEET_PASS,,TypeM_v11_synthetic_visible,synthetic_controlled,object_duplicate_or_fragment
v11_SYN_EXTRA_0084_02378_collision_orbit_right_64_seed41378_local_scene_patch_drift,reports/dpo_pair_factory_v11/contact_sheets/v11_SYN_EXTRA_0084_02378_collision_orbit_right_64_seed41378_local_scene_patch_drift.jpg,CONTACT_SHEET_PASS,,TypeM_v11_synthetic_visible,synthetic_controlled,local_scene_patch_drift
v11_SYN_EXTRA_0085_02384_collision_orbit_right_64_seed41384_collision_response_failure_synthetic,reports/dpo_pair_factory_v11/contact_sheets/v11_SYN_EXTRA_0085_02384_collision_orbit_right_64_seed41384_collision_response_failure_synthetic.jpg,CONTACT_SHEET_PASS,,TypeM_v11_synthetic_visible,synthetic_controlled,collision_response_failure_synthetic
v11_SYN_EXTRA_0086_02384_collision_orbit_right_64_seed41384_object_deformation_visible,reports/dpo_pair_factory_v11/contact_sheets/v11_SYN_EXTRA_0086_02384_collision_orbit_right_64_seed41384_object_deformation_visible.jpg,CONTACT_SHEET_PASS,,TypeM_v11_synthetic_visible,synthetic_controlled,object_deformation_visible
v11_SYN_EXTRA_0087_02384_collision_orbit_right_64_seed41384_object_duplicate_or_fragment,reports/dpo_pair_factory_v11/contact_sheets/v11_SYN_EXTRA_0087_02384_collision_orbit_right_64_seed41384_object_duplicate_or_fragment.jpg,CONTACT_SHEET_PASS,,TypeM_v11_synthetic_visible,synthetic_controlled,object_duplicate_or_fragment
v11_SYN_EXTRA_0088_02384_collision_orbit_right_64_seed41384_local_scene_patch_drift,reports/dpo_pair_factory_v11/contact_sheets/v11_SYN_EXTRA_0088_02384_collision_orbit_right_64_seed41384_local_scene_patch_drift.jpg,CONTACT_SHEET_PASS,,TypeM_v11_synthetic_visible,synthetic_controlled,local_scene_patch_drift
v11_SYN_EXTRA_0089_prefix5_anchored_1128e39109fc83_object_deformation_collision_response_failure_synthetic,reports/dpo_pair_factory_v11/contact_sheets/v11_SYN_EXTRA_0089_prefix5_anchored_1128e39109fc83_object_deformation_collision_response_failure_synthetic.jpg,CONTACT_SHEET_PASS,,TypeM_v11_synthetic_visible,synthetic_controlled,collision_response_failure_synthetic
v11_SYN_EXTRA_0090_prefix5_anchored_1128e39109fc83_object_deformation_object_deformation_visible,reports/dpo_pair_factory_v11/contact_sheets/v11_SYN_EXTRA_0090_prefix5_anchored_1128e39109fc83_object_deformation_object_deformation_visible.jpg,CONTACT_SHEET_PASS,,TypeM_v11_synthetic_visible,synthetic_controlled,object_deformation_visible
v11_SYN_EXTRA_0091_prefix5_anchored_1128e39109fc83_object_deformation_object_duplicate_or_fragment,reports/dpo_pair_factory_v11/contact_sheets/v11_SYN_EXTRA_0091_prefix5_anchored_1128e39109fc83_object_deformation_object_duplicate_or_fragment.jpg,CONTACT_SHEET_PASS,,TypeM_v11_synthetic_visible,synthetic_controlled,object_duplicate_or_fragment
v11_SYN_EXTRA_0092_prefix5_anchored_1128e39109fc83_object_deformation_local_scene_patch_drift,reports/dpo_pair_factory_v11/contact_sheets/v11_SYN_EXTRA_0092_prefix5_anchored_1128e39109fc83_object_deformation_local_scene_patch_drift.jpg,CONTACT_SHEET_PASS,,TypeM_v11_synthetic_visible,synthetic_controlled,local_scene_patch_drift
v11_SYN_EXTRA_0093_prefix5_anchored_1ca3412d8f73c8_nonrigid_background_warp_collision_response_failure_synthetic,reports/dpo_pair_factory_v11/contact_sheets/v11_SYN_EXTRA_0093_prefix5_anchored_1ca3412d8f73c8_nonrigid_background_warp_collision_response_failure_synthetic.jpg,CONTACT_SHEET_PASS,,TypeM_v11_synthetic_visible,synthetic_controlled,collision_response_failure_synthetic
v11_SYN_EXTRA_0094_prefix5_anchored_1ca3412d8f73c8_nonrigid_background_warp_object_deformation_visible,reports/dpo_pair_factory_v11/contact_sheets/v11_SYN_EXTRA_0094_prefix5_anchored_1ca3412d8f73c8_nonrigid_background_warp_object_deformation_visible.jpg,CONTACT_SHEET_PASS,,TypeM_v11_synthetic_visible,synthetic_controlled,object_deformation_visible
v11_SYN_EXTRA_0095_prefix5_anchored_1ca3412d8f73c8_nonrigid_background_warp_object_duplicate_or_fragment,reports/dpo_pair_factory_v11/contact_sheets/v11_SYN_EXTRA_0095_prefix5_anchored_1ca3412d8f73c8_nonrigid_background_warp_object_duplicate_or_fragment.jpg,CONTACT_SHEET_PASS,,TypeM_v11_synthetic_visible,synthetic_controlled,object_duplicate_or_fragment
v11_SYN_EXTRA_0096_prefix5_anchored_1ca3412d8f73c8_nonrigid_background_warp_local_scene_patch_drift,reports/dpo_pair_factory_v11/contact_sheets/v11_SYN_EXTRA_0096_prefix5_anchored_1ca3412d8f73c8_nonrigid_background_warp_local_scene_patch_drift.jpg,CONTACT_SHEET_PASS,,TypeM_v11_synthetic_visible,synthetic_controlled,local_scene_patch_drift
v11_SYN_EXTRA_0097_prefix5_anchored_3e28b01a2ca2ef_reobserve_mismatch_collision_response_failure_synthetic,reports/dpo_pair_factory_v11/contact_sheets/v11_SYN_EXTRA_0097_prefix5_anchored_3e28b01a2ca2ef_reobserve_mismatch_collision_response_failure_synthetic.jpg,CONTACT_SHEET_PASS,,TypeM_v11_synthetic_visible,synthetic_controlled,collision_response_failure_synthetic
v11_SYN_EXTRA_0098_prefix5_anchored_3e28b01a2ca2ef_reobserve_mismatch_object_deformation_visible,reports/dpo_pair_factory_v11/contact_sheets/v11_SYN_EXTRA_0098_prefix5_anchored_3e28b01a2ca2ef_reobserve_mismatch_object_deformation_visible.jpg,CONTACT_SHEET_PASS,,TypeM_v11_synthetic_visible,synthetic_controlled,object_deformation_visible
v11_SYN_EXTRA_0099_prefix5_anchored_3e28b01a2ca2ef_reobserve_mismatch_object_duplicate_or_fragment,reports/dpo_pair_factory_v11/contact_sheets/v11_SYN_EXTRA_0099_prefix5_anchored_3e28b01a2ca2ef_reobserve_mismatch_object_duplicate_or_fragment.jpg,CONTACT_SHEET_PASS,,TypeM_v11_synthetic_visible,synthetic_controlled,object_duplicate_or_fragment
v11_SYN_EXTRA_0100_prefix5_anchored_3e28b01a2ca2ef_reobserve_mismatch_local_scene_patch_drift,reports/dpo_pair_factory_v11/contact_sheets/v11_SYN_EXTRA_0100_prefix5_anchored_3e28b01a2ca2ef_reobserve_mismatch_local_scene_patch_drift.jpg,CONTACT_SHEET_PASS,,TypeM_v11_synthetic_visible,synthetic_controlled,local_scene_patch_drift
v11_SYN_EXTRA_0101_prefix5_anchored_525c18bc4422f0_background_drift_collision_response_failure_synthetic,reports/dpo_pair_factory_v11/contact_sheets/v11_SYN_EXTRA_0101_prefix5_anchored_525c18bc4422f0_background_drift_collision_response_failure_synthetic.jpg,CONTACT_SHEET_PASS,,TypeM_v11_synthetic_visible,synthetic_controlled,collision_response_failure_synthetic
v11_SYN_EXTRA_0102_prefix5_anchored_525c18bc4422f0_background_drift_object_deformation_visible,reports/dpo_pair_factory_v11/contact_sheets/v11_SYN_EXTRA_0102_prefix5_anchored_525c18bc4422f0_background_drift_object_deformation_visible.jpg,CONTACT_SHEET_PASS,,TypeM_v11_synthetic_visible,synthetic_controlled,object_deformation_visible
v11_SYN_EXTRA_0103_prefix5_anchored_525c18bc4422f0_background_drift_object_duplicate_or_fragment,reports/dpo_pair_factory_v11/contact_sheets/v11_SYN_EXTRA_0103_prefix5_anchored_525c18bc4422f0_background_drift_object_duplicate_or_fragment.jpg,CONTACT_SHEET_PASS,,TypeM_v11_synthetic_visible,synthetic_controlled,object_duplicate_or_fragment
v11_SYN_EXTRA_0104_prefix5_anchored_525c18bc4422f0_background_drift_local_scene_patch_drift,reports/dpo_pair_factory_v11/contact_sheets/v11_SYN_EXTRA_0104_prefix5_anchored_525c18bc4422f0_background_drift_local_scene_patch_drift.jpg,CONTACT_SHEET_PASS,,TypeM_v11_synthetic_visible,synthetic_controlled,local_scene_patch_drift
v11_SYN_EXTRA_0105_prefix5_anchored_7f708dfe212ad6_freeze_foreground_collision_response_failure_synthetic,reports/dpo_pair_factory_v11/contact_sheets/v11_SYN_EXTRA_0105_prefix5_anchored_7f708dfe212ad6_freeze_foreground_collision_response_failure_synthetic.jpg,CONTACT_SHEET_PASS,,TypeM_v11_synthetic_visible,synthetic_controlled,collision_response_failure_synthetic
v11_SYN_EXTRA_0106_prefix5_anchored_7f708dfe212ad6_freeze_foreground_object_deformation_visible,reports/dpo_pair_factory_v11/contact_sheets/v11_SYN_EXTRA_0106_prefix5_anchored_7f708dfe212ad6_freeze_foreground_object_deformation_visible.jpg,CONTACT_SHEET_PASS,,TypeM_v11_synthetic_visible,synthetic_controlled,object_deformation_visible
v11_SYN_EXTRA_0107_prefix5_anchored_7f708dfe212ad6_freeze_foreground_object_duplicate_or_fragment,reports/dpo_pair_factory_v11/contact_sheets/v11_SYN_EXTRA_0107_prefix5_anchored_7f708dfe212ad6_freeze_foreground_object_duplicate_or_fragment.jpg,CONTACT_SHEET_PASS,,TypeM_v11_synthetic_visible,synthetic_controlled,object_duplicate_or_fragment
v11_SYN_EXTRA_0108_prefix5_anchored_7f708dfe212ad6_freeze_foreground_local_scene_patch_drift,reports/dpo_pair_factory_v11/contact_sheets/v11_SYN_EXTRA_0108_prefix5_anchored_7f708dfe212ad6_freeze_foreground_local_scene_patch_drift.jpg,CONTACT_SHEET_PASS,,TypeM_v11_synthetic_visible,synthetic_controlled,local_scene_patch_drift
v11_SYN_EXTRA_0109_prefix5_anchored_b53591379e11c1_object_deformation_collision_response_failure_synthetic,reports/dpo_pair_factory_v11/contact_sheets/v11_SYN_EXTRA_0109_prefix5_anchored_b53591379e11c1_object_deformation_collision_response_failure_synthetic.jpg,CONTACT_SHEET_PASS,,TypeM_v11_synthetic_visible,synthetic_controlled,collision_response_failure_synthetic
v11_SYN_EXTRA_0110_prefix5_anchored_b53591379e11c1_object_deformation_object_deformation_visible,reports/dpo_pair_factory_v11/contact_sheets/v11_SYN_EXTRA_0110_prefix5_anchored_b53591379e11c1_object_deformation_object_deformation_visible.jpg,CONTACT_SHEET_PASS,,TypeM_v11_synthetic_visible,synthetic_controlled,object_deformation_visible
v11_SYN_EXTRA_0111_prefix5_anchored_b53591379e11c1_object_deformation_object_duplicate_or_fragment,reports/dpo_pair_factory_v11/contact_sheets/v11_SYN_EXTRA_0111_prefix5_anchored_b53591379e11c1_object_deformation_object_duplicate_or_fragment.jpg,CONTACT_SHEET_PASS,,TypeM_v11_synthetic_visible,synthetic_controlled,object_duplicate_or_fragment
v11_SYN_EXTRA_0112_prefix5_anchored_b53591379e11c1_object_deformation_local_scene_patch_drift,reports/dpo_pair_factory_v11/contact_sheets/v11_SYN_EXTRA_0112_prefix5_anchored_b53591379e11c1_object_deformation_local_scene_patch_drift.jpg,CONTACT_SHEET_PASS,,TypeM_v11_synthetic_visible,synthetic_controlled,local_scene_patch_drift
v11_SYN_EXTRA_0113_prefix5_anchored_e78653865b3413_wrong_camera_motion_collision_response_failure_synthetic,reports/dpo_pair_factory_v11/contact_sheets/v11_SYN_EXTRA_0113_prefix5_anchored_e78653865b3413_wrong_camera_motion_collision_response_failure_synthetic.jpg,CONTACT_SHEET_PASS,,TypeM_v11_synthetic_visible,synthetic_controlled,collision_response_failure_synthetic
v11_SYN_EXTRA_0114_prefix5_anchored_e78653865b3413_wrong_camera_motion_object_deformation_visible,reports/dpo_pair_factory_v11/contact_sheets/v11_SYN_EXTRA_0114_prefix5_anchored_e78653865b3413_wrong_camera_motion_object_deformation_visible.jpg,CONTACT_SHEET_PASS,,TypeM_v11_synthetic_visible,synthetic_controlled,object_deformation_visible
v11_SYN_EXTRA_0115_prefix5_anchored_e78653865b3413_wrong_camera_motion_object_duplicate_or_fragment,reports/dpo_pair_factory_v11/contact_sheets/v11_SYN_EXTRA_0115_prefix5_anchored_e78653865b3413_wrong_camera_motion_object_duplicate_or_fragment.jpg,CONTACT_SHEET_PASS,,TypeM_v11_synthetic_visible,synthetic_controlled,object_duplicate_or_fragment
v11_SYN_EXTRA_0116_prefix5_anchored_e78653865b3413_wrong_camera_motion_local_scene_patch_drift,reports/dpo_pair_factory_v11/contact_sheets/v11_SYN_EXTRA_0116_prefix5_anchored_e78653865b3413_wrong_camera_motion_local_scene_patch_drift.jpg,CONTACT_SHEET_PASS,,TypeM_v11_synthetic_visible,synthetic_controlled,local_scene_patch_drift
v11_SYN_EXTRA_0117_prefix5_anchored_ebade3740fe2f4_object_identity_change_collision_response_failure_synthetic,reports/dpo_pair_factory_v11/contact_sheets/v11_SYN_EXTRA_0117_prefix5_anchored_ebade3740fe2f4_object_identity_change_collision_response_failure_synthetic.jpg,CONTACT_SHEET_PASS,,TypeM_v11_synthetic_visible,synthetic_controlled,collision_response_failure_synthetic
v11_SYN_EXTRA_0118_prefix5_anchored_ebade3740fe2f4_object_identity_change_object_deformation_visible,reports/dpo_pair_factory_v11/contact_sheets/v11_SYN_EXTRA_0118_prefix5_anchored_ebade3740fe2f4_object_identity_change_object_deformation_visible.jpg,CONTACT_SHEET_PASS,,TypeM_v11_synthetic_visible,synthetic_controlled,object_deformation_visible
v11_SYN_EXTRA_0119_prefix5_anchored_ebade3740fe2f4_object_identity_change_object_duplicate_or_fragment,reports/dpo_pair_factory_v11/contact_sheets/v11_SYN_EXTRA_0119_prefix5_anchored_ebade3740fe2f4_object_identity_change_object_duplicate_or_fragment.jpg,CONTACT_SHEET_PASS,,TypeM_v11_synthetic_visible,synthetic_controlled,object_duplicate_or_fragment
v11_SYN_EXTRA_0120_prefix5_anchored_ebade3740fe2f4_object_identity_change_local_scene_patch_drift,reports/dpo_pair_factory_v11/contact_sheets/v11_SYN_EXTRA_0120_prefix5_anchored_ebade3740fe2f4_object_identity_change_local_scene_patch_drift.jpg,CONTACT_SHEET_PASS,,TypeM_v11_synthetic_visible,synthetic_controlled,local_scene_patch_drift
v11_SYN_EXTRA_0121_prefix5_anchored_ede413792fce8b_nonrigid_background_warp_collision_response_failure_synthetic,reports/dpo_pair_factory_v11/contact_sheets/v11_SYN_EXTRA_0121_prefix5_anchored_ede413792fce8b_nonrigid_background_warp_collision_response_failure_synthetic.jpg,CONTACT_SHEET_PASS,,TypeM_v11_synthetic_visible,synthetic_controlled,collision_response_failure_synthetic
v11_SYN_EXTRA_0122_prefix5_anchored_ede413792fce8b_nonrigid_background_warp_object_deformation_visible,reports/dpo_pair_factory_v11/contact_sheets/v11_SYN_EXTRA_0122_prefix5_anchored_ede413792fce8b_nonrigid_background_warp_object_deformation_visible.jpg,CONTACT_SHEET_PASS,,TypeM_v11_synthetic_visible,synthetic_controlled,object_deformation_visible
v11_SYN_EXTRA_0123_prefix5_anchored_ede413792fce8b_nonrigid_background_warp_object_duplicate_or_fragment,reports/dpo_pair_factory_v11/contact_sheets/v11_SYN_EXTRA_0123_prefix5_anchored_ede413792fce8b_nonrigid_background_warp_object_duplicate_or_fragment.jpg,CONTACT_SHEET_PASS,,TypeM_v11_synthetic_visible,synthetic_controlled,object_duplicate_or_fragment
v11_SYN_EXTRA_0124_prefix5_anchored_ede413792fce8b_nonrigid_background_warp_local_scene_patch_drift,reports/dpo_pair_factory_v11/contact_sheets/v11_SYN_EXTRA_0124_prefix5_anchored_ede413792fce8b_nonrigid_background_warp_local_scene_patch_drift.jpg,CONTACT_SHEET_PASS,,TypeM_v11_synthetic_visible,synthetic_controlled,local_scene_patch_drift
v11_SYN_EXTRA_0125_prefix5_anchored_ff65f1ae3e7ca8_background_drift_collision_response_failure_synthetic,reports/dpo_pair_factory_v11/contact_sheets/v11_SYN_EXTRA_0125_prefix5_anchored_ff65f1ae3e7ca8_background_drift_collision_response_failure_synthetic.jpg,CONTACT_SHEET_PASS,,TypeM_v11_synthetic_visible,synthetic_controlled,collision_response_failure_synthetic
v11_SYN_EXTRA_0126_prefix5_anchored_ff65f1ae3e7ca8_background_drift_object_deformation_visible,reports/dpo_pair_factory_v11/contact_sheets/v11_SYN_EXTRA_0126_prefix5_anchored_ff65f1ae3e7ca8_background_drift_object_deformation_visible.jpg,CONTACT_SHEET_PASS,,TypeM_v11_synthetic_visible,synthetic_controlled,object_deformation_visible
v11_SYN_EXTRA_0127_prefix5_anchored_ff65f1ae3e7ca8_background_drift_object_duplicate_or_fragment,reports/dpo_pair_factory_v11/contact_sheets/v11_SYN_EXTRA_0127_prefix5_anchored_ff65f1ae3e7ca8_background_drift_object_duplicate_or_fragment.jpg,CONTACT_SHEET_PASS,,TypeM_v11_synthetic_visible,synthetic_controlled,object_duplicate_or_fragment
v11_SYN_EXTRA_0128_prefix5_anchored_ff65f1ae3e7ca8_background_drift_local_scene_patch_drift,reports/dpo_pair_factory_v11/contact_sheets/v11_SYN_EXTRA_0128_prefix5_anchored_ff65f1ae3e7ca8_background_drift_local_scene_patch_drift.jpg,CONTACT_SHEET_PASS,,TypeM_v11_synthetic_visible,synthetic_controlled,local_scene_patch_drift
v11_SYN_EXTRA_0129_v6_02200_collision_orbit_right_64_seed41200_collision_response_failure_synthetic,reports/dpo_pair_factory_v11/contact_sheets/v11_SYN_EXTRA_0129_v6_02200_collision_orbit_right_64_seed41200_collision_response_failure_synthetic.jpg,CONTACT_SHEET_PASS,,TypeM_v11_synthetic_visible,synthetic_controlled,collision_response_failure_synthetic
v11_SYN_EXTRA_0130_v6_02200_collision_orbit_right_64_seed41200_object_deformation_visible,reports/dpo_pair_factory_v11/contact_sheets/v11_SYN_EXTRA_0130_v6_02200_collision_orbit_right_64_seed41200_object_deformation_visible.jpg,CONTACT_SHEET_PASS,,TypeM_v11_synthetic_visible,synthetic_controlled,object_deformation_visible
v11_SYN_EXTRA_0131_v6_02200_collision_orbit_right_64_seed41200_object_duplicate_or_fragment,reports/dpo_pair_factory_v11/contact_sheets/v11_SYN_EXTRA_0131_v6_02200_collision_orbit_right_64_seed41200_object_duplicate_or_fragment.jpg,CONTACT_SHEET_PASS,,TypeM_v11_synthetic_visible,synthetic_controlled,object_duplicate_or_fragment
v11_SYN_EXTRA_0132_v6_02200_collision_orbit_right_64_seed41200_local_scene_patch_drift,reports/dpo_pair_factory_v11/contact_sheets/v11_SYN_EXTRA_0132_v6_02200_collision_orbit_right_64_seed41200_local_scene_patch_drift.jpg,CONTACT_SHEET_PASS,,TypeM_v11_synthetic_visible,synthetic_controlled,local_scene_patch_drift
v11_SYN_EXTRA_0133_v6_02202_collision_orbit_right_64_seed41202_collision_response_failure_synthetic,reports/dpo_pair_factory_v11/contact_sheets/v11_SYN_EXTRA_0133_v6_02202_collision_orbit_right_64_seed41202_collision_response_failure_synthetic.jpg,CONTACT_SHEET_PASS,,TypeM_v11_synthetic_visible,synthetic_controlled,collision_response_failure_synthetic
v11_SYN_EXTRA_0134_v6_02202_collision_orbit_right_64_seed41202_object_deformation_visible,reports/dpo_pair_factory_v11/contact_sheets/v11_SYN_EXTRA_0134_v6_02202_collision_orbit_right_64_seed41202_object_deformation_visible.jpg,CONTACT_SHEET_PASS,,TypeM_v11_synthetic_visible,synthetic_controlled,object_deformation_visible
v11_SYN_EXTRA_0135_v6_02202_collision_orbit_right_64_seed41202_object_duplicate_or_fragment,reports/dpo_pair_factory_v11/contact_sheets/v11_SYN_EXTRA_0135_v6_02202_collision_orbit_right_64_seed41202_object_duplicate_or_fragment.jpg,CONTACT_SHEET_PASS,,TypeM_v11_synthetic_visible,synthetic_controlled,object_duplicate_or_fragment
v11_SYN_EXTRA_0136_v6_02202_collision_orbit_right_64_seed41202_local_scene_patch_drift,reports/dpo_pair_factory_v11/contact_sheets/v11_SYN_EXTRA_0136_v6_02202_collision_orbit_right_64_seed41202_local_scene_patch_drift.jpg,CONTACT_SHEET_PASS,,TypeM_v11_synthetic_visible,synthetic_controlled,local_scene_patch_drift
v11_SYN_EXTRA_0137_v6_02222_collision_orbit_right_64_seed41222_collision_response_failure_synthetic,reports/dpo_pair_factory_v11/contact_sheets/v11_SYN_EXTRA_0137_v6_02222_collision_orbit_right_64_seed41222_collision_response_failure_synthetic.jpg,CONTACT_SHEET_PASS,,TypeM_v11_synthetic_visible,synthetic_controlled,collision_response_failure_synthetic
v11_SYN_EXTRA_0138_v6_02222_collision_orbit_right_64_seed41222_object_deformation_visible,reports/dpo_pair_factory_v11/contact_sheets/v11_SYN_EXTRA_0138_v6_02222_collision_orbit_right_64_seed41222_object_deformation_visible.jpg,CONTACT_SHEET_PASS,,TypeM_v11_synthetic_visible,synthetic_controlled,object_deformation_visible
v11_SYN_EXTRA_0139_v6_02222_collision_orbit_right_64_seed41222_object_duplicate_or_fragment,reports/dpo_pair_factory_v11/contact_sheets/v11_SYN_EXTRA_0139_v6_02222_collision_orbit_right_64_seed41222_object_duplicate_or_fragment.jpg,CONTACT_SHEET_PASS,,TypeM_v11_synthetic_visible,synthetic_controlled,object_duplicate_or_fragment
v11_SYN_EXTRA_0140_v6_02222_collision_orbit_right_64_seed41222_local_scene_patch_drift,reports/dpo_pair_factory_v11/contact_sheets/v11_SYN_EXTRA_0140_v6_02222_collision_orbit_right_64_seed41222_local_scene_patch_drift.jpg,CONTACT_SHEET_PASS,,TypeM_v11_synthetic_visible,synthetic_controlled,local_scene_patch_drift
v11_SYN_EXTRA_0141_v6_02226_collision_orbit_right_64_seed41226_collision_response_failure_synthetic,reports/dpo_pair_factory_v11/contact_sheets/v11_SYN_EXTRA_0141_v6_02226_collision_orbit_right_64_seed41226_collision_response_failure_synthetic.jpg,CONTACT_SHEET_PASS,,TypeM_v11_synthetic_visible,synthetic_controlled,collision_response_failure_synthetic
v11_SYN_EXTRA_0142_v6_02226_collision_orbit_right_64_seed41226_object_deformation_visible,reports/dpo_pair_factory_v11/contact_sheets/v11_SYN_EXTRA_0142_v6_02226_collision_orbit_right_64_seed41226_object_deformation_visible.jpg,CONTACT_SHEET_PASS,,TypeM_v11_synthetic_visible,synthetic_controlled,object_deformation_visible
v11_SYN_EXTRA_0143_v6_02226_collision_orbit_right_64_seed41226_object_duplicate_or_fragment,reports/dpo_pair_factory_v11/contact_sheets/v11_SYN_EXTRA_0143_v6_02226_collision_orbit_right_64_seed41226_object_duplicate_or_fragment.jpg,CONTACT_SHEET_PASS,,TypeM_v11_synthetic_visible,synthetic_controlled,object_duplicate_or_fragment
v11_SYN_EXTRA_0144_v6_02226_collision_orbit_right_64_seed41226_local_scene_patch_drift,reports/dpo_pair_factory_v11/contact_sheets/v11_SYN_EXTRA_0144_v6_02226_collision_orbit_right_64_seed41226_local_scene_patch_drift.jpg,CONTACT_SHEET_PASS,,TypeM_v11_synthetic_visible,synthetic_controlled,local_scene_patch_drift
v11_SYN_EXTRA_0145_04204_containment_orbit_left_44_seed43204_containment_failure_synthetic,reports/dpo_pair_factory_v11/contact_sheets/v11_SYN_EXTRA_0145_04204_containment_orbit_left_44_seed43204_containment_failure_synthetic.jpg,CONTACT_SHEET_PASS,,TypeM_v11_synthetic_visible,synthetic_controlled,containment_failure_synthetic
v11_SYN_EXTRA_0146_04204_containment_orbit_left_44_seed43204_reobserve_mismatch_visible,reports/dpo_pair_factory_v11/contact_sheets/v11_SYN_EXTRA_0146_04204_containment_orbit_left_44_seed43204_reobserve_mismatch_visible.jpg,CONTACT_SHEET_PASS,,TypeM_v11_synthetic_visible,synthetic_controlled,reobserve_mismatch_visible
v11_SYN_EXTRA_0147_04204_containment_orbit_left_44_seed43204_object_duplicate_or_fragment,reports/dpo_pair_factory_v11/contact_sheets/v11_SYN_EXTRA_0147_04204_containment_orbit_left_44_seed43204_object_duplicate_or_fragment.jpg,CONTACT_SHEET_PASS,,TypeM_v11_synthetic_visible,synthetic_controlled,object_duplicate_or_fragment
v11_SYN_EXTRA_0148_04204_containment_orbit_left_44_seed43204_local_scene_patch_drift,reports/dpo_pair_factory_v11/contact_sheets/v11_SYN_EXTRA_0148_04204_containment_orbit_left_44_seed43204_local_scene_patch_drift.jpg,CONTACT_SHEET_PASS,,TypeM_v11_synthetic_visible,synthetic_controlled,local_scene_patch_drift
v11_SYN_EXTRA_0149_04209_containment_orbit_left_44_seed43209_containment_failure_synthetic,reports/dpo_pair_factory_v11/contact_sheets/v11_SYN_EXTRA_0149_04209_containment_orbit_left_44_seed43209_containment_failure_synthetic.jpg,CONTACT_SHEET_PASS,,TypeM_v11_synthetic_visible,synthetic_controlled,containment_failure_synthetic
v11_SYN_EXTRA_0150_04209_containment_orbit_left_44_seed43209_reobserve_mismatch_visible,reports/dpo_pair_factory_v11/contact_sheets/v11_SYN_EXTRA_0150_04209_containment_orbit_left_44_seed43209_reobserve_mismatch_visible.jpg,CONTACT_SHEET_PASS,,TypeM_v11_synthetic_visible,synthetic_controlled,reobserve_mismatch_visible
v11_SYN_EXTRA_0151_04209_containment_orbit_left_44_seed43209_object_duplicate_or_fragment,reports/dpo_pair_factory_v11/contact_sheets/v11_SYN_EXTRA_0151_04209_containment_orbit_left_44_seed43209_object_duplicate_or_fragment.jpg,CONTACT_SHEET_PASS,,TypeM_v11_synthetic_visible,synthetic_controlled,object_duplicate_or_fragment
v11_SYN_EXTRA_0152_04209_containment_orbit_left_44_seed43209_local_scene_patch_drift,reports/dpo_pair_factory_v11/contact_sheets/v11_SYN_EXTRA_0152_04209_containment_orbit_left_44_seed43209_local_scene_patch_drift.jpg,CONTACT_SHEET_PASS,,TypeM_v11_synthetic_visible,synthetic_controlled,local_scene_patch_drift
v11_SYN_EXTRA_0153_04214_containment_orbit_left_44_seed43214_containment_failure_synthetic,reports/dpo_pair_factory_v11/contact_sheets/v11_SYN_EXTRA_0153_04214_containment_orbit_left_44_seed43214_containment_failure_synthetic.jpg,CONTACT_SHEET_PASS,,TypeM_v11_synthetic_visible,synthetic_controlled,containment_failure_synthetic
v11_SYN_EXTRA_0154_04214_containment_orbit_left_44_seed43214_reobserve_mismatch_visible,reports/dpo_pair_factory_v11/contact_sheets/v11_SYN_EXTRA_0154_04214_containment_orbit_left_44_seed43214_reobserve_mismatch_visible.jpg,CONTACT_SHEET_PASS,,TypeM_v11_synthetic_visible,synthetic_controlled,reobserve_mismatch_visible
v11_SYN_EXTRA_0155_04214_containment_orbit_left_44_seed43214_object_duplicate_or_fragment,reports/dpo_pair_factory_v11/contact_sheets/v11_SYN_EXTRA_0155_04214_containment_orbit_left_44_seed43214_object_duplicate_or_fragment.jpg,CONTACT_SHEET_PASS,,TypeM_v11_synthetic_visible,synthetic_controlled,object_duplicate_or_fragment
v11_SYN_EXTRA_0156_04214_containment_orbit_left_44_seed43214_local_scene_patch_drift,reports/dpo_pair_factory_v11/contact_sheets/v11_SYN_EXTRA_0156_04214_containment_orbit_left_44_seed43214_local_scene_patch_drift.jpg,CONTACT_SHEET_PASS,,TypeM_v11_synthetic_visible,synthetic_controlled,local_scene_patch_drift
v11_SYN_EXTRA_0157_04228_containment_orbit_left_44_seed43228_containment_failure_synthetic,reports/dpo_pair_factory_v11/contact_sheets/v11_SYN_EXTRA_0157_04228_containment_orbit_left_44_seed43228_containment_failure_synthetic.jpg,CONTACT_SHEET_PASS,,TypeM_v11_synthetic_visible,synthetic_controlled,containment_failure_synthetic
v11_SYN_EXTRA_0158_04228_containment_orbit_left_44_seed43228_reobserve_mismatch_visible,reports/dpo_pair_factory_v11/contact_sheets/v11_SYN_EXTRA_0158_04228_containment_orbit_left_44_seed43228_reobserve_mismatch_visible.jpg,CONTACT_SHEET_PASS,,TypeM_v11_synthetic_visible,synthetic_controlled,reobserve_mismatch_visible
v11_SYN_EXTRA_0159_04228_containment_orbit_left_44_seed43228_object_duplicate_or_fragment,reports/dpo_pair_factory_v11/contact_sheets/v11_SYN_EXTRA_0159_04228_containment_orbit_left_44_seed43228_object_duplicate_or_fragment.jpg,CONTACT_SHEET_PASS,,TypeM_v11_synthetic_visible,synthetic_controlled,object_duplicate_or_fragment
v11_SYN_EXTRA_0160_04228_containment_orbit_left_44_seed43228_local_scene_patch_drift,reports/dpo_pair_factory_v11/contact_sheets/v11_SYN_EXTRA_0160_04228_containment_orbit_left_44_seed43228_local_scene_patch_drift.jpg,CONTACT_SHEET_PASS,,TypeM_v11_synthetic_visible,synthetic_controlled,local_scene_patch_drift
v11_SYN_EXTRA_0161_04236_containment_orbit_left_44_seed43236_containment_failure_synthetic,reports/dpo_pair_factory_v11/contact_sheets/v11_SYN_EXTRA_0161_04236_containment_orbit_left_44_seed43236_containment_failure_synthetic.jpg,CONTACT_SHEET_PASS,,TypeM_v11_synthetic_visible,synthetic_controlled,containment_failure_synthetic
v11_SYN_EXTRA_0162_04236_containment_orbit_left_44_seed43236_reobserve_mismatch_visible,reports/dpo_pair_factory_v11/contact_sheets/v11_SYN_EXTRA_0162_04236_containment_orbit_left_44_seed43236_reobserve_mismatch_visible.jpg,CONTACT_SHEET_PASS,,TypeM_v11_synthetic_visible,synthetic_controlled,reobserve_mismatch_visible
v11_SYN_EXTRA_0163_04236_containment_orbit_left_44_seed43236_object_duplicate_or_fragment,reports/dpo_pair_factory_v11/contact_sheets/v11_SYN_EXTRA_0163_04236_containment_orbit_left_44_seed43236_object_duplicate_or_fragment.jpg,CONTACT_SHEET_PASS,,TypeM_v11_synthetic_visible,synthetic_controlled,object_duplicate_or_fragment
v11_SYN_EXTRA_0164_04236_containment_orbit_left_44_seed43236_local_scene_patch_drift,reports/dpo_pair_factory_v11/contact_sheets/v11_SYN_EXTRA_0164_04236_containment_orbit_left_44_seed43236_local_scene_patch_drift.jpg,CONTACT_SHEET_PASS,,TypeM_v11_synthetic_visible,synthetic_controlled,local_scene_patch_drift
v11_SYN_EXTRA_0165_04248_containment_orbit_left_44_seed43248_containment_failure_synthetic,reports/dpo_pair_factory_v11/contact_sheets/v11_SYN_EXTRA_0165_04248_containment_orbit_left_44_seed43248_containment_failure_synthetic.jpg,CONTACT_SHEET_PASS,,TypeM_v11_synthetic_visible,synthetic_controlled,containment_failure_synthetic
v11_SYN_EXTRA_0166_04248_containment_orbit_left_44_seed43248_reobserve_mismatch_visible,reports/dpo_pair_factory_v11/contact_sheets/v11_SYN_EXTRA_0166_04248_containment_orbit_left_44_seed43248_reobserve_mismatch_visible.jpg,CONTACT_SHEET_PASS,,TypeM_v11_synthetic_visible,synthetic_controlled,reobserve_mismatch_visible
v11_SYN_EXTRA_0167_04248_containment_orbit_left_44_seed43248_object_duplicate_or_fragment,reports/dpo_pair_factory_v11/contact_sheets/v11_SYN_EXTRA_0167_04248_containment_orbit_left_44_seed43248_object_duplicate_or_fragment.jpg,CONTACT_SHEET_PASS,,TypeM_v11_synthetic_visible,synthetic_controlled,object_duplicate_or_fragment
v11_SYN_EXTRA_0168_04248_containment_orbit_left_44_seed43248_local_scene_patch_drift,reports/dpo_pair_factory_v11/contact_sheets/v11_SYN_EXTRA_0168_04248_containment_orbit_left_44_seed43248_local_scene_patch_drift.jpg,CONTACT_SHEET_PASS,,TypeM_v11_synthetic_visible,synthetic_controlled,local_scene_patch_drift
v11_SYN_EXTRA_0169_04249_containment_orbit_left_44_seed43249_containment_failure_synthetic,reports/dpo_pair_factory_v11/contact_sheets/v11_SYN_EXTRA_0169_04249_containment_orbit_left_44_seed43249_containment_failure_synthetic.jpg,CONTACT_SHEET_PASS,,TypeM_v11_synthetic_visible,synthetic_controlled,containment_failure_synthetic
v11_SYN_EXTRA_0170_04249_containment_orbit_left_44_seed43249_reobserve_mismatch_visible,reports/dpo_pair_factory_v11/contact_sheets/v11_SYN_EXTRA_0170_04249_containment_orbit_left_44_seed43249_reobserve_mismatch_visible.jpg,CONTACT_SHEET_PASS,,TypeM_v11_synthetic_visible,synthetic_controlled,reobserve_mismatch_visible
v11_SYN_EXTRA_0171_04249_containment_orbit_left_44_seed43249_object_duplicate_or_fragment,reports/dpo_pair_factory_v11/contact_sheets/v11_SYN_EXTRA_0171_04249_containment_orbit_left_44_seed43249_object_duplicate_or_fragment.jpg,CONTACT_SHEET_PASS,,TypeM_v11_synthetic_visible,synthetic_controlled,object_duplicate_or_fragment
v11_SYN_EXTRA_0172_04249_containment_orbit_left_44_seed43249_local_scene_patch_drift,reports/dpo_pair_factory_v11/contact_sheets/v11_SYN_EXTRA_0172_04249_containment_orbit_left_44_seed43249_local_scene_patch_drift.jpg,CONTACT_SHEET_PASS,,TypeM_v11_synthetic_visible,synthetic_controlled,local_scene_patch_drift
v11_SYN_EXTRA_0173_04252_containment_orbit_left_44_seed43252_containment_failure_synthetic,reports/dpo_pair_factory_v11/contact_sheets/v11_SYN_EXTRA_0173_04252_containment_orbit_left_44_seed43252_containment_failure_synthetic.jpg,CONTACT_SHEET_PASS,,TypeM_v11_synthetic_visible,synthetic_controlled,containment_failure_synthetic
v11_SYN_EXTRA_0174_04252_containment_orbit_left_44_seed43252_reobserve_mismatch_visible,reports/dpo_pair_factory_v11/contact_sheets/v11_SYN_EXTRA_0174_04252_containment_orbit_left_44_seed43252_reobserve_mismatch_visible.jpg,CONTACT_SHEET_PASS,,TypeM_v11_synthetic_visible,synthetic_controlled,reobserve_mismatch_visible
v11_SYN_EXTRA_0175_04252_containment_orbit_left_44_seed43252_object_duplicate_or_fragment,reports/dpo_pair_factory_v11/contact_sheets/v11_SYN_EXTRA_0175_04252_containment_orbit_left_44_seed43252_object_duplicate_or_fragment.jpg,CONTACT_SHEET_PASS,,TypeM_v11_synthetic_visible,synthetic_controlled,object_duplicate_or_fragment
v11_SYN_EXTRA_0176_04252_containment_orbit_left_44_seed43252_local_scene_patch_drift,reports/dpo_pair_factory_v11/contact_sheets/v11_SYN_EXTRA_0176_04252_containment_orbit_left_44_seed43252_local_scene_patch_drift.jpg,CONTACT_SHEET_PASS,,TypeM_v11_synthetic_visible,synthetic_controlled,local_scene_patch_drift
v11_SYN_EXTRA_0177_04260_containment_orbit_left_44_seed43260_containment_failure_synthetic,reports/dpo_pair_factory_v11/contact_sheets/v11_SYN_EXTRA_0177_04260_containment_orbit_left_44_seed43260_containment_failure_synthetic.jpg,CONTACT_SHEET_PASS,,TypeM_v11_synthetic_visible,synthetic_controlled,containment_failure_synthetic
v11_SYN_EXTRA_0178_04260_containment_orbit_left_44_seed43260_reobserve_mismatch_visible,reports/dpo_pair_factory_v11/contact_sheets/v11_SYN_EXTRA_0178_04260_containment_orbit_left_44_seed43260_reobserve_mismatch_visible.jpg,CONTACT_SHEET_PASS,,TypeM_v11_synthetic_visible,synthetic_controlled,reobserve_mismatch_visible
v11_SYN_EXTRA_0179_04260_containment_orbit_left_44_seed43260_object_duplicate_or_fragment,reports/dpo_pair_factory_v11/contact_sheets/v11_SYN_EXTRA_0179_04260_containment_orbit_left_44_seed43260_object_duplicate_or_fragment.jpg,CONTACT_SHEET_PASS,,TypeM_v11_synthetic_visible,synthetic_controlled,object_duplicate_or_fragment
v11_SYN_EXTRA_0180_04260_containment_orbit_left_44_seed43260_local_scene_patch_drift,reports/dpo_pair_factory_v11/contact_sheets/v11_SYN_EXTRA_0180_04260_containment_orbit_left_44_seed43260_local_scene_patch_drift.jpg,CONTACT_SHEET_PASS,,TypeM_v11_synthetic_visible,synthetic_controlled,local_scene_patch_drift
v11_SYN_EXTRA_0181_04267_containment_orbit_left_44_seed43267_containment_failure_synthetic,reports/dpo_pair_factory_v11/contact_sheets/v11_SYN_EXTRA_0181_04267_containment_orbit_left_44_seed43267_containment_failure_synthetic.jpg,CONTACT_SHEET_PASS,,TypeM_v11_synthetic_visible,synthetic_controlled,containment_failure_synthetic
v11_SYN_EXTRA_0182_04267_containment_orbit_left_44_seed43267_reobserve_mismatch_visible,reports/dpo_pair_factory_v11/contact_sheets/v11_SYN_EXTRA_0182_04267_containment_orbit_left_44_seed43267_reobserve_mismatch_visible.jpg,CONTACT_SHEET_PASS,,TypeM_v11_synthetic_visible,synthetic_controlled,reobserve_mismatch_visible
v11_SYN_EXTRA_0183_04267_containment_orbit_left_44_seed43267_object_duplicate_or_fragment,reports/dpo_pair_factory_v11/contact_sheets/v11_SYN_EXTRA_0183_04267_containment_orbit_left_44_seed43267_object_duplicate_or_fragment.jpg,CONTACT_SHEET_PASS,,TypeM_v11_synthetic_visible,synthetic_controlled,object_duplicate_or_fragment
v11_SYN_EXTRA_0184_04267_containment_orbit_left_44_seed43267_local_scene_patch_drift,reports/dpo_pair_factory_v11/contact_sheets/v11_SYN_EXTRA_0184_04267_containment_orbit_left_44_seed43267_local_scene_patch_drift.jpg,CONTACT_SHEET_PASS,,TypeM_v11_synthetic_visible,synthetic_controlled,local_scene_patch_drift
v11_SYN_EXTRA_0185_04279_containment_orbit_left_44_seed43279_containment_failure_synthetic,reports/dpo_pair_factory_v11/contact_sheets/v11_SYN_EXTRA_0185_04279_containment_orbit_left_44_seed43279_containment_failure_synthetic.jpg,CONTACT_SHEET_PASS,,TypeM_v11_synthetic_visible,synthetic_controlled,containment_failure_synthetic
v11_SYN_EXTRA_0186_04279_containment_orbit_left_44_seed43279_reobserve_mismatch_visible,reports/dpo_pair_factory_v11/contact_sheets/v11_SYN_EXTRA_0186_04279_containment_orbit_left_44_seed43279_reobserve_mismatch_visible.jpg,CONTACT_SHEET_PASS,,TypeM_v11_synthetic_visible,synthetic_controlled,reobserve_mismatch_visible
v11_SYN_EXTRA_0187_04279_containment_orbit_left_44_seed43279_object_duplicate_or_fragment,reports/dpo_pair_factory_v11/contact_sheets/v11_SYN_EXTRA_0187_04279_containment_orbit_left_44_seed43279_object_duplicate_or_fragment.jpg,CONTACT_SHEET_PASS,,TypeM_v11_synthetic_visible,synthetic_controlled,object_duplicate_or_fragment
v11_SYN_EXTRA_0188_04279_containment_orbit_left_44_seed43279_local_scene_patch_drift,reports/dpo_pair_factory_v11/contact_sheets/v11_SYN_EXTRA_0188_04279_containment_orbit_left_44_seed43279_local_scene_patch_drift.jpg,CONTACT_SHEET_PASS,,TypeM_v11_synthetic_visible,synthetic_controlled,local_scene_patch_drift
v11_SYN_EXTRA_0189_04280_containment_orbit_left_44_seed43280_containment_failure_synthetic,reports/dpo_pair_factory_v11/contact_sheets/v11_SYN_EXTRA_0189_04280_containment_orbit_left_44_seed43280_containment_failure_synthetic.jpg,CONTACT_SHEET_PASS,,TypeM_v11_synthetic_visible,synthetic_controlled,containment_failure_synthetic
v11_SYN_EXTRA_0190_04280_containment_orbit_left_44_seed43280_reobserve_mismatch_visible,reports/dpo_pair_factory_v11/contact_sheets/v11_SYN_EXTRA_0190_04280_containment_orbit_left_44_seed43280_reobserve_mismatch_visible.jpg,CONTACT_SHEET_PASS,,TypeM_v11_synthetic_visible,synthetic_controlled,reobserve_mismatch_visible
v11_SYN_EXTRA_0191_04280_containment_orbit_left_44_seed43280_object_duplicate_or_fragment,reports/dpo_pair_factory_v11/contact_sheets/v11_SYN_EXTRA_0191_04280_containment_orbit_left_44_seed43280_object_duplicate_or_fragment.jpg,CONTACT_SHEET_PASS,,TypeM_v11_synthetic_visible,synthetic_controlled,object_duplicate_or_fragment
v11_SYN_EXTRA_0192_04280_containment_orbit_left_44_seed43280_local_scene_patch_drift,reports/dpo_pair_factory_v11/contact_sheets/v11_SYN_EXTRA_0192_04280_containment_orbit_left_44_seed43280_local_scene_patch_drift.jpg,CONTACT_SHEET_PASS,,TypeM_v11_synthetic_visible,synthetic_controlled,local_scene_patch_drift
v11_SYN_EXTRA_0193_04302_containment_orbit_left_44_seed43302_containment_failure_synthetic,reports/dpo_pair_factory_v11/contact_sheets/v11_SYN_EXTRA_0193_04302_containment_orbit_left_44_seed43302_containment_failure_synthetic.jpg,CONTACT_SHEET_PASS,,TypeM_v11_synthetic_visible,synthetic_controlled,containment_failure_synthetic
v11_SYN_EXTRA_0194_04302_containment_orbit_left_44_seed43302_reobserve_mismatch_visible,reports/dpo_pair_factory_v11/contact_sheets/v11_SYN_EXTRA_0194_04302_containment_orbit_left_44_seed43302_reobserve_mismatch_visible.jpg,CONTACT_SHEET_PASS,,TypeM_v11_synthetic_visible,synthetic_controlled,reobserve_mismatch_visible
v11_SYN_EXTRA_0195_04302_containment_orbit_left_44_seed43302_object_duplicate_or_fragment,reports/dpo_pair_factory_v11/contact_sheets/v11_SYN_EXTRA_0195_04302_containment_orbit_left_44_seed43302_object_duplicate_or_fragment.jpg,CONTACT_SHEET_PASS,,TypeM_v11_synthetic_visible,synthetic_controlled,object_duplicate_or_fragment
v11_SYN_EXTRA_0196_04302_containment_orbit_left_44_seed43302_local_scene_patch_drift,reports/dpo_pair_factory_v11/contact_sheets/v11_SYN_EXTRA_0196_04302_containment_orbit_left_44_seed43302_local_scene_patch_drift.jpg,CONTACT_SHEET_PASS,,TypeM_v11_synthetic_visible,synthetic_controlled,local_scene_patch_drift
v11_SYN_EXTRA_0197_04339_containment_orbit_left_44_seed43339_containment_failure_synthetic,reports/dpo_pair_factory_v11/contact_sheets/v11_SYN_EXTRA_0197_04339_containment_orbit_left_44_seed43339_containment_failure_synthetic.jpg,CONTACT_SHEET_PASS,,TypeM_v11_synthetic_visible,synthetic_controlled,containment_failure_synthetic
v11_SYN_EXTRA_0198_04339_containment_orbit_left_44_seed43339_reobserve_mismatch_visible,reports/dpo_pair_factory_v11/contact_sheets/v11_SYN_EXTRA_0198_04339_containment_orbit_left_44_seed43339_reobserve_mismatch_visible.jpg,CONTACT_SHEET_PASS,,TypeM_v11_synthetic_visible,synthetic_controlled,reobserve_mismatch_visible
v11_SYN_EXTRA_0199_04339_containment_orbit_left_44_seed43339_object_duplicate_or_fragment,reports/dpo_pair_factory_v11/contact_sheets/v11_SYN_EXTRA_0199_04339_containment_orbit_left_44_seed43339_object_duplicate_or_fragment.jpg,CONTACT_SHEET_PASS,,TypeM_v11_synthetic_visible,synthetic_controlled,object_duplicate_or_fragment
v11_SYN_EXTRA_0200_04339_containment_orbit_left_44_seed43339_local_scene_patch_drift,reports/dpo_pair_factory_v11/contact_sheets/v11_SYN_EXTRA_0200_04339_containment_orbit_left_44_seed43339_local_scene_patch_drift.jpg,CONTACT_SHEET_PASS,,TypeM_v11_synthetic_visible,synthetic_controlled,local_scene_patch_drift
v11_SYN_EXTRA_0201_04342_containment_orbit_left_44_seed43342_containment_failure_synthetic,reports/dpo_pair_factory_v11/contact_sheets/v11_SYN_EXTRA_0201_04342_containment_orbit_left_44_seed43342_containment_failure_synthetic.jpg,CONTACT_SHEET_PASS,,TypeM_v11_synthetic_visible,synthetic_controlled,containment_failure_synthetic
v11_SYN_EXTRA_0202_04342_containment_orbit_left_44_seed43342_reobserve_mismatch_visible,reports/dpo_pair_factory_v11/contact_sheets/v11_SYN_EXTRA_0202_04342_containment_orbit_left_44_seed43342_reobserve_mismatch_visible.jpg,CONTACT_SHEET_PASS,,TypeM_v11_synthetic_visible,synthetic_controlled,reobserve_mismatch_visible
v11_SYN_EXTRA_0203_04342_containment_orbit_left_44_seed43342_object_duplicate_or_fragment,reports/dpo_pair_factory_v11/contact_sheets/v11_SYN_EXTRA_0203_04342_containment_orbit_left_44_seed43342_object_duplicate_or_fragment.jpg,CONTACT_SHEET_PASS,,TypeM_v11_synthetic_visible,synthetic_controlled,object_duplicate_or_fragment
v11_SYN_EXTRA_0204_04342_containment_orbit_left_44_seed43342_local_scene_patch_drift,reports/dpo_pair_factory_v11/contact_sheets/v11_SYN_EXTRA_0204_04342_containment_orbit_left_44_seed43342_local_scene_patch_drift.jpg,CONTACT_SHEET_PASS,,TypeM_v11_synthetic_visible,synthetic_controlled,local_scene_patch_drift
v11_SYN_EXTRA_0205_04346_containment_orbit_left_44_seed43346_containment_failure_synthetic,reports/dpo_pair_factory_v11/contact_sheets/v11_SYN_EXTRA_0205_04346_containment_orbit_left_44_seed43346_containment_failure_synthetic.jpg,CONTACT_SHEET_PASS,,TypeM_v11_synthetic_visible,synthetic_controlled,containment_failure_synthetic
v11_SYN_EXTRA_0206_04346_containment_orbit_left_44_seed43346_reobserve_mismatch_visible,reports/dpo_pair_factory_v11/contact_sheets/v11_SYN_EXTRA_0206_04346_containment_orbit_left_44_seed43346_reobserve_mismatch_visible.jpg,CONTACT_SHEET_PASS,,TypeM_v11_synthetic_visible,synthetic_controlled,reobserve_mismatch_visible
v11_SYN_EXTRA_0207_04346_containment_orbit_left_44_seed43346_object_duplicate_or_fragment,reports/dpo_pair_factory_v11/contact_sheets/v11_SYN_EXTRA_0207_04346_containment_orbit_left_44_seed43346_object_duplicate_or_fragment.jpg,CONTACT_SHEET_PASS,,TypeM_v11_synthetic_visible,synthetic_controlled,object_duplicate_or_fragment
v11_SYN_EXTRA_0208_04346_containment_orbit_left_44_seed43346_local_scene_patch_drift,reports/dpo_pair_factory_v11/contact_sheets/v11_SYN_EXTRA_0208_04346_containment_orbit_left_44_seed43346_local_scene_patch_drift.jpg,CONTACT_SHEET_PASS,,TypeM_v11_synthetic_visible,synthetic_controlled,local_scene_patch_drift
v11_SYN_EXTRA_0209_04351_containment_orbit_left_44_seed43351_containment_failure_synthetic,reports/dpo_pair_factory_v11/contact_sheets/v11_SYN_EXTRA_0209_04351_containment_orbit_left_44_seed43351_containment_failure_synthetic.jpg,CONTACT_SHEET_PASS,,TypeM_v11_synthetic_visible,synthetic_controlled,containment_failure_synthetic
v11_SYN_EXTRA_0210_04351_containment_orbit_left_44_seed43351_reobserve_mismatch_visible,reports/dpo_pair_factory_v11/contact_sheets/v11_SYN_EXTRA_0210_04351_containment_orbit_left_44_seed43351_reobserve_mismatch_visible.jpg,CONTACT_SHEET_PASS,,TypeM_v11_synthetic_visible,synthetic_controlled,reobserve_mismatch_visible
v11_SYN_EXTRA_0211_04351_containment_orbit_left_44_seed43351_object_duplicate_or_fragment,reports/dpo_pair_factory_v11/contact_sheets/v11_SYN_EXTRA_0211_04351_containment_orbit_left_44_seed43351_object_duplicate_or_fragment.jpg,CONTACT_SHEET_PASS,,TypeM_v11_synthetic_visible,synthetic_controlled,object_duplicate_or_fragment
v11_SYN_EXTRA_0212_04351_containment_orbit_left_44_seed43351_local_scene_patch_drift,reports/dpo_pair_factory_v11/contact_sheets/v11_SYN_EXTRA_0212_04351_containment_orbit_left_44_seed43351_local_scene_patch_drift.jpg,CONTACT_SHEET_PASS,,TypeM_v11_synthetic_visible,synthetic_controlled,local_scene_patch_drift
v11_SYN_EXTRA_0213_04355_containment_orbit_left_44_seed43355_containment_failure_synthetic,reports/dpo_pair_factory_v11/contact_sheets/v11_SYN_EXTRA_0213_04355_containment_orbit_left_44_seed43355_containment_failure_synthetic.jpg,CONTACT_SHEET_PASS,,TypeM_v11_synthetic_visible,synthetic_controlled,containment_failure_synthetic
v11_SYN_EXTRA_0214_04355_containment_orbit_left_44_seed43355_reobserve_mismatch_visible,reports/dpo_pair_factory_v11/contact_sheets/v11_SYN_EXTRA_0214_04355_containment_orbit_left_44_seed43355_reobserve_mismatch_visible.jpg,CONTACT_SHEET_PASS,,TypeM_v11_synthetic_visible,synthetic_controlled,reobserve_mismatch_visible
v11_SYN_EXTRA_0215_04355_containment_orbit_left_44_seed43355_object_duplicate_or_fragment,reports/dpo_pair_factory_v11/contact_sheets/v11_SYN_EXTRA_0215_04355_containment_orbit_left_44_seed43355_object_duplicate_or_fragment.jpg,CONTACT_SHEET_PASS,,TypeM_v11_synthetic_visible,synthetic_controlled,object_duplicate_or_fragment
v11_SYN_EXTRA_0216_04355_containment_orbit_left_44_seed43355_local_scene_patch_drift,reports/dpo_pair_factory_v11/contact_sheets/v11_SYN_EXTRA_0216_04355_containment_orbit_left_44_seed43355_local_scene_patch_drift.jpg,CONTACT_SHEET_PASS,,TypeM_v11_synthetic_visible,synthetic_controlled,local_scene_patch_drift
v11_SYN_EXTRA_0217_04357_containment_orbit_left_44_seed43357_containment_failure_synthetic,reports/dpo_pair_factory_v11/contact_sheets/v11_SYN_EXTRA_0217_04357_containment_orbit_left_44_seed43357_containment_failure_synthetic.jpg,CONTACT_SHEET_PASS,,TypeM_v11_synthetic_visible,synthetic_controlled,containment_failure_synthetic
v11_SYN_EXTRA_0218_04357_containment_orbit_left_44_seed43357_reobserve_mismatch_visible,reports/dpo_pair_factory_v11/contact_sheets/v11_SYN_EXTRA_0218_04357_containment_orbit_left_44_seed43357_reobserve_mismatch_visible.jpg,CONTACT_SHEET_PASS,,TypeM_v11_synthetic_visible,synthetic_controlled,reobserve_mismatch_visible
v11_SYN_EXTRA_0219_04357_containment_orbit_left_44_seed43357_object_duplicate_or_fragment,reports/dpo_pair_factory_v11/contact_sheets/v11_SYN_EXTRA_0219_04357_containment_orbit_left_44_seed43357_object_duplicate_or_fragment.jpg,CONTACT_SHEET_PASS,,TypeM_v11_synthetic_visible,synthetic_controlled,object_duplicate_or_fragment
v11_SYN_EXTRA_0220_04357_containment_orbit_left_44_seed43357_local_scene_patch_drift,reports/dpo_pair_factory_v11/contact_sheets/v11_SYN_EXTRA_0220_04357_containment_orbit_left_44_seed43357_local_scene_patch_drift.jpg,CONTACT_SHEET_PASS,,TypeM_v11_synthetic_visible,synthetic_controlled,local_scene_patch_drift
v11_SYN_EXTRA_0221_04358_containment_orbit_left_44_seed43358_containment_failure_synthetic,reports/dpo_pair_factory_v11/contact_sheets/v11_SYN_EXTRA_0221_04358_containment_orbit_left_44_seed43358_containment_failure_synthetic.jpg,CONTACT_SHEET_PASS,,TypeM_v11_synthetic_visible,synthetic_controlled,containment_failure_synthetic
v11_SYN_EXTRA_0222_04358_containment_orbit_left_44_seed43358_reobserve_mismatch_visible,reports/dpo_pair_factory_v11/contact_sheets/v11_SYN_EXTRA_0222_04358_containment_orbit_left_44_seed43358_reobserve_mismatch_visible.jpg,CONTACT_SHEET_PASS,,TypeM_v11_synthetic_visible,synthetic_controlled,reobserve_mismatch_visible
v11_SYN_EXTRA_0223_04358_containment_orbit_left_44_seed43358_object_duplicate_or_fragment,reports/dpo_pair_factory_v11/contact_sheets/v11_SYN_EXTRA_0223_04358_containment_orbit_left_44_seed43358_object_duplicate_or_fragment.jpg,CONTACT_SHEET_PASS,,TypeM_v11_synthetic_visible,synthetic_controlled,object_duplicate_or_fragment
v11_SYN_EXTRA_0224_04358_containment_orbit_left_44_seed43358_local_scene_patch_drift,reports/dpo_pair_factory_v11/contact_sheets/v11_SYN_EXTRA_0224_04358_containment_orbit_left_44_seed43358_local_scene_patch_drift.jpg,CONTACT_SHEET_PASS,,TypeM_v11_synthetic_visible,synthetic_controlled,local_scene_patch_drift
v11_SYN_EXTRA_0225_prefix5_anchored_1279c3b65a6d9e_object_identity_change_containment_failure_synthetic,reports/dpo_pair_factory_v11/contact_sheets/v11_SYN_EXTRA_0225_prefix5_anchored_1279c3b65a6d9e_object_identity_change_containment_failure_synthetic.jpg,CONTACT_SHEET_PASS,,TypeM_v11_synthetic_visible,synthetic_controlled,containment_failure_synthetic
v11_SYN_EXTRA_0226_prefix5_anchored_1279c3b65a6d9e_object_identity_change_reobserve_mismatch_visible,reports/dpo_pair_factory_v11/contact_sheets/v11_SYN_EXTRA_0226_prefix5_anchored_1279c3b65a6d9e_object_identity_change_reobserve_mismatch_visible.jpg,CONTACT_SHEET_PASS,,TypeM_v11_synthetic_visible,synthetic_controlled,reobserve_mismatch_visible
v11_SYN_EXTRA_0227_prefix5_anchored_1279c3b65a6d9e_object_identity_change_object_duplicate_or_fragment,reports/dpo_pair_factory_v11/contact_sheets/v11_SYN_EXTRA_0227_prefix5_anchored_1279c3b65a6d9e_object_identity_change_object_duplicate_or_fragment.jpg,CONTACT_SHEET_PASS,,TypeM_v11_synthetic_visible,synthetic_controlled,object_duplicate_or_fragment
v11_SYN_EXTRA_0228_prefix5_anchored_1279c3b65a6d9e_object_identity_change_local_scene_patch_drift,reports/dpo_pair_factory_v11/contact_sheets/v11_SYN_EXTRA_0228_prefix5_anchored_1279c3b65a6d9e_object_identity_change_local_scene_patch_drift.jpg,CONTACT_SHEET_PASS,,TypeM_v11_synthetic_visible,synthetic_controlled,local_scene_patch_drift
v11_SYN_EXTRA_0229_prefix5_anchored_29df7c5cf94c4b_reobserve_mismatch_containment_failure_synthetic,reports/dpo_pair_factory_v11/contact_sheets/v11_SYN_EXTRA_0229_prefix5_anchored_29df7c5cf94c4b_reobserve_mismatch_containment_failure_synthetic.jpg,CONTACT_SHEET_PASS,,TypeM_v11_synthetic_visible,synthetic_controlled,containment_failure_synthetic
v11_SYN_EXTRA_0230_prefix5_anchored_29df7c5cf94c4b_reobserve_mismatch_reobserve_mismatch_visible,reports/dpo_pair_factory_v11/contact_sheets/v11_SYN_EXTRA_0230_prefix5_anchored_29df7c5cf94c4b_reobserve_mismatch_reobserve_mismatch_visible.jpg,CONTACT_SHEET_PASS,,TypeM_v11_synthetic_visible,synthetic_controlled,reobserve_mismatch_visible
v11_SYN_EXTRA_0231_prefix5_anchored_29df7c5cf94c4b_reobserve_mismatch_object_duplicate_or_fragment,reports/dpo_pair_factory_v11/contact_sheets/v11_SYN_EXTRA_0231_prefix5_anchored_29df7c5cf94c4b_reobserve_mismatch_object_duplicate_or_fragment.jpg,CONTACT_SHEET_PASS,,TypeM_v11_synthetic_visible,synthetic_controlled,object_duplicate_or_fragment
v11_SYN_EXTRA_0232_prefix5_anchored_29df7c5cf94c4b_reobserve_mismatch_local_scene_patch_drift,reports/dpo_pair_factory_v11/contact_sheets/v11_SYN_EXTRA_0232_prefix5_anchored_29df7c5cf94c4b_reobserve_mismatch_local_scene_patch_drift.jpg,CONTACT_SHEET_PASS,,TypeM_v11_synthetic_visible,synthetic_controlled,local_scene_patch_drift
v11_SYN_EXTRA_0233_prefix5_anchored_95981b8f74bed0_background_drift_containment_failure_synthetic,reports/dpo_pair_factory_v11/contact_sheets/v11_SYN_EXTRA_0233_prefix5_anchored_95981b8f74bed0_background_drift_containment_failure_synthetic.jpg,CONTACT_SHEET_PASS,,TypeM_v11_synthetic_visible,synthetic_controlled,containment_failure_synthetic
v11_SYN_EXTRA_0234_prefix5_anchored_95981b8f74bed0_background_drift_reobserve_mismatch_visible,reports/dpo_pair_factory_v11/contact_sheets/v11_SYN_EXTRA_0234_prefix5_anchored_95981b8f74bed0_background_drift_reobserve_mismatch_visible.jpg,CONTACT_SHEET_PASS,,TypeM_v11_synthetic_visible,synthetic_controlled,reobserve_mismatch_visible
v11_SYN_EXTRA_0235_prefix5_anchored_95981b8f74bed0_background_drift_object_duplicate_or_fragment,reports/dpo_pair_factory_v11/contact_sheets/v11_SYN_EXTRA_0235_prefix5_anchored_95981b8f74bed0_background_drift_object_duplicate_or_fragment.jpg,CONTACT_SHEET_PASS,,TypeM_v11_synthetic_visible,synthetic_controlled,object_duplicate_or_fragment
v11_SYN_EXTRA_0236_prefix5_anchored_95981b8f74bed0_background_drift_local_scene_patch_drift,reports/dpo_pair_factory_v11/contact_sheets/v11_SYN_EXTRA_0236_prefix5_anchored_95981b8f74bed0_background_drift_local_scene_patch_drift.jpg,CONTACT_SHEET_PASS,,TypeM_v11_synthetic_visible,synthetic_controlled,local_scene_patch_drift
v11_SYN_EXTRA_0237_prefix5_anchored_d744c2d6f264ba_object_deformation_containment_failure_synthetic,reports/dpo_pair_factory_v11/contact_sheets/v11_SYN_EXTRA_0237_prefix5_anchored_d744c2d6f264ba_object_deformation_containment_failure_synthetic.jpg,CONTACT_SHEET_PASS,,TypeM_v11_synthetic_visible,synthetic_controlled,containment_failure_synthetic
v11_SYN_EXTRA_0238_prefix5_anchored_d744c2d6f264ba_object_deformation_reobserve_mismatch_visible,reports/dpo_pair_factory_v11/contact_sheets/v11_SYN_EXTRA_0238_prefix5_anchored_d744c2d6f264ba_object_deformation_reobserve_mismatch_visible.jpg,CONTACT_SHEET_PASS,,TypeM_v11_synthetic_visible,synthetic_controlled,reobserve_mismatch_visible
v11_SYN_EXTRA_0239_prefix5_anchored_d744c2d6f264ba_object_deformation_object_duplicate_or_fragment,reports/dpo_pair_factory_v11/contact_sheets/v11_SYN_EXTRA_0239_prefix5_anchored_d744c2d6f264ba_object_deformation_object_duplicate_or_fragment.jpg,CONTACT_SHEET_PASS,,TypeM_v11_synthetic_visible,synthetic_controlled,object_duplicate_or_fragment
v11_SYN_EXTRA_0240_prefix5_anchored_d744c2d6f264ba_object_deformation_local_scene_patch_drift,reports/dpo_pair_factory_v11/contact_sheets/v11_SYN_EXTRA_0240_prefix5_anchored_d744c2d6f264ba_object_deformation_local_scene_patch_drift.jpg,CONTACT_SHEET_PASS,,TypeM_v11_synthetic_visible,synthetic_controlled,local_scene_patch_drift
v11_SYN_EXTRA_0241_prefix5_anchored_d86ae2fb1d25b2_freeze_foreground_containment_failure_synthetic,reports/dpo_pair_factory_v11/contact_sheets/v11_SYN_EXTRA_0241_prefix5_anchored_d86ae2fb1d25b2_freeze_foreground_containment_failure_synthetic.jpg,CONTACT_SHEET_PASS,,TypeM_v11_synthetic_visible,synthetic_controlled,containment_failure_synthetic
v11_SYN_EXTRA_0242_prefix5_anchored_d86ae2fb1d25b2_freeze_foreground_reobserve_mismatch_visible,reports/dpo_pair_factory_v11/contact_sheets/v11_SYN_EXTRA_0242_prefix5_anchored_d86ae2fb1d25b2_freeze_foreground_reobserve_mismatch_visible.jpg,CONTACT_SHEET_PASS,,TypeM_v11_synthetic_visible,synthetic_controlled,reobserve_mismatch_visible
v11_SYN_EXTRA_0243_prefix5_anchored_d86ae2fb1d25b2_freeze_foreground_object_duplicate_or_fragment,reports/dpo_pair_factory_v11/contact_sheets/v11_SYN_EXTRA_0243_prefix5_anchored_d86ae2fb1d25b2_freeze_foreground_object_duplicate_or_fragment.jpg,CONTACT_SHEET_PASS,,TypeM_v11_synthetic_visible,synthetic_controlled,object_duplicate_or_fragment
v11_SYN_EXTRA_0244_prefix5_anchored_d86ae2fb1d25b2_freeze_foreground_local_scene_patch_drift,reports/dpo_pair_factory_v11/contact_sheets/v11_SYN_EXTRA_0244_prefix5_anchored_d86ae2fb1d25b2_freeze_foreground_local_scene_patch_drift.jpg,CONTACT_SHEET_PASS,,TypeM_v11_synthetic_visible,synthetic_controlled,local_scene_patch_drift
v11_SYN_EXTRA_0245_prefix5_anchored_dc458b2cf487d8_wrong_camera_motion_containment_failure_synthetic,reports/dpo_pair_factory_v11/contact_sheets/v11_SYN_EXTRA_0245_prefix5_anchored_dc458b2cf487d8_wrong_camera_motion_containment_failure_synthetic.jpg,CONTACT_SHEET_PASS,,TypeM_v11_synthetic_visible,synthetic_controlled,containment_failure_synthetic
v11_SYN_EXTRA_0246_prefix5_anchored_dc458b2cf487d8_wrong_camera_motion_reobserve_mismatch_visible,reports/dpo_pair_factory_v11/contact_sheets/v11_SYN_EXTRA_0246_prefix5_anchored_dc458b2cf487d8_wrong_camera_motion_reobserve_mismatch_visible.jpg,CONTACT_SHEET_PASS,,TypeM_v11_synthetic_visible,synthetic_controlled,reobserve_mismatch_visible
v11_SYN_EXTRA_0247_prefix5_anchored_dc458b2cf487d8_wrong_camera_motion_object_duplicate_or_fragment,reports/dpo_pair_factory_v11/contact_sheets/v11_SYN_EXTRA_0247_prefix5_anchored_dc458b2cf487d8_wrong_camera_motion_object_duplicate_or_fragment.jpg,CONTACT_SHEET_PASS,,TypeM_v11_synthetic_visible,synthetic_controlled,object_duplicate_or_fragment
v11_SYN_EXTRA_0248_prefix5_anchored_dc458b2cf487d8_wrong_camera_motion_local_scene_patch_drift,reports/dpo_pair_factory_v11/contact_sheets/v11_SYN_EXTRA_0248_prefix5_anchored_dc458b2cf487d8_wrong_camera_motion_local_scene_patch_drift.jpg,CONTACT_SHEET_PASS,,TypeM_v11_synthetic_visible,synthetic_controlled,local_scene_patch_drift
v11_SYN_EXTRA_0249_v6_04204_containment_orbit_left_44_seed43204_containment_failure_synthetic,reports/dpo_pair_factory_v11/contact_sheets/v11_SYN_EXTRA_0249_v6_04204_containment_orbit_left_44_seed43204_containment_failure_synthetic.jpg,CONTACT_SHEET_PASS,,TypeM_v11_synthetic_visible,synthetic_controlled,containment_failure_synthetic
v11_SYN_EXTRA_0250_v6_04204_containment_orbit_left_44_seed43204_reobserve_mismatch_visible,reports/dpo_pair_factory_v11/contact_sheets/v11_SYN_EXTRA_0250_v6_04204_containment_orbit_left_44_seed43204_reobserve_mismatch_visible.jpg,CONTACT_SHEET_PASS,,TypeM_v11_synthetic_visible,synthetic_controlled,reobserve_mismatch_visible
