subset,pair_id,backend,frame_indices,num_frames,winner_video,loser_video,winner_distance_to_reference,loser_distance_to_reference,vjepa_margin,token_relation_winner,token_relation_loser,token_relation_margin,status,error_reason,seconds
calibration4,v11_SYN_0017_02215_collision_strafe_left_180_seed41215_background_drift_visible,vjepa2_1_vit_base_224_local_ema_encoder,"[5, 16, 26, 37, 48, 59, 69, 80]",8,/home/nvme04/workspace/world_model_phys/PHYS/world_model_phys/local_assets/data/physion/generated_v5/converted_stage1_v1/02215_collision_strafe_left_180_seed41215/video.mp4,/home/nvme04/workspace/world_model_phys/PHYS/world_model_phys_stageA_v5_broad_lora_work/local_assets/dpo_utility_calibration_v14/blocker_retry/reconstructed_pairs_calibration4/v11_SYN_0017_02215_collision_strafe_left_180_seed41215_background_drift_visible/loser_full_prefix5_plus_future.mp4,0.0,0.0009226799011230469,0.0009226799011230469,0.0,0.03883502259850502,0.03883502259850502,ok,,19.903
calibration4,v11_SYN_0035_02228_collision_orbit_right_64_seed41228_background_drift_visible,vjepa2_1_vit_base_224_local_ema_encoder,"[5, 16, 26, 37, 48, 59, 69, 80]",8,/home/nvme04/workspace/world_model_phys/PHYS/world_model_phys/local_assets/data/physion/generated_v5/converted_stage1_v1/02228_collision_orbit_right_64_seed41228/video.mp4,/home/nvme04/workspace/world_model_phys/PHYS/world_model_phys_stageA_v5_broad_lora_work/local_assets/dpo_utility_calibration_v14/blocker_retry/reconstructed_pairs_calibration4/v11_SYN_0035_02228_collision_orbit_right_64_seed41228_background_drift_visible/loser_full_prefix5_plus_future.mp4,0.0,0.0011922121047973633,0.0011922121047973633,0.0,0.03821171447634697,0.03821171447634697,ok,,15.437
calibration4,v11_SYN_0041_02239_collision_strafe_left_180_seed41239_background_drift_visible,vjepa2_1_vit_base_224_local_ema_encoder,"[5, 16, 26, 37, 48, 59, 69, 80]",8,/home/nvme04/workspace/world_model_phys/PHYS/world_model_phys/local_assets/data/physion/generated_v5/converted_stage1_v1/02239_collision_strafe_left_180_seed41239/video.mp4,/home/nvme04/workspace/world_model_phys/PHYS/world_model_phys_stageA_v5_broad_lora_work/local_assets/dpo_utility_calibration_v14/blocker_retry/reconstructed_pairs_calibration4/v11_SYN_0041_02239_collision_strafe_left_180_seed41239_background_drift_visible/loser_full_prefix5_plus_future.mp4,0.0,0.001226663589477539,0.001226663589477539,0.0,0.04075528681278229,0.04075528681278229,ok,,14.926
calibration4,v11_SYN_0047_02259_collision_strafe_left_180_seed41259_background_drift_visible,vjepa2_1_vit_base_224_local_ema_encoder,"[5, 16, 26, 37, 48, 59, 69, 80]",8,/home/nvme04/workspace/world_model_phys/PHYS/world_model_phys/local_assets/data/physion/generated_v5/converted_stage1_v1/02259_collision_strafe_left_180_seed41259/video.mp4,/home/nvme04/workspace/world_model_phys/PHYS/world_model_phys_stageA_v5_broad_lora_work/local_assets/dpo_utility_calibration_v14/blocker_retry/reconstructed_pairs_calibration4/v11_SYN_0047_02259_collision_strafe_left_180_seed41259_background_drift_visible/loser_full_prefix5_plus_future.mp4,0.0,0.0008864402770996094,0.0008864402770996094,0.0,0.042214877903461456,0.042214877903461456,ok,,11.731
synthetic10,v11_SYN_0017_02215_collision_strafe_left_180_seed41215_background_drift_visible,vjepa2_1_vit_base_224_local_ema_encoder,"{""winner"": [5, 16, 26, 37, 48, 59, 69, 80], ""loser"": [0, 11, 21, 32, 43, 54, 64, 75], ""winner_kind"": ""full"", ""loser_kind"": ""future""}",8,/home/nvme04/workspace/world_model_phys/PHYS/world_model_phys/local_assets/data/physion/generated_v5/converted_stage1_v1/02215_collision_strafe_left_180_seed41215/video.mp4,/home/nvme04/workspace/world_model_phys/PHYS/world_model_phys_stageA_v5_broad_lora_work/local_assets/dpo_pair_factory_v11/synthetic_pairs/pairs/v11_SYN_0017_02215_collision_strafe_left_180_seed41215_background_drift_visible/loser_future.mp4,0.0,0.000707089900970459,0.000707089900970459,0.0,0.03480563312768936,0.03480563312768936,ok,,16.02
synthetic10,v11_SYN_0013_02215_collision_strafe_left_180_seed41215_collision_response_failure_synthetic,vjepa2_1_vit_base_224_local_ema_encoder,"{""winner"": [5, 16, 26, 37, 48, 59, 69, 80], ""loser"": [0, 11, 21, 32, 43, 54, 64, 75], ""winner_kind"": ""full"", ""loser_kind"": ""future""}",8,/home/nvme04/workspace/world_model_phys/PHYS/world_model_phys/local_assets/data/physion/generated_v5/converted_stage1_v1/02215_collision_strafe_left_180_seed41215/video.mp4,/home/nvme04/workspace/world_model_phys/PHYS/world_model_phys_stageA_v5_broad_lora_work/local_assets/dpo_pair_factory_v11/synthetic_pairs/pairs/v11_SYN_0013_02215_collision_strafe_left_180_seed41215_collision_response_failure_synthetic/loser_future.mp4,0.0,0.0012121796607971191,0.0012121796607971191,0.0,0.03984168544411659,0.03984168544411659,ok,,15.786
synthetic10,v11_SYN_0223_04209_containment_orbit_left_44_seed43209_containment_failure_synthetic,vjepa2_1_vit_base_224_local_ema_encoder,"{""winner"": [5, 16, 26, 37, 48, 59, 69, 80], ""loser"": [0, 11, 21, 32, 43, 54, 64, 75], ""winner_kind"": ""full"", ""loser_kind"": ""future""}",8,/home/nvme04/workspace/world_model_phys/PHYS/world_model_phys/local_assets/data/physion/generated_v5/converted_stage1_v1/04209_containment_orbit_left_44_seed43209/video.mp4,/home/nvme04/workspace/world_model_phys/PHYS/world_model_phys_stageA_v5_broad_lora_work/local_assets/dpo_pair_factory_v11/synthetic_pairs/pairs/v11_SYN_0223_04209_containment_orbit_left_44_seed43209_containment_failure_synthetic/loser_future.mp4,0.0,0.0005807876586914062,0.0005807876586914062,0.0,0.030051536858081818,0.030051536858081818,ok,,16.483
synthetic10,v11_SYN_0379_01002_drop_orbit_left_72_seed40002_drop_motion_failure_synthetic,vjepa2_1_vit_base_224_local_ema_encoder,"{""winner"": [5, 16, 26, 37, 48, 59, 69, 80], ""loser"": [0, 11, 21, 32, 43, 54, 64, 75], ""winner_kind"": ""full"", ""loser_kind"": ""future""}",8,/home/nvme04/workspace/world_model_phys/PHYS/world_model_phys/local_assets/data/physion/generated_v5/converted_stage1_v1/01002_drop_orbit_left_72_seed40002/video.mp4,/home/nvme04/workspace/world_model_phys/PHYS/world_model_phys_stageA_v5_broad_lora_work/local_assets/dpo_pair_factory_v11/synthetic_pairs/pairs/v11_SYN_0379_01002_drop_orbit_left_72_seed40002_drop_motion_failure_synthetic/loser_future.mp4,0.0,0.0016139745712280273,0.0016139745712280273,0.0,0.03517336770892143,0.03517336770892143,ok,,12.468
synthetic10,v10_TypeM_067_01014_drop_orbit_left_72_seed40014_foreground_identity_color_shift,vjepa2_1_vit_base_224_local_ema_encoder,,,,,,,,,,,error,FileNotFoundError: loser video missing: /home/nvme04/workspace/world_model_phys/PHYS/world_model_phys_stageA_v5_broad_lora_work/local_assets/dpo_pair_factory_v10/synthetic_visible_negatives/pairs/v10_TypeM_067_01014_drop_orbit_left_72_seed40014_foreground_identity_color_shift/loser_full_prefix5_future.mp4,0.0
synthetic10,v10_TypeM_066_01013_drop_orbit_left_72_seed40013_local_patch_drift,vjepa2_1_vit_base_224_local_ema_encoder,,,,,,,,,,,error,FileNotFoundError: loser video missing: /home/nvme04/workspace/world_model_phys/PHYS/world_model_phys_stageA_v5_broad_lora_work/local_assets/dpo_pair_factory_v10/synthetic_visible_negatives/pairs/v10_TypeM_066_01013_drop_orbit_left_72_seed40013_local_patch_drift/loser_full_prefix5_future.mp4,0.0
synthetic10,v10_TypeM_065_01008_drop_orbit_left_72_seed40008_local_patch_freeze,vjepa2_1_vit_base_224_local_ema_encoder,,,,,,,,,,,error,FileNotFoundError: loser video missing: /home/nvme04/workspace/world_model_phys/PHYS/world_model_phys_stageA_v5_broad_lora_work/local_assets/dpo_pair_factory_v10/synthetic_visible_negatives/pairs/v10_TypeM_065_01008_drop_orbit_left_72_seed40008_local_patch_freeze/loser_full_prefix5_future.mp4,0.0
synthetic10,v11_SYN_0387_01008_drop_orbit_left_72_seed40008_local_scene_patch_drift,vjepa2_1_vit_base_224_local_ema_encoder,"{""winner"": [5, 16, 26, 37, 48, 59, 69, 80], ""loser"": [0, 11, 21, 32, 43, 54, 64, 75], ""winner_kind"": ""full"", ""loser_kind"": ""future""}",8,/home/nvme04/workspace/world_model_phys/PHYS/world_model_phys/local_assets/data/physion/generated_v5/converted_stage1_v1/01008_drop_orbit_left_72_seed40008/video.mp4,/home/nvme04/workspace/world_model_phys/PHYS/world_model_phys_stageA_v5_broad_lora_work/local_assets/dpo_pair_factory_v11/synthetic_pairs/pairs/v11_SYN_0387_01008_drop_orbit_left_72_seed40008_local_scene_patch_drift/loser_future.mp4,0.0,0.0002738833427429199,0.0002738833427429199,0.0,0.024008052423596382,0.024008052423596382,ok,,11.304
synthetic10,v10_TypeM_064_01002_drop_orbit_left_72_seed40002_local_temporal_jump,vjepa2_1_vit_base_224_local_ema_encoder,,,,,,,,,,,error,FileNotFoundError: loser video missing: /home/nvme04/workspace/world_model_phys/PHYS/world_model_phys_stageA_v5_broad_lora_work/local_assets/dpo_pair_factory_v10/synthetic_visible_negatives/pairs/v10_TypeM_064_01002_drop_orbit_left_72_seed40002_local_temporal_jump/loser_full_prefix5_future.mp4,0.0
synthetic10,v11_SYN_0038_02239_collision_strafe_left_180_seed41239_object_deformation_visible,vjepa2_1_vit_base_224_local_ema_encoder,"{""winner"": [5, 16, 26, 37, 48, 59, 69, 80], ""loser"": [0, 11, 21, 32, 43, 54, 64, 75], ""winner_kind"": ""full"", ""loser_kind"": ""future""}",8,/home/nvme04/workspace/world_model_phys/PHYS/world_model_phys/local_assets/data/physion/generated_v5/converted_stage1_v1/02239_collision_strafe_left_180_seed41239/video.mp4,/home/nvme04/workspace/world_model_phys/PHYS/world_model_phys_stageA_v5_broad_lora_work/local_assets/dpo_pair_factory_v11/synthetic_pairs/pairs/v11_SYN_0038_02239_collision_strafe_left_180_seed41239_object_deformation_visible/loser_future.mp4,0.0,0.0007231831550598145,0.0007231831550598145,0.0,0.03525301441550255,0.03525301441550255,ok,,9.783
stratified100,v6b_GT_C_011_02276_collision_orbit_right_64_seed41276,vjepa2_1_vit_base_224_local_ema_encoder,,,,,,,,,,,error,FileNotFoundError: loser video missing: /home/nvme04/workspace/world_model_phys/PHYS/world_model_phys_stageA_v5_broad_lora_work/local_assets/targeted_BC_loser_mining_v6b/rollouts_32cond/M_C_camera_self_temporal_r4/videos/02276_collision_orbit_right_64_seed41276_M_C_camera_self_temporal_r4.mp4,0.0
stratified100,v6b_GT_C_012_02284_collision_orbit_right_64_seed41284,vjepa2_1_vit_base_224_local_ema_encoder,,,,,,,,,,,error,FileNotFoundError: loser video missing: /home/nvme04/workspace/world_model_phys/PHYS/world_model_phys_stageA_v5_broad_lora_work/local_assets/targeted_BC_loser_mining_v6b/rollouts_32cond/M_C_camera_self_temporal_r4/videos/02284_collision_orbit_right_64_seed41284_M_C_camera_self_temporal_r4.mp4,0.0
stratified100,v6b_GT_C_015_04248_containment_orbit_left_44_seed43248,vjepa2_1_vit_base_224_local_ema_encoder,,,,,,,,,,,error,FileNotFoundError: loser video missing: /home/nvme04/workspace/world_model_phys/PHYS/world_model_phys_stageA_v5_broad_lora_work/local_assets/targeted_BC_loser_mining_v6b/rollouts_32cond/M_C_camera_self_temporal_r4/videos/04248_containment_orbit_left_44_seed43248_M_C_camera_self_temporal_r4.mp4,0.0
stratified100,v6b_GT_C_004_04204_containment_orbit_left_44_seed43204,vjepa2_1_vit_base_224_local_ema_encoder,,,,,,,,,,,error,FileNotFoundError: loser video missing: /home/nvme04/workspace/world_model_phys/PHYS/world_model_phys_stageA_v5_broad_lora_work/local_assets/targeted_BC_loser_mining_v6b/rollouts_16cond/M_C_camera_self_temporal_r4/videos/04204_containment_orbit_left_44_seed43204_M_C_camera_self_temporal_r4.mp4,0.0
stratified100,v6b_GT_C_001_01014_drop_orbit_left_72_seed40014,vjepa2_1_vit_base_224_local_ema_encoder,,,,,,,,,,,error,FileNotFoundError: loser video missing: /home/nvme04/workspace/world_model_phys/PHYS/world_model_phys_stageA_v5_broad_lora_work/local_assets/targeted_BC_loser_mining_v6b/rollouts_16cond/M_C_camera_self_temporal_r4/videos/01014_drop_orbit_left_72_seed40014_M_C_camera_self_temporal_r4.mp4,0.0
stratified100,v6b_GT_C_002_03410_roll_orbit_right_60_seed42410,vjepa2_1_vit_base_224_local_ema_encoder,,,,,,,,,,,error,FileNotFoundError: loser video missing: /home/nvme04/workspace/world_model_phys/PHYS/world_model_phys_stageA_v5_broad_lora_work/local_assets/targeted_BC_loser_mining_v6b/rollouts_16cond/M_C_camera_self_temporal_r4/videos/03410_roll_orbit_right_60_seed42410_M_C_camera_self_temporal_r4.mp4,0.0
stratified100,v6b_GT_C_006_04214_containment_orbit_left_44_seed43214,vjepa2_1_vit_base_224_local_ema_encoder,,,,,,,,,,,error,FileNotFoundError: loser video missing: /home/nvme04/workspace/world_model_phys/PHYS/world_model_phys_stageA_v5_broad_lora_work/local_assets/targeted_BC_loser_mining_v6b/rollouts_16cond/M_C_camera_self_temporal_r4/videos/04214_containment_orbit_left_44_seed43214_M_C_camera_self_temporal_r4.mp4,0.0
stratified100,v6b_GT_C_008_01029_drop_orbit_left_72_seed40029,vjepa2_1_vit_base_224_local_ema_encoder,,,,,,,,,,,error,FileNotFoundError: loser video missing: /home/nvme04/workspace/world_model_phys/PHYS/world_model_phys_stageA_v5_broad_lora_work/local_assets/targeted_BC_loser_mining_v6b/rollouts_32cond/M_C_camera_self_temporal_r4/videos/01029_drop_orbit_left_72_seed40029_M_C_camera_self_temporal_r4.mp4,0.0
stratified100,v6b_GT_C_003_03418_roll_orbit_right_60_seed42418,vjepa2_1_vit_base_224_local_ema_encoder,,,,,,,,,,,error,FileNotFoundError: loser video missing: /home/nvme04/workspace/world_model_phys/PHYS/world_model_phys_stageA_v5_broad_lora_work/local_assets/targeted_BC_loser_mining_v6b/rollouts_16cond/M_C_camera_self_temporal_r4/videos/03418_roll_orbit_right_60_seed42418_M_C_camera_self_temporal_r4.mp4,0.0
stratified100,v6b_GT_C_013_03435_roll_orbit_right_60_seed42435,vjepa2_1_vit_base_224_local_ema_encoder,,,,,,,,,,,error,FileNotFoundError: loser video missing: /home/nvme04/workspace/world_model_phys/PHYS/world_model_phys_stageA_v5_broad_lora_work/local_assets/targeted_BC_loser_mining_v6b/rollouts_32cond/M_C_camera_self_temporal_r4/videos/03435_roll_orbit_right_60_seed42435_M_C_camera_self_temporal_r4.mp4,0.0
stratified100,v11_SYN_0017_02215_collision_strafe_left_180_seed41215_background_drift_visible,vjepa2_1_vit_base_224_local_ema_encoder,"{""winner"": [5, 30, 55, 80], ""loser"": [0, 25, 50, 75], ""winner_kind"": ""full"", ""loser_kind"": ""future""}",4,/home/nvme04/workspace/world_model_phys/PHYS/world_model_phys/local_assets/data/physion/generated_v5/converted_stage1_v1/02215_collision_strafe_left_180_seed41215/video.mp4,/home/nvme04/workspace/world_model_phys/PHYS/world_model_phys_stageA_v5_broad_lora_work/local_assets/dpo_pair_factory_v11/synthetic_pairs/pairs/v11_SYN_0017_02215_collision_strafe_left_180_seed41215_background_drift_visible/loser_future.mp4,0.0,0.0008268952369689941,0.0008268952369689941,0.0,0.031791213899850845,0.031791213899850845,ok,,8.518
stratified100,v11_SYN_0013_02215_collision_strafe_left_180_seed41215_collision_response_failure_synthetic,vjepa2_1_vit_base_224_local_ema_encoder,"{""winner"": [5, 30, 55, 80], ""loser"": [0, 25, 50, 75], ""winner_kind"": ""full"", ""loser_kind"": ""future""}",4,/home/nvme04/workspace/world_model_phys/PHYS/world_model_phys/local_assets/data/physion/generated_v5/converted_stage1_v1/02215_collision_strafe_left_180_seed41215/video.mp4,/home/nvme04/workspace/world_model_phys/PHYS/world_model_phys_stageA_v5_broad_lora_work/local_assets/dpo_pair_factory_v11/synthetic_pairs/pairs/v11_SYN_0013_02215_collision_strafe_left_180_seed41215_collision_response_failure_synthetic/loser_future.mp4,0.0,0.0011322498321533203,0.0011322498321533203,0.0,0.036077000200748444,0.036077000200748444,ok,,6.793
stratified100,v11_SYN_0223_04209_containment_orbit_left_44_seed43209_containment_failure_synthetic,vjepa2_1_vit_base_224_local_ema_encoder,"{""winner"": [5, 30, 55, 80], ""loser"": [0, 25, 50, 75], ""winner_kind"": ""full"", ""loser_kind"": ""future""}",4,/home/nvme04/workspace/world_model_phys/PHYS/world_model_phys/local_assets/data/physion/generated_v5/converted_stage1_v1/04209_containment_orbit_left_44_seed43209/video.mp4,/home/nvme04/workspace/world_model_phys/PHYS/world_model_phys_stageA_v5_broad_lora_work/local_assets/dpo_pair_factory_v11/synthetic_pairs/pairs/v11_SYN_0223_04209_containment_orbit_left_44_seed43209_containment_failure_synthetic/loser_future.mp4,0.0,0.0004894137382507324,0.0004894137382507324,0.0,0.02573634684085846,0.02573634684085846,ok,,6.666
stratified100,v11_SYN_0379_01002_drop_orbit_left_72_seed40002_drop_motion_failure_synthetic,vjepa2_1_vit_base_224_local_ema_encoder,"{""winner"": [5, 30, 55, 80], ""loser"": [0, 25, 50, 75], ""winner_kind"": ""full"", ""loser_kind"": ""future""}",4,/home/nvme04/workspace/world_model_phys/PHYS/world_model_phys/local_assets/data/physion/generated_v5/converted_stage1_v1/01002_drop_orbit_left_72_seed40002/video.mp4,/home/nvme04/workspace/world_model_phys/PHYS/world_model_phys_stageA_v5_broad_lora_work/local_assets/dpo_pair_factory_v11/synthetic_pairs/pairs/v11_SYN_0379_01002_drop_orbit_left_72_seed40002_drop_motion_failure_synthetic/loser_future.mp4,0.0,0.0010366439819335938,0.0010366439819335938,0.0,0.03494657576084137,0.03494657576084137,ok,,7.344
stratified100,v10_TypeM_067_01014_drop_orbit_left_72_seed40014_foreground_identity_color_shift,vjepa2_1_vit_base_224_local_ema_encoder,,,,,,,,,,,error,FileNotFoundError: loser video missing: /home/nvme04/workspace/world_model_phys/PHYS/world_model_phys_stageA_v5_broad_lora_work/local_assets/dpo_pair_factory_v10/synthetic_visible_negatives/pairs/v10_TypeM_067_01014_drop_orbit_left_72_seed40014_foreground_identity_color_shift/loser_full_prefix5_future.mp4,0.0
stratified100,v10_TypeM_066_01013_drop_orbit_left_72_seed40013_local_patch_drift,vjepa2_1_vit_base_224_local_ema_encoder,,,,,,,,,,,error,FileNotFoundError: loser video missing: /home/nvme04/workspace/world_model_phys/PHYS/world_model_phys_stageA_v5_broad_lora_work/local_assets/dpo_pair_factory_v10/synthetic_visible_negatives/pairs/v10_TypeM_066_01013_drop_orbit_left_72_seed40013_local_patch_drift/loser_full_prefix5_future.mp4,0.0
stratified100,v10_TypeM_065_01008_drop_orbit_left_72_seed40008_local_patch_freeze,vjepa2_1_vit_base_224_local_ema_encoder,,,,,,,,,,,error,FileNotFoundError: loser video missing: /home/nvme04/workspace/world_model_phys/PHYS/world_model_phys_stageA_v5_broad_lora_work/local_assets/dpo_pair_factory_v10/synthetic_visible_negatives/pairs/v10_TypeM_065_01008_drop_orbit_left_72_seed40008_local_patch_freeze/loser_full_prefix5_future.mp4,0.0
stratified100,v11_SYN_0387_01008_drop_orbit_left_72_seed40008_local_scene_patch_drift,vjepa2_1_vit_base_224_local_ema_encoder,"{""winner"": [5, 30, 55, 80], ""loser"": [0, 25, 50, 75], ""winner_kind"": ""full"", ""loser_kind"": ""future""}",4,/home/nvme04/workspace/world_model_phys/PHYS/world_model_phys/local_assets/data/physion/generated_v5/converted_stage1_v1/01008_drop_orbit_left_72_seed40008/video.mp4,/home/nvme04/workspace/world_model_phys/PHYS/world_model_phys_stageA_v5_broad_lora_work/local_assets/dpo_pair_factory_v11/synthetic_pairs/pairs/v11_SYN_0387_01008_drop_orbit_left_72_seed40008_local_scene_patch_drift/loser_future.mp4,0.0,0.0002498626708984375,0.0002498626708984375,0.0,0.022527744993567467,0.022527744993567467,ok,,7.143
stratified100,v10_TypeM_064_01002_drop_orbit_left_72_seed40002_local_temporal_jump,vjepa2_1_vit_base_224_local_ema_encoder,,,,,,,,,,,error,FileNotFoundError: loser video missing: /home/nvme04/workspace/world_model_phys/PHYS/world_model_phys_stageA_v5_broad_lora_work/local_assets/dpo_pair_factory_v10/synthetic_visible_negatives/pairs/v10_TypeM_064_01002_drop_orbit_left_72_seed40002_local_temporal_jump/loser_full_prefix5_future.mp4,0.0
stratified100,v11_SYN_0038_02239_collision_strafe_left_180_seed41239_object_deformation_visible,vjepa2_1_vit_base_224_local_ema_encoder,"{""winner"": [5, 30, 55, 80], ""loser"": [0, 25, 50, 75], ""winner_kind"": ""full"", ""loser_kind"": ""future""}",4,/home/nvme04/workspace/world_model_phys/PHYS/world_model_phys/local_assets/data/physion/generated_v5/converted_stage1_v1/02239_collision_strafe_left_180_seed41239/video.mp4,/home/nvme04/workspace/world_model_phys/PHYS/world_model_phys_stageA_v5_broad_lora_work/local_assets/dpo_pair_factory_v11/synthetic_pairs/pairs/v11_SYN_0038_02239_collision_strafe_left_180_seed41239_object_deformation_visible/loser_future.mp4,0.0,0.000728309154510498,0.000728309154510498,0.0,0.030815988779067993,0.030815988779067993,ok,,6.591
stratified100,v11_SYN_0386_01008_drop_orbit_left_72_seed40008_object_duplicate_or_fragment,vjepa2_1_vit_base_224_local_ema_encoder,"{""winner"": [5, 30, 55, 80], ""loser"": [0, 25, 50, 75], ""winner_kind"": ""full"", ""loser_kind"": ""future""}",4,/home/nvme04/workspace/world_model_phys/PHYS/world_model_phys/local_assets/data/physion/generated_v5/converted_stage1_v1/01008_drop_orbit_left_72_seed40008/video.mp4,/home/nvme04/workspace/world_model_phys/PHYS/world_model_phys_stageA_v5_broad_lora_work/local_assets/dpo_pair_factory_v11/synthetic_pairs/pairs/v11_SYN_0386_01008_drop_orbit_left_72_seed40008_object_duplicate_or_fragment/loser_future.mp4,0.0,0.0003692507743835449,0.0003692507743835449,0.0,0.022894224151968956,0.022894224151968956,ok,,8.468
stratified100,v11_SYN_0382_01002_drop_orbit_left_72_seed40002_object_identity_color_shift,vjepa2_1_vit_base_224_local_ema_encoder,"{""winner"": [5, 30, 55, 80], ""loser"": [0, 25, 50, 75], ""winner_kind"": ""full"", ""loser_kind"": ""future""}",4,/home/nvme04/workspace/world_model_phys/PHYS/world_model_phys/local_assets/data/physion/generated_v5/converted_stage1_v1/01002_drop_orbit_left_72_seed40002/video.mp4,/home/nvme04/workspace/world_model_phys/PHYS/world_model_phys_stageA_v5_broad_lora_work/local_assets/dpo_pair_factory_v11/synthetic_pairs/pairs/v11_SYN_0382_01002_drop_orbit_left_72_seed40002_object_identity_color_shift/loser_future.mp4,0.0,0.001471102237701416,0.001471102237701416,0.0,0.038358867168426514,0.038358867168426514,ok,,6.597
stratified100,v11_SYN_0389_01008_drop_orbit_left_72_seed40008_partial_freeze_foreground,vjepa2_1_vit_base_224_local_ema_encoder,"{""winner"": [5, 30, 55, 80], ""loser"": [0, 25, 50, 75], ""winner_kind"": ""full"", ""loser_kind"": ""future""}",4,/home/nvme04/workspace/world_model_phys/PHYS/world_model_phys/local_assets/data/physion/generated_v5/converted_stage1_v1/01008_drop_orbit_left_72_seed40008/video.mp4,/home/nvme04/workspace/world_model_phys/PHYS/world_model_phys_stageA_v5_broad_lora_work/local_assets/dpo_pair_factory_v11/synthetic_pairs/pairs/v11_SYN_0389_01008_drop_orbit_left_72_seed40008_partial_freeze_foreground/loser_future.mp4,0.0,0.0002484321594238281,0.0002484321594238281,0.0,0.022397402673959732,0.022397402673959732,ok,,8.119
stratified100,v11_SYN_0224_04209_containment_orbit_left_44_seed43209_reobserve_mismatch_visible,vjepa2_1_vit_base_224_local_ema_encoder,"{""winner"": [5, 30, 55, 80], ""loser"": [0, 25, 50, 75], ""winner_kind"": ""full"", ""loser_kind"": ""future""}",4,/home/nvme04/workspace/world_model_phys/PHYS/world_model_phys/local_assets/data/physion/generated_v5/converted_stage1_v1/04209_containment_orbit_left_44_seed43209/video.mp4,/home/nvme04/workspace/world_model_phys/PHYS/world_model_phys_stageA_v5_broad_lora_work/local_assets/dpo_pair_factory_v11/synthetic_pairs/pairs/v11_SYN_0224_04209_containment_orbit_left_44_seed43209_reobserve_mismatch_visible/loser_future.mp4,0.0,0.0005636811256408691,0.0005636811256408691,0.0,0.02584269270300865,0.02584269270300865,ok,,7.21
stratified100,v11_SYN_0487_03410_roll_orbit_right_60_seed42410_roll_event_fragment_synthetic,vjepa2_1_vit_base_224_local_ema_encoder,"{""winner"": [5, 30, 55, 80], ""loser"": [0, 25, 50, 75], ""winner_kind"": ""full"", ""loser_kind"": ""future""}",4,/home/nvme04/workspace/world_model_phys/PHYS/world_model_phys/local_assets/data/physion/generated_v5/converted_stage1_v1/03410_roll_orbit_right_60_seed42410/video.mp4,/home/nvme04/workspace/world_model_phys/PHYS/world_model_phys_stageA_v5_broad_lora_work/local_assets/dpo_pair_factory_v11/synthetic_pairs/pairs/v11_SYN_0487_03410_roll_orbit_right_60_seed42410_roll_event_fragment_synthetic/loser_future.mp4,0.0,0.001056075096130371,0.001056075096130371,0.0,0.03209133818745613,0.03209133818745613,ok,,7.777
stratified100,v11_SYN_0384_01002_drop_orbit_left_72_seed40002_wrong_camera_motion_visible,vjepa2_1_vit_base_224_local_ema_encoder,"{""winner"": [5, 30, 55, 80], ""loser"": [0, 25, 50, 75], ""winner_kind"": ""full"", ""loser_kind"": ""future""}",4,/home/nvme04/workspace/world_model_phys/PHYS/world_model_phys/local_assets/data/physion/generated_v5/converted_stage1_v1/01002_drop_orbit_left_72_seed40002/video.mp4,/home/nvme04/workspace/world_model_phys/PHYS/world_model_phys_stageA_v5_broad_lora_work/local_assets/dpo_pair_factory_v11/synthetic_pairs/pairs/v11_SYN_0384_01002_drop_orbit_left_72_seed40002_wrong_camera_motion_visible/loser_future.mp4,0.0,0.0010842084884643555,0.0010842084884643555,0.0,0.03727715462446213,0.03727715462446213,ok,,6.618
stratified100,v6b_GT_C_016_04249_containment_orbit_left_44_seed43249,vjepa2_1_vit_base_224_local_ema_encoder,,,,,,,,,,,error,FileNotFoundError: loser video missing: /home/nvme04/workspace/world_model_phys/PHYS/world_model_phys_stageA_v5_broad_lora_work/local_assets/targeted_BC_loser_mining_v6b/rollouts_32cond/M_C_camera_self_temporal_r4/videos/04249_containment_orbit_left_44_seed43249_M_C_camera_self_temporal_r4.mp4,0.0
stratified100,v6b_GT_C_005_04209_containment_orbit_left_44_seed43209,vjepa2_1_vit_base_224_local_ema_encoder,,,,,,,,,,,error,FileNotFoundError: loser video missing: /home/nvme04/workspace/world_model_phys/PHYS/world_model_phys_stageA_v5_broad_lora_work/local_assets/targeted_BC_loser_mining_v6b/rollouts_16cond/M_C_camera_self_temporal_r4/videos/04209_containment_orbit_left_44_seed43209_M_C_camera_self_temporal_r4.mp4,0.0
stratified100,v6b_GT_C_009_01032_drop_orbit_left_72_seed40032,vjepa2_1_vit_base_224_local_ema_encoder,,,,,,,,,,,error,FileNotFoundError: loser video missing: /home/nvme04/workspace/world_model_phys/PHYS/world_model_phys_stageA_v5_broad_lora_work/local_assets/targeted_BC_loser_mining_v6b/rollouts_32cond/M_C_camera_self_temporal_r4/videos/01032_drop_orbit_left_72_seed40032_M_C_camera_self_temporal_r4.mp4,0.0
stratified100,v6b_GT_C_014_03437_roll_orbit_right_60_seed42437,vjepa2_1_vit_base_224_local_ema_encoder,,,,,,,,,,,error,FileNotFoundError: loser video missing: /home/nvme04/workspace/world_model_phys/PHYS/world_model_phys_stageA_v5_broad_lora_work/local_assets/targeted_BC_loser_mining_v6b/rollouts_32cond/M_C_camera_self_temporal_r4/videos/03437_roll_orbit_right_60_seed42437_M_C_camera_self_temporal_r4.mp4,0.0
stratified100,v11_SYN_0035_02228_collision_orbit_right_64_seed41228_background_drift_visible,vjepa2_1_vit_base_224_local_ema_encoder,"{""winner"": [5, 30, 55, 80], ""loser"": [0, 25, 50, 75], ""winner_kind"": ""full"", ""loser_kind"": ""future""}",4,/home/nvme04/workspace/world_model_phys/PHYS/world_model_phys/local_assets/data/physion/generated_v5/converted_stage1_v1/02228_collision_orbit_right_64_seed41228/video.mp4,/home/nvme04/workspace/world_model_phys/PHYS/world_model_phys_stageA_v5_broad_lora_work/local_assets/dpo_pair_factory_v11/synthetic_pairs/pairs/v11_SYN_0035_02228_collision_orbit_right_64_seed41228_background_drift_visible/loser_future.mp4,0.0,0.00047475099563598633,0.00047475099563598633,0.0,0.03027362748980522,0.03027362748980522,ok,,8.142
stratified100,v11_SYN_EXTRA_0009_02215_collision_strafe_left_180_seed41215_collision_response_failure_synthetic,vjepa2_1_vit_base_224_local_ema_encoder,"{""winner"": [5, 30, 55, 80], ""loser"": [0, 25, 50, 75], ""winner_kind"": ""full"", ""loser_kind"": ""future""}",4,/home/nvme04/workspace/world_model_phys/PHYS/world_model_phys/local_assets/data/physion/generated_v5/converted_stage1_v1/02215_collision_strafe_left_180_seed41215/video.mp4,/home/nvme04/workspace/world_model_phys/PHYS/world_model_phys_stageA_v5_broad_lora_work/local_assets/dpo_pair_factory_v11/synthetic_pairs_extra/pairs/v11_SYN_EXTRA_0009_02215_collision_strafe_left_180_seed41215_collision_response_failure_synthetic/loser_future.mp4,0.0,0.0016438961029052734,0.0016438961029052734,0.0,0.03971290588378906,0.03971290588378906,ok,,6.965
stratified100,v11_SYN_EXTRA_0149_04209_containment_orbit_left_44_seed43209_containment_failure_synthetic,vjepa2_1_vit_base_224_local_ema_encoder,"{""winner"": [5, 30, 55, 80], ""loser"": [0, 25, 50, 75], ""winner_kind"": ""full"", ""loser_kind"": ""future""}",4,/home/nvme04/workspace/world_model_phys/PHYS/world_model_phys/local_assets/data/physion/generated_v5/converted_stage1_v1/04209_containment_orbit_left_44_seed43209/video.mp4,/home/nvme04/workspace/world_model_phys/PHYS/world_model_phys_stageA_v5_broad_lora_work/local_assets/dpo_pair_factory_v11/synthetic_pairs_extra/pairs/v11_SYN_EXTRA_0149_04209_containment_orbit_left_44_seed43209_containment_failure_synthetic/loser_future.mp4,0.0,0.0007049441337585449,0.0007049441337585449,0.0,0.027047881856560707,0.027047881856560707,ok,,7.944
stratified100,v11_SYN_0385_01008_drop_orbit_left_72_seed40008_drop_motion_failure_synthetic,vjepa2_1_vit_base_224_local_ema_encoder,"{""winner"": [5, 30, 55, 80], ""loser"": [0, 25, 50, 75], ""winner_kind"": ""full"", ""loser_kind"": ""future""}",4,/home/nvme04/workspace/world_model_phys/PHYS/world_model_phys/local_assets/data/physion/generated_v5/converted_stage1_v1/01008_drop_orbit_left_72_seed40008/video.mp4,/home/nvme04/workspace/world_model_phys/PHYS/world_model_phys_stageA_v5_broad_lora_work/local_assets/dpo_pair_factory_v11/synthetic_pairs/pairs/v11_SYN_0385_01008_drop_orbit_left_72_seed40008_drop_motion_failure_synthetic/loser_future.mp4,0.0,0.00033098459243774414,0.00033098459243774414,0.0,0.02472051978111267,0.02472051978111267,ok,,7.31
stratified100,v10_TypeM_071_01038_drop_orbit_left_72_seed40038_foreground_identity_color_shift,vjepa2_1_vit_base_224_local_ema_encoder,,,,,,,,,,,error,FileNotFoundError: loser video missing: /home/nvme04/workspace/world_model_phys/PHYS/world_model_phys_stageA_v5_broad_lora_work/local_assets/dpo_pair_factory_v10/synthetic_visible_negatives/pairs/v10_TypeM_071_01038_drop_orbit_left_72_seed40038_foreground_identity_color_shift/loser_full_prefix5_future.mp4,0.0
stratified100,v10_TypeM_070_01032_drop_orbit_left_72_seed40032_local_patch_drift,vjepa2_1_vit_base_224_local_ema_encoder,,,,,,,,,,,error,FileNotFoundError: loser video missing: /home/nvme04/workspace/world_model_phys/PHYS/world_model_phys_stageA_v5_broad_lora_work/local_assets/dpo_pair_factory_v10/synthetic_visible_negatives/pairs/v10_TypeM_070_01032_drop_orbit_left_72_seed40032_local_patch_drift/loser_full_prefix5_future.mp4,0.0
stratified100,v10_TypeM_069_01029_drop_orbit_left_72_seed40029_local_patch_freeze,vjepa2_1_vit_base_224_local_ema_encoder,,,,,,,,,,,error,FileNotFoundError: loser video missing: /home/nvme04/workspace/world_model_phys/PHYS/world_model_phys_stageA_v5_broad_lora_work/local_assets/dpo_pair_factory_v10/synthetic_visible_negatives/pairs/v10_TypeM_069_01029_drop_orbit_left_72_seed40029_local_patch_freeze/loser_full_prefix5_future.mp4,0.0
stratified100,v11_SYN_0393_01013_drop_orbit_left_72_seed40013_local_scene_patch_drift,vjepa2_1_vit_base_224_local_ema_encoder,"{""winner"": [5, 30, 55, 80], ""loser"": [0, 25, 50, 75], ""winner_kind"": ""full"", ""loser_kind"": ""future""}",4,/home/nvme04/workspace/world_model_phys/PHYS/world_model_phys/local_assets/data/physion/generated_v5/converted_stage1_v1/01013_drop_orbit_left_72_seed40013/video.mp4,/home/nvme04/workspace/world_model_phys/PHYS/world_model_phys_stageA_v5_broad_lora_work/local_assets/dpo_pair_factory_v11/synthetic_pairs/pairs/v11_SYN_0393_01013_drop_orbit_left_72_seed40013_local_scene_patch_drift/loser_future.mp4,0.0,0.00029343366622924805,0.00029343366622924805,0.0,0.024942640215158463,0.024942640215158463,ok,,7.75
stratified100,v10_TypeM_072_01039_drop_orbit_left_72_seed40039_local_temporal_jump,vjepa2_1_vit_base_224_local_ema_encoder,,,,,,,,,,,error,FileNotFoundError: loser video missing: /home/nvme04/workspace/world_model_phys/PHYS/world_model_phys_stageA_v5_broad_lora_work/local_assets/dpo_pair_factory_v10/synthetic_visible_negatives/pairs/v10_TypeM_072_01039_drop_orbit_left_72_seed40039_local_temporal_jump/loser_full_prefix5_future.mp4,0.0
stratified100,v11_SYN_0056_02276_collision_orbit_right_64_seed41276_object_deformation_visible,vjepa2_1_vit_base_224_local_ema_encoder,"{""winner"": [5, 30, 55, 80], ""loser"": [0, 25, 50, 75], ""winner_kind"": ""full"", ""loser_kind"": ""future""}",4,/home/nvme04/workspace/world_model_phys/PHYS/world_model_phys/local_assets/data/physion/generated_v5/converted_stage1_v1/02276_collision_orbit_right_64_seed41276/video.mp4,/home/nvme04/workspace/world_model_phys/PHYS/world_model_phys_stageA_v5_broad_lora_work/local_assets/dpo_pair_factory_v11/synthetic_pairs/pairs/v11_SYN_0056_02276_collision_orbit_right_64_seed41276_object_deformation_visible/loser_future.mp4,0.0,0.0007483363151550293,0.0007483363151550293,0.0,0.030056826770305634,0.030056826770305634,ok,,6.88
stratified100,v11_SYN_0398_01014_drop_orbit_left_72_seed40014_object_duplicate_or_fragment,vjepa2_1_vit_base_224_local_ema_encoder,"{""winner"": [5, 30, 55, 80], ""loser"": [0, 25, 50, 75], ""winner_kind"": ""full"", ""loser_kind"": ""future""}",4,/home/nvme04/workspace/world_model_phys/PHYS/world_model_phys/local_assets/data/physion/generated_v5/converted_stage1_v1/01014_drop_orbit_left_72_seed40014/video.mp4,/home/nvme04/workspace/world_model_phys/PHYS/world_model_phys_stageA_v5_broad_lora_work/local_assets/dpo_pair_factory_v11/synthetic_pairs/pairs/v11_SYN_0398_01014_drop_orbit_left_72_seed40014_object_duplicate_or_fragment/loser_future.mp4,0.0,0.00043487548828125,0.00043487548828125,0.0,0.022673537954688072,0.022673537954688072,ok,,6.992
stratified100,v11_SYN_0388_01008_drop_orbit_left_72_seed40008_object_identity_color_shift,vjepa2_1_vit_base_224_local_ema_encoder,"{""winner"": [5, 30, 55, 80], ""loser"": [0, 25, 50, 75], ""winner_kind"": ""full"", ""loser_kind"": ""future""}",4,/home/nvme04/workspace/world_model_phys/PHYS/world_model_phys/local_assets/data/physion/generated_v5/converted_stage1_v1/01008_drop_orbit_left_72_seed40008/video.mp4,/home/nvme04/workspace/world_model_phys/PHYS/world_model_phys_stageA_v5_broad_lora_work/local_assets/dpo_pair_factory_v11/synthetic_pairs/pairs/v11_SYN_0388_01008_drop_orbit_left_72_seed40008_object_identity_color_shift/loser_future.mp4,0.0,0.00039446353912353516,0.00039446353912353516,0.0,0.02357197366654873,0.02357197366654873,ok,,7.13
stratified100,v11_SYN_0395_01013_drop_orbit_left_72_seed40013_partial_freeze_foreground,vjepa2_1_vit_base_224_local_ema_encoder,"{""winner"": [5, 30, 55, 80], ""loser"": [0, 25, 50, 75], ""winner_kind"": ""full"", ""loser_kind"": ""future""}",4,/home/nvme04/workspace/world_model_phys/PHYS/world_model_phys/local_assets/data/physion/generated_v5/converted_stage1_v1/01013_drop_orbit_left_72_seed40013/video.mp4,/home/nvme04/workspace/world_model_phys/PHYS/world_model_phys_stageA_v5_broad_lora_work/local_assets/dpo_pair_factory_v11/synthetic_pairs/pairs/v11_SYN_0395_01013_drop_orbit_left_72_seed40013_partial_freeze_foreground/loser_future.mp4,0.0,0.0004388093948364258,0.0004388093948364258,0.0,0.028536416590213776,0.028536416590213776,ok,,6.889
stratified100,v11_SYN_0230_04214_containment_orbit_left_44_seed43214_reobserve_mismatch_visible,vjepa2_1_vit_base_224_local_ema_encoder,"{""winner"": [5, 30, 55, 80], ""loser"": [0, 25, 50, 75], ""winner_kind"": ""full"", ""loser_kind"": ""future""}",4,/home/nvme04/workspace/world_model_phys/PHYS/world_model_phys/local_assets/data/physion/generated_v5/converted_stage1_v1/04214_containment_orbit_left_44_seed43214/video.mp4,/home/nvme04/workspace/world_model_phys/PHYS/world_model_phys_stageA_v5_broad_lora_work/local_assets/dpo_pair_factory_v11/synthetic_pairs/pairs/v11_SYN_0230_04214_containment_orbit_left_44_seed43214_reobserve_mismatch_visible/loser_future.mp4,0.0,0.000519871711730957,0.000519871711730957,0.0,0.022268882021307945,0.022268882021307945,ok,,8.26
stratified100,v11_SYN_0493_03413_roll_orbit_right_60_seed42413_roll_event_fragment_synthetic,vjepa2_1_vit_base_224_local_ema_encoder,"{""winner"": [5, 30, 55, 80], ""loser"": [0, 25, 50, 75], ""winner_kind"": ""full"", ""loser_kind"": ""future""}",4,/home/nvme04/workspace/world_model_phys/PHYS/world_model_phys/local_assets/data/physion/generated_v5/converted_stage1_v1/03413_roll_orbit_right_60_seed42413/video.mp4,/home/nvme04/workspace/world_model_phys/PHYS/world_model_phys_stageA_v5_broad_lora_work/local_assets/dpo_pair_factory_v11/synthetic_pairs/pairs/v11_SYN_0493_03413_roll_orbit_right_60_seed42413_roll_event_fragment_synthetic/loser_future.mp4,0.0,0.0004748106002807617,0.0004748106002807617,0.0,0.02887468785047531,0.02887468785047531,ok,,6.956
stratified100,v11_SYN_0396_01013_drop_orbit_left_72_seed40013_wrong_camera_motion_visible,vjepa2_1_vit_base_224_local_ema_encoder,"{""winner"": [5, 30, 55, 80], ""loser"": [0, 25, 50, 75], ""winner_kind"": ""full"", ""loser_kind"": ""future""}",4,/home/nvme04/workspace/world_model_phys/PHYS/world_model_phys/local_assets/data/physion/generated_v5/converted_stage1_v1/01013_drop_orbit_left_72_seed40013/video.mp4,/home/nvme04/workspace/world_model_phys/PHYS/world_model_phys_stageA_v5_broad_lora_work/local_assets/dpo_pair_factory_v11/synthetic_pairs/pairs/v11_SYN_0396_01013_drop_orbit_left_72_seed40013_wrong_camera_motion_visible/loser_future.mp4,0.0,0.0003178715705871582,0.0003178715705871582,0.0,0.023801976814866066,0.023801976814866066,ok,,7.006
stratified100,v6b_GT_C_007_04228_containment_orbit_left_44_seed43228,vjepa2_1_vit_base_224_local_ema_encoder,,,,,,,,,,,error,FileNotFoundError: loser video missing: /home/nvme04/workspace/world_model_phys/PHYS/world_model_phys_stageA_v5_broad_lora_work/local_assets/targeted_BC_loser_mining_v6b/rollouts_16cond/M_C_camera_self_temporal_r4/videos/04228_containment_orbit_left_44_seed43228_M_C_camera_self_temporal_r4.mp4,0.0
stratified100,v11_SYN_0041_02239_collision_strafe_left_180_seed41239_background_drift_visible,vjepa2_1_vit_base_224_local_ema_encoder,"{""winner"": [5, 30, 55, 80], ""loser"": [0, 25, 50, 75], ""winner_kind"": ""full"", ""loser_kind"": ""future""}",4,/home/nvme04/workspace/world_model_phys/PHYS/world_model_phys/local_assets/data/physion/generated_v5/converted_stage1_v1/02239_collision_strafe_left_180_seed41239/video.mp4,/home/nvme04/workspace/world_model_phys/PHYS/world_model_phys_stageA_v5_broad_lora_work/local_assets/dpo_pair_factory_v11/synthetic_pairs/pairs/v11_SYN_0041_02239_collision_strafe_left_180_seed41239_background_drift_visible/loser_future.mp4,0.0,0.0007932782173156738,0.0007932782173156738,0.0,0.03139304742217064,0.03139304742217064,ok,,5.917
stratified100,v11_SYN_0031_02228_collision_orbit_right_64_seed41228_collision_response_failure_synthetic,vjepa2_1_vit_base_224_local_ema_encoder,"{""winner"": [5, 30, 55, 80], ""loser"": [0, 25, 50, 75], ""winner_kind"": ""full"", ""loser_kind"": ""future""}",4,/home/nvme04/workspace/world_model_phys/PHYS/world_model_phys/local_assets/data/physion/generated_v5/converted_stage1_v1/02228_collision_orbit_right_64_seed41228/video.mp4,/home/nvme04/workspace/world_model_phys/PHYS/world_model_phys_stageA_v5_broad_lora_work/local_assets/dpo_pair_factory_v11/synthetic_pairs/pairs/v11_SYN_0031_02228_collision_orbit_right_64_seed41228_collision_response_failure_synthetic/loser_future.mp4,0.0,0.0006905198097229004,0.0006905198097229004,0.0,0.03207525238394737,0.03207525238394737,ok,,7.456
stratified100,v11_SYN_EXTRA_0153_04214_containment_orbit_left_44_seed43214_containment_failure_synthetic,vjepa2_1_vit_base_224_local_ema_encoder,"{""winner"": [5, 30, 55, 80], ""loser"": [0, 25, 50, 75], ""winner_kind"": ""full"", ""loser_kind"": ""future""}",4,/home/nvme04/workspace/world_model_phys/PHYS/world_model_phys/local_assets/data/physion/generated_v5/converted_stage1_v1/04214_containment_orbit_left_44_seed43214/video.mp4,/home/nvme04/workspace/world_model_phys/PHYS/world_model_phys_stageA_v5_broad_lora_work/local_assets/dpo_pair_factory_v11/synthetic_pairs_extra/pairs/v11_SYN_EXTRA_0153_04214_containment_orbit_left_44_seed43214_containment_failure_synthetic/loser_future.mp4,0.0,0.0005881786346435547,0.0005881786346435547,0.0,0.024305785074830055,0.024305785074830055,ok,,7.06
stratified100,v11_SYN_0391_01013_drop_orbit_left_72_seed40013_drop_motion_failure_synthetic,vjepa2_1_vit_base_224_local_ema_encoder,"{""winner"": [5, 30, 55, 80], ""loser"": [0, 25, 50, 75], ""winner_kind"": ""full"", ""loser_kind"": ""future""}",4,/home/nvme04/workspace/world_model_phys/PHYS/world_model_phys/local_assets/data/physion/generated_v5/converted_stage1_v1/01013_drop_orbit_left_72_seed40013/video.mp4,/home/nvme04/workspace/world_model_phys/PHYS/world_model_phys_stageA_v5_broad_lora_work/local_assets/dpo_pair_factory_v11/synthetic_pairs/pairs/v11_SYN_0391_01013_drop_orbit_left_72_seed40013_drop_motion_failure_synthetic/loser_future.mp4,0.0,0.0004252791404724121,0.0004252791404724121,0.0,0.027173418551683426,0.027173418551683426,ok,,6.944
stratified100,v10_TypeM_075_01079_drop_orbit_left_72_seed40079_foreground_identity_color_shift,vjepa2_1_vit_base_224_local_ema_encoder,,,,,,,,,,,error,FileNotFoundError: loser video missing: /home/nvme04/workspace/world_model_phys/PHYS/world_model_phys_stageA_v5_broad_lora_work/local_assets/dpo_pair_factory_v10/synthetic_visible_negatives/pairs/v10_TypeM_075_01079_drop_orbit_left_72_seed40079_foreground_identity_color_shift/loser_full_prefix5_future.mp4,0.001
stratified100,v10_TypeM_074_01060_drop_orbit_left_72_seed40060_local_patch_drift,vjepa2_1_vit_base_224_local_ema_encoder,,,,,,,,,,,error,FileNotFoundError: loser video missing: /home/nvme04/workspace/world_model_phys/PHYS/world_model_phys_stageA_v5_broad_lora_work/local_assets/dpo_pair_factory_v10/synthetic_visible_negatives/pairs/v10_TypeM_074_01060_drop_orbit_left_72_seed40060_local_patch_drift/loser_full_prefix5_future.mp4,0.0
stratified100,v10_TypeM_073_01047_drop_orbit_left_72_seed40047_local_patch_freeze,vjepa2_1_vit_base_224_local_ema_encoder,,,,,,,,,,,error,FileNotFoundError: loser video missing: /home/nvme04/workspace/world_model_phys/PHYS/world_model_phys_stageA_v5_broad_lora_work/local_assets/dpo_pair_factory_v10/synthetic_visible_negatives/pairs/v10_TypeM_073_01047_drop_orbit_left_72_seed40047_local_patch_freeze/loser_full_prefix5_future.mp4,0.0
stratified100,v11_SYN_0399_01014_drop_orbit_left_72_seed40014_local_scene_patch_drift,vjepa2_1_vit_base_224_local_ema_encoder,"{""winner"": [5, 30, 55, 80], ""loser"": [0, 25, 50, 75], ""winner_kind"": ""full"", ""loser_kind"": ""future""}",4,/home/nvme04/workspace/world_model_phys/PHYS/world_model_phys/local_assets/data/physion/generated_v5/converted_stage1_v1/01014_drop_orbit_left_72_seed40014/video.mp4,/home/nvme04/workspace/world_model_phys/PHYS/world_model_phys_stageA_v5_broad_lora_work/local_assets/dpo_pair_factory_v11/synthetic_pairs/pairs/v11_SYN_0399_01014_drop_orbit_left_72_seed40014_local_scene_patch_drift/loser_future.mp4,0.0,0.00044482946395874023,0.00044482946395874023,0.0,0.023904206231236458,0.023904206231236458,ok,,6.154
stratified100,v10_TypeM_076_01086_drop_orbit_left_72_seed40086_local_temporal_jump,vjepa2_1_vit_base_224_local_ema_encoder,,,,,,,,,,,error,FileNotFoundError: loser video missing: /home/nvme04/workspace/world_model_phys/PHYS/world_model_phys_stageA_v5_broad_lora_work/local_assets/dpo_pair_factory_v10/synthetic_visible_negatives/pairs/v10_TypeM_076_01086_drop_orbit_left_72_seed40086_local_temporal_jump/loser_full_prefix5_future.mp4,0.0
stratified100,v11_SYN_EXTRA_0070_02353_collision_strafe_left_180_seed41353_object_deformation_visible,vjepa2_1_vit_base_224_local_ema_encoder,"{""winner"": [5, 30, 55, 80], ""loser"": [0, 25, 50, 75], ""winner_kind"": ""full"", ""loser_kind"": ""future""}",4,/home/nvme04/workspace/world_model_phys/PHYS/world_model_phys/local_assets/data/physion/generated_v5/converted_stage1_v1/02353_collision_strafe_left_180_seed41353/video.mp4,/home/nvme04/workspace/world_model_phys/PHYS/world_model_phys_stageA_v5_broad_lora_work/local_assets/dpo_pair_factory_v11/synthetic_pairs_extra/pairs/v11_SYN_EXTRA_0070_02353_collision_strafe_left_180_seed41353_object_deformation_visible/loser_future.mp4,0.0,0.0007311701774597168,0.0007311701774597168,0.0,0.03593388944864273,0.03593388944864273,ok,,8.375
stratified100,v11_SYN_0404_01026_drop_orbit_left_72_seed40026_object_duplicate_or_fragment,vjepa2_1_vit_base_224_local_ema_encoder,"{""winner"": [5, 30, 55, 80], ""loser"": [0, 25, 50, 75], ""winner_kind"": ""full"", ""loser_kind"": ""future""}",4,/home/nvme04/workspace/world_model_phys/PHYS/world_model_phys/local_assets/data/physion/generated_v5/converted_stage1_v1/01026_drop_orbit_left_72_seed40026/video.mp4,/home/nvme04/workspace/world_model_phys/PHYS/world_model_phys_stageA_v5_broad_lora_work/local_assets/dpo_pair_factory_v11/synthetic_pairs/pairs/v11_SYN_0404_01026_drop_orbit_left_72_seed40026_object_duplicate_or_fragment/loser_future.mp4,0.0,0.0016161203384399414,0.0016161203384399414,0.0,0.04097909480333328,0.04097909480333328,ok,,7.677
stratified100,v11_SYN_0394_01013_drop_orbit_left_72_seed40013_object_identity_color_shift,vjepa2_1_vit_base_224_local_ema_encoder,"{""winner"": [5, 30, 55, 80], ""loser"": [0, 25, 50, 75], ""winner_kind"": ""full"", ""loser_kind"": ""future""}",4,/home/nvme04/workspace/world_model_phys/PHYS/world_model_phys/local_assets/data/physion/generated_v5/converted_stage1_v1/01013_drop_orbit_left_72_seed40013/video.mp4,/home/nvme04/workspace/world_model_phys/PHYS/world_model_phys_stageA_v5_broad_lora_work/local_assets/dpo_pair_factory_v11/synthetic_pairs/pairs/v11_SYN_0394_01013_drop_orbit_left_72_seed40013_object_identity_color_shift/loser_future.mp4,0.0,0.00041556358337402344,0.00041556358337402344,0.0,0.026991862803697586,0.026991862803697586,ok,,6.81
stratified100,v11_SYN_0401_01014_drop_orbit_left_72_seed40014_partial_freeze_foreground,vjepa2_1_vit_base_224_local_ema_encoder,"{""winner"": [5, 30, 55, 80], ""loser"": [0, 25, 50, 75], ""winner_kind"": ""full"", ""loser_kind"": ""future""}",4,/home/nvme04/workspace/world_model_phys/PHYS/world_model_phys/local_assets/data/physion/generated_v5/converted_stage1_v1/01014_drop_orbit_left_72_seed40014/video.mp4,/home/nvme04/workspace/world_model_phys/PHYS/world_model_phys_stageA_v5_broad_lora_work/local_assets/dpo_pair_factory_v11/synthetic_pairs/pairs/v11_SYN_0401_01014_drop_orbit_left_72_seed40014_partial_freeze_foreground/loser_future.mp4,0.0,0.00032442808151245117,0.00032442808151245117,0.0,0.020662793889641762,0.020662793889641762,ok,,6.331
stratified100,v11_SYN_EXTRA_0154_04214_containment_orbit_left_44_seed43214_reobserve_mismatch_visible,vjepa2_1_vit_base_224_local_ema_encoder,"{""winner"": [5, 30, 55, 80], ""loser"": [0, 25, 50, 75], ""winner_kind"": ""full"", ""loser_kind"": ""future""}",4,/home/nvme04/workspace/world_model_phys/PHYS/world_model_phys/local_assets/data/physion/generated_v5/converted_stage1_v1/04214_containment_orbit_left_44_seed43214/video.mp4,/home/nvme04/workspace/world_model_phys/PHYS/world_model_phys_stageA_v5_broad_lora_work/local_assets/dpo_pair_factory_v11/synthetic_pairs_extra/pairs/v11_SYN_EXTRA_0154_04214_containment_orbit_left_44_seed43214_reobserve_mismatch_visible/loser_future.mp4,0.0,0.0005220174789428711,0.0005220174789428711,0.0,0.021726060658693314,0.021726060658693314,ok,,7.222
stratified100,v11_SYN_0499_03418_roll_orbit_right_60_seed42418_roll_event_fragment_synthetic,vjepa2_1_vit_base_224_local_ema_encoder,"{""winner"": [5, 30, 55, 80], ""loser"": [0, 25, 50, 75], ""winner_kind"": ""full"", ""loser_kind"": ""future""}",4,/home/nvme04/workspace/world_model_phys/PHYS/world_model_phys/local_assets/data/physion/generated_v5/converted_stage1_v1/03418_roll_orbit_right_60_seed42418/video.mp4,/home/nvme04/workspace/world_model_phys/PHYS/world_model_phys_stageA_v5_broad_lora_work/local_assets/dpo_pair_factory_v11/synthetic_pairs/pairs/v11_SYN_0499_03418_roll_orbit_right_60_seed42418_roll_event_fragment_synthetic/loser_future.mp4,0.0,0.000622868537902832,0.000622868537902832,0.0,0.028522484004497528,0.028522484004497528,ok,,6.176
stratified100,v11_SYN_0414_01029_drop_orbit_left_72_seed40029_wrong_camera_motion_visible,vjepa2_1_vit_base_224_local_ema_encoder,"{""winner"": [5, 30, 55, 80], ""loser"": [0, 25, 50, 75], ""winner_kind"": ""full"", ""loser_kind"": ""future""}",4,/home/nvme04/workspace/world_model_phys/PHYS/world_model_phys/local_assets/data/physion/generated_v5/converted_stage1_v1/01029_drop_orbit_left_72_seed40029/video.mp4,/home/nvme04/workspace/world_model_phys/PHYS/world_model_phys_stageA_v5_broad_lora_work/local_assets/dpo_pair_factory_v11/synthetic_pairs/pairs/v11_SYN_0414_01029_drop_orbit_left_72_seed40029_wrong_camera_motion_visible/loser_future.mp4,0.0,0.0003539919853210449,0.0003539919853210449,0.0,0.02158384397625923,0.02158384397625923,ok,,8.004
stratified100,v11_SYN_0047_02259_collision_strafe_left_180_seed41259_background_drift_visible,vjepa2_1_vit_base_224_local_ema_encoder,"{""winner"": [5, 30, 55, 80], ""loser"": [0, 25, 50, 75], ""winner_kind"": ""full"", ""loser_kind"": ""future""}",4,/home/nvme04/workspace/world_model_phys/PHYS/world_model_phys/local_assets/data/physion/generated_v5/converted_stage1_v1/02259_collision_strafe_left_180_seed41259/video.mp4,/home/nvme04/workspace/world_model_phys/PHYS/world_model_phys_stageA_v5_broad_lora_work/local_assets/dpo_pair_factory_v11/synthetic_pairs/pairs/v11_SYN_0047_02259_collision_strafe_left_180_seed41259_background_drift_visible/loser_future.mp4,0.0,0.0011085271835327148,0.0011085271835327148,0.0,0.0325159914791584,0.0325159914791584,ok,,9.085
stratified100,v11_SYN_EXTRA_0021_02228_collision_orbit_right_64_seed41228_collision_response_failure_synthetic,vjepa2_1_vit_base_224_local_ema_encoder,"{""winner"": [5, 30, 55, 80], ""loser"": [0, 25, 50, 75], ""winner_kind"": ""full"", ""loser_kind"": ""future""}",4,/home/nvme04/workspace/world_model_phys/PHYS/world_model_phys/local_assets/data/physion/generated_v5/converted_stage1_v1/02228_collision_orbit_right_64_seed41228/video.mp4,/home/nvme04/workspace/world_model_phys/PHYS/world_model_phys_stageA_v5_broad_lora_work/local_assets/dpo_pair_factory_v11/synthetic_pairs_extra/pairs/v11_SYN_EXTRA_0021_02228_collision_orbit_right_64_seed41228_collision_response_failure_synthetic/loser_future.mp4,0.0,0.0006040334701538086,0.0006040334701538086,0.0,0.03364598751068115,0.03364598751068115,ok,,10.374
stratified100,v11_SYN_0235_04228_containment_orbit_left_44_seed43228_containment_failure_synthetic,vjepa2_1_vit_base_224_local_ema_encoder,"{""winner"": [5, 30, 55, 80], ""loser"": [0, 25, 50, 75], ""winner_kind"": ""full"", ""loser_kind"": ""future""}",4,/home/nvme04/workspace/world_model_phys/PHYS/world_model_phys/local_assets/data/physion/generated_v5/converted_stage1_v1/04228_containment_orbit_left_44_seed43228/video.mp4,/home/nvme04/workspace/world_model_phys/PHYS/world_model_phys_stageA_v5_broad_lora_work/local_assets/dpo_pair_factory_v11/synthetic_pairs/pairs/v11_SYN_0235_04228_containment_orbit_left_44_seed43228_containment_failure_synthetic/loser_future.mp4,0.0,0.0003399848937988281,0.0003399848937988281,0.0,0.02158105932176113,0.02158105932176113,ok,,10.344
stratified100,v11_SYN_0397_01014_drop_orbit_left_72_seed40014_drop_motion_failure_synthetic,vjepa2_1_vit_base_224_local_ema_encoder,"{""winner"": [5, 30, 55, 80], ""loser"": [0, 25, 50, 75], ""winner_kind"": ""full"", ""loser_kind"": ""future""}",4,/home/nvme04/workspace/world_model_phys/PHYS/world_model_phys/local_assets/data/physion/generated_v5/converted_stage1_v1/01014_drop_orbit_left_72_seed40014/video.mp4,/home/nvme04/workspace/world_model_phys/PHYS/world_model_phys_stageA_v5_broad_lora_work/local_assets/dpo_pair_factory_v11/synthetic_pairs/pairs/v11_SYN_0397_01014_drop_orbit_left_72_seed40014_drop_motion_failure_synthetic/loser_future.mp4,0.0,0.00041854381561279297,0.00041854381561279297,0.0,0.022244110703468323,0.022244110703468323,ok,,10.798
stratified100,v10_TypeM_079_01108_drop_orbit_left_72_seed40108_foreground_identity_color_shift,vjepa2_1_vit_base_224_local_ema_encoder,,,,,,,,,,,error,FileNotFoundError: loser video missing: /home/nvme04/workspace/world_model_phys/PHYS/world_model_phys_stageA_v5_broad_lora_work/local_assets/dpo_pair_factory_v10/synthetic_visible_negatives/pairs/v10_TypeM_079_01108_drop_orbit_left_72_seed40108_foreground_identity_color_shift/loser_full_prefix5_future.mp4,0.001
stratified100,v10_TypeM_078_01102_drop_orbit_left_72_seed40102_local_patch_drift,vjepa2_1_vit_base_224_local_ema_encoder,,,,,,,,,,,error,FileNotFoundError: loser video missing: /home/nvme04/workspace/world_model_phys/PHYS/world_model_phys_stageA_v5_broad_lora_work/local_assets/dpo_pair_factory_v10/synthetic_visible_negatives/pairs/v10_TypeM_078_01102_drop_orbit_left_72_seed40102_local_patch_drift/loser_full_prefix5_future.mp4,0.0
stratified100,v10_TypeM_077_01101_drop_orbit_left_72_seed40101_local_patch_freeze,vjepa2_1_vit_base_224_local_ema_encoder,,,,,,,,,,,error,FileNotFoundError: loser video missing: /home/nvme04/workspace/world_model_phys/PHYS/world_model_phys_stageA_v5_broad_lora_work/local_assets/dpo_pair_factory_v10/synthetic_visible_negatives/pairs/v10_TypeM_077_01101_drop_orbit_left_72_seed40101_local_patch_freeze/loser_full_prefix5_future.mp4,0.0
stratified100,v11_SYN_0417_01032_drop_orbit_left_72_seed40032_local_scene_patch_drift,vjepa2_1_vit_base_224_local_ema_encoder,"{""winner"": [5, 30, 55, 80], ""loser"": [0, 25, 50, 75], ""winner_kind"": ""full"", ""loser_kind"": ""future""}",4,/home/nvme04/workspace/world_model_phys/PHYS/world_model_phys/local_assets/data/physion/generated_v5/converted_stage1_v1/01032_drop_orbit_left_72_seed40032/video.mp4,/home/nvme04/workspace/world_model_phys/PHYS/world_model_phys_stageA_v5_broad_lora_work/local_assets/dpo_pair_factory_v11/synthetic_pairs/pairs/v11_SYN_0417_01032_drop_orbit_left_72_seed40032_local_scene_patch_drift/loser_future.mp4,0.0,0.0007603764533996582,0.0007603764533996582,0.0,0.03143887594342232,0.03143887594342232,ok,,9.398
stratified100,v10_TypeM_004_02222_collision_orbit_right_64_seed41222_local_temporal_jump,vjepa2_1_vit_base_224_local_ema_encoder,,,,,,,,,,,error,FileNotFoundError: loser video missing: /home/nvme04/workspace/world_model_phys/PHYS/world_model_phys_stageA_v5_broad_lora_work/local_assets/dpo_pair_factory_v10/synthetic_visible_negatives/pairs/v10_TypeM_004_02222_collision_orbit_right_64_seed41222_local_temporal_jump/loser_full_prefix5_future.mp4,0.0
stratified100,v11_SYN_EXTRA_0082_02378_collision_orbit_right_64_seed41378_object_deformation_visible,vjepa2_1_vit_base_224_local_ema_encoder,"{""winner"": [5, 30, 55, 80], ""loser"": [0, 25, 50, 75], ""winner_kind"": ""full"", ""loser_kind"": ""future""}",4,/home/nvme04/workspace/world_model_phys/PHYS/world_model_phys/local_assets/data/physion/generated_v5/converted_stage1_v1/02378_collision_orbit_right_64_seed41378/video.mp4,/home/nvme04/workspace/world_model_phys/PHYS/world_model_phys_stageA_v5_broad_lora_work/local_assets/dpo_pair_factory_v11/synthetic_pairs_extra/pairs/v11_SYN_EXTRA_0082_02378_collision_orbit_right_64_seed41378_object_deformation_visible/loser_future.mp4,0.0,0.0006018877029418945,0.0006018877029418945,0.0,0.02858116663992405,0.02858116663992405,ok,,10.602
stratified100,v11_SYN_0428_01039_drop_orbit_left_72_seed40039_object_duplicate_or_fragment,vjepa2_1_vit_base_224_local_ema_encoder,"{""winner"": [5, 30, 55, 80], ""loser"": [0, 25, 50, 75], ""winner_kind"": ""full"", ""loser_kind"": ""future""}",4,/home/nvme04/workspace/world_model_phys/PHYS/world_model_phys/local_assets/data/physion/generated_v5/converted_stage1_v1/01039_drop_orbit_left_72_seed40039/video.mp4,/home/nvme04/workspace/world_model_phys/PHYS/world_model_phys_stageA_v5_broad_lora_work/local_assets/dpo_pair_factory_v11/synthetic_pairs/pairs/v11_SYN_0428_01039_drop_orbit_left_72_seed40039_object_duplicate_or_fragment/loser_future.mp4,0.0,0.00044840574264526367,0.00044840574264526367,0.0,0.023127801716327667,0.023127801716327667,ok,,9.36
stratified100,v11_SYN_0400_01014_drop_orbit_left_72_seed40014_object_identity_color_shift,vjepa2_1_vit_base_224_local_ema_encoder,"{""winner"": [5, 30, 55, 80], ""loser"": [0, 25, 50, 75], ""winner_kind"": ""full"", ""loser_kind"": ""future""}",4,/home/nvme04/workspace/world_model_phys/PHYS/world_model_phys/local_assets/data/physion/generated_v5/converted_stage1_v1/01014_drop_orbit_left_72_seed40014/video.mp4,/home/nvme04/workspace/world_model_phys/PHYS/world_model_phys_stageA_v5_broad_lora_work/local_assets/dpo_pair_factory_v11/synthetic_pairs/pairs/v11_SYN_0400_01014_drop_orbit_left_72_seed40014_object_identity_color_shift/loser_future.mp4,0.0,0.000672459602355957,0.000672459602355957,0.0,0.02420797012746334,0.02420797012746334,ok,,10.34
stratified100,v11_SYN_0413_01029_drop_orbit_left_72_seed40029_partial_freeze_foreground,vjepa2_1_vit_base_224_local_ema_encoder,"{""winner"": [5, 30, 55, 80], ""loser"": [0, 25, 50, 75], ""winner_kind"": ""full"", ""loser_kind"": ""future""}",4,/home/nvme04/workspace/world_model_phys/PHYS/world_model_phys/local_assets/data/physion/generated_v5/converted_stage1_v1/01029_drop_orbit_left_72_seed40029/video.mp4,/home/nvme04/workspace/world_model_phys/PHYS/world_model_phys_stageA_v5_broad_lora_work/local_assets/dpo_pair_factory_v11/synthetic_pairs/pairs/v11_SYN_0413_01029_drop_orbit_left_72_seed40029_partial_freeze_foreground/loser_future.mp4,0.0,0.0007016658782958984,0.0007016658782958984,0.0,0.0237337164580822,0.0237337164580822,ok,,9.024
stratified100,v11_SYN_0236_04228_containment_orbit_left_44_seed43228_reobserve_mismatch_visible,vjepa2_1_vit_base_224_local_ema_encoder,"{""winner"": [5, 30, 55, 80], ""loser"": [0, 25, 50, 75], ""winner_kind"": ""full"", ""loser_kind"": ""future""}",4,/home/nvme04/workspace/world_model_phys/PHYS/world_model_phys/local_assets/data/physion/generated_v5/converted_stage1_v1/04228_containment_orbit_left_44_seed43228/video.mp4,/home/nvme04/workspace/world_model_phys/PHYS/world_model_phys_stageA_v5_broad_lora_work/local_assets/dpo_pair_factory_v11/synthetic_pairs/pairs/v11_SYN_0236_04228_containment_orbit_left_44_seed43228_reobserve_mismatch_visible/loser_future.mp4,0.0,0.0006517171859741211,0.0006517171859741211,0.0,0.02397932857275009,0.02397932857275009,ok,,9.784
stratified100,v11_SYN_0505_03435_roll_orbit_right_60_seed42435_roll_event_fragment_synthetic,vjepa2_1_vit_base_224_local_ema_encoder,"{""winner"": [5, 30, 55, 80], ""loser"": [0, 25, 50, 75], ""winner_kind"": ""full"", ""loser_kind"": ""future""}",4,/home/nvme04/workspace/world_model_phys/PHYS/world_model_phys/local_assets/data/physion/generated_v5/converted_stage1_v1/03435_roll_orbit_right_60_seed42435/video.mp4,/home/nvme04/workspace/world_model_phys/PHYS/world_model_phys_stageA_v5_broad_lora_work/local_assets/dpo_pair_factory_v11/synthetic_pairs/pairs/v11_SYN_0505_03435_roll_orbit_right_60_seed42435_roll_event_fragment_synthetic/loser_future.mp4,0.0,0.0006171464920043945,0.0006171464920043945,0.0,0.025890056043863297,0.025890056043863297,ok,,10.683
stratified100,v11_SYN_0420_01032_drop_orbit_left_72_seed40032_wrong_camera_motion_visible,vjepa2_1_vit_base_224_local_ema_encoder,"{""winner"": [5, 30, 55, 80], ""loser"": [0, 25, 50, 75], ""winner_kind"": ""full"", ""loser_kind"": ""future""}",4,/home/nvme04/workspace/world_model_phys/PHYS/world_model_phys/local_assets/data/physion/generated_v5/converted_stage1_v1/01032_drop_orbit_left_72_seed40032/video.mp4,/home/nvme04/workspace/world_model_phys/PHYS/world_model_phys_stageA_v5_broad_lora_work/local_assets/dpo_pair_factory_v11/synthetic_pairs/pairs/v11_SYN_0420_01032_drop_orbit_left_72_seed40032_wrong_camera_motion_visible/loser_future.mp4,0.0,0.0006418824195861816,0.0006418824195861816,0.0,0.029559897258877754,0.029559897258877754,ok,,10.316
stratified100,v11_SYN_0053_02262_collision_orbit_right_64_seed41262_background_drift_visible,vjepa2_1_vit_base_224_local_ema_encoder,"{""winner"": [5, 30, 55, 80], ""loser"": [0, 25, 50, 75], ""winner_kind"": ""full"", ""loser_kind"": ""future""}",4,/home/nvme04/workspace/world_model_phys/PHYS/world_model_phys/local_assets/data/physion/generated_v5/converted_stage1_v1/02262_collision_orbit_right_64_seed41262/video.mp4,/home/nvme04/workspace/world_model_phys/PHYS/world_model_phys_stageA_v5_broad_lora_work/local_assets/dpo_pair_factory_v11/synthetic_pairs/pairs/v11_SYN_0053_02262_collision_orbit_right_64_seed41262_background_drift_visible/loser_future.mp4,0.0,0.0005524158477783203,0.0005524158477783203,0.0,0.02776815928518772,0.02776815928518772,ok,,10.822
stratified100,v11_SYN_EXTRA_0025_02239_collision_strafe_left_180_seed41239_collision_response_failure_synthetic,vjepa2_1_vit_base_224_local_ema_encoder,"{""winner"": [5, 30, 55, 80], ""loser"": [0, 25, 50, 75], ""winner_kind"": ""full"", ""loser_kind"": ""future""}",4,/home/nvme04/workspace/world_model_phys/PHYS/world_model_phys/local_assets/data/physion/generated_v5/converted_stage1_v1/02239_collision_strafe_left_180_seed41239/video.mp4,/home/nvme04/workspace/world_model_phys/PHYS/world_model_phys_stageA_v5_broad_lora_work/local_assets/dpo_pair_factory_v11/synthetic_pairs_extra/pairs/v11_SYN_EXTRA_0025_02239_collision_strafe_left_180_seed41239_collision_response_failure_synthetic/loser_future.mp4,0.0,0.0007710456848144531,0.0007710456848144531,0.0,0.030143436044454575,0.030143436044454575,ok,,11.428
stratified100,v11_SYN_EXTRA_0157_04228_containment_orbit_left_44_seed43228_containment_failure_synthetic,vjepa2_1_vit_base_224_local_ema_encoder,"{""winner"": [5, 30, 55, 80], ""loser"": [0, 25, 50, 75], ""winner_kind"": ""full"", ""loser_kind"": ""future""}",4,/home/nvme04/workspace/world_model_phys/PHYS/world_model_phys/local_assets/data/physion/generated_v5/converted_stage1_v1/04228_containment_orbit_left_44_seed43228/video.mp4,/home/nvme04/workspace/world_model_phys/PHYS/world_model_phys_stageA_v5_broad_lora_work/local_assets/dpo_pair_factory_v11/synthetic_pairs_extra/pairs/v11_SYN_EXTRA_0157_04228_containment_orbit_left_44_seed43228_containment_failure_synthetic/loser_future.mp4,0.0,0.0005941390991210938,0.0005941390991210938,0.0,0.02504235878586769,0.02504235878586769,ok,,7.759
stratified100,v11_SYN_0403_01026_drop_orbit_left_72_seed40026_drop_motion_failure_synthetic,vjepa2_1_vit_base_224_local_ema_encoder,"{""winner"": [5, 30, 55, 80], ""loser"": [0, 25, 50, 75], ""winner_kind"": ""full"", ""loser_kind"": ""future""}",4,/home/nvme04/workspace/world_model_phys/PHYS/world_model_phys/local_assets/data/physion/generated_v5/converted_stage1_v1/01026_drop_orbit_left_72_seed40026/video.mp4,/home/nvme04/workspace/world_model_phys/PHYS/world_model_phys_stageA_v5_broad_lora_work/local_assets/dpo_pair_factory_v11/synthetic_pairs/pairs/v11_SYN_0403_01026_drop_orbit_left_72_seed40026_drop_motion_failure_synthetic/loser_future.mp4,0.0,0.001649022102355957,0.001649022102355957,0.0,0.04211205989122391,0.04211205989122391,ok,,8.221
stratified100,v10_TypeM_003_02215_collision_strafe_left_180_seed41215_foreground_identity_color_shift,vjepa2_1_vit_base_224_local_ema_encoder,,,,,,,,,,,error,FileNotFoundError: loser video missing: /home/nvme04/workspace/world_model_phys/PHYS/world_model_phys_stageA_v5_broad_lora_work/local_assets/dpo_pair_factory_v10/synthetic_visible_negatives/pairs/v10_TypeM_003_02215_collision_strafe_left_180_seed41215_foreground_identity_color_shift/loser_full_prefix5_future.mp4,0.001
stratified100,v10_TypeM_002_02202_collision_orbit_right_64_seed41202_local_patch_drift,vjepa2_1_vit_base_224_local_ema_encoder,,,,,,,,,,,error,FileNotFoundError: loser video missing: /home/nvme04/workspace/world_model_phys/PHYS/world_model_phys_stageA_v5_broad_lora_work/local_assets/dpo_pair_factory_v10/synthetic_visible_negatives/pairs/v10_TypeM_002_02202_collision_orbit_right_64_seed41202_local_patch_drift/loser_full_prefix5_future.mp4,0.0
stratified100,v10_TypeM_005_02226_collision_orbit_right_64_seed41226_local_patch_freeze,vjepa2_1_vit_base_224_local_ema_encoder,,,,,,,,,,,error,FileNotFoundError: loser video missing: /home/nvme04/workspace/world_model_phys/PHYS/world_model_phys_stageA_v5_broad_lora_work/local_assets/dpo_pair_factory_v10/synthetic_visible_negatives/pairs/v10_TypeM_005_02226_collision_orbit_right_64_seed41226_local_patch_freeze/loser_full_prefix5_future.mp4,0.0
stratified100,v11_SYN_0423_01038_drop_orbit_left_72_seed40038_local_scene_patch_drift,vjepa2_1_vit_base_224_local_ema_encoder,"{""winner"": [5, 30, 55, 80], ""loser"": [0, 25, 50, 75], ""winner_kind"": ""full"", ""loser_kind"": ""future""}",4,/home/nvme04/workspace/world_model_phys/PHYS/world_model_phys/local_assets/data/physion/generated_v5/converted_stage1_v1/01038_drop_orbit_left_72_seed40038/video.mp4,/home/nvme04/workspace/world_model_phys/PHYS/world_model_phys_stageA_v5_broad_lora_work/local_assets/dpo_pair_factory_v11/synthetic_pairs/pairs/v11_SYN_0423_01038_drop_orbit_left_72_seed40038_local_scene_patch_drift/loser_future.mp4,0.0,0.0005107522010803223,0.0005107522010803223,0.0,0.023496365174651146,0.023496365174651146,ok,,8.467
stratified100,v10_TypeM_016_02327_collision_strafe_left_180_seed41327_local_temporal_jump,vjepa2_1_vit_base_224_local_ema_encoder,,,,,,,,,,,error,FileNotFoundError: loser video missing: /home/nvme04/workspace/world_model_phys/PHYS/world_model_phys_stageA_v5_broad_lora_work/local_assets/dpo_pair_factory_v10/synthetic_visible_negatives/pairs/v10_TypeM_016_02327_collision_strafe_left_180_seed41327_local_temporal_jump/loser_full_prefix5_future.mp4,0.0
stratified100,v11_SYN_0537_03465_roll_orbit_right_60_seed42465_object_deformation_visible,vjepa2_1_vit_base_224_local_ema_encoder,"{""winner"": [5, 30, 55, 80], ""loser"": [0, 25, 50, 75], ""winner_kind"": ""full"", ""loser_kind"": ""future""}",4,/home/nvme04/workspace/world_model_phys/PHYS/world_model_phys/local_assets/data/physion/generated_v5/converted_stage1_v1/03465_roll_orbit_right_60_seed42465/video.mp4,/home/nvme04/workspace/world_model_phys/PHYS/world_model_phys_stageA_v5_broad_lora_work/local_assets/dpo_pair_factory_v11/synthetic_pairs/pairs/v11_SYN_0537_03465_roll_orbit_right_60_seed42465_object_deformation_visible/loser_future.mp4,0.0,0.0005058050155639648,0.0005058050155639648,0.0,0.027914639562368393,0.027914639562368393,ok,,6.795
stratified100,v11_SYN_0434_01047_drop_orbit_left_72_seed40047_object_duplicate_or_fragment,vjepa2_1_vit_base_224_local_ema_encoder,"{""winner"": [5, 30, 55, 80], ""loser"": [0, 25, 50, 75], ""winner_kind"": ""full"", ""loser_kind"": ""future""}",4,/home/nvme04/workspace/world_model_phys/PHYS/world_model_phys/local_assets/data/physion/generated_v5/converted_stage1_v1/01047_drop_orbit_left_72_seed40047/video.mp4,/home/nvme04/workspace/world_model_phys/PHYS/world_model_phys_stageA_v5_broad_lora_work/local_assets/dpo_pair_factory_v11/synthetic_pairs/pairs/v11_SYN_0434_01047_drop_orbit_left_72_seed40047_object_duplicate_or_fragment/loser_future.mp4,0.0,0.0005816221237182617,0.0005816221237182617,0.0,0.02466489188373089,0.02466489188373089,ok,,7.172
stratified100,v11_SYN_0406_01026_drop_orbit_left_72_seed40026_object_identity_color_shift,vjepa2_1_vit_base_224_local_ema_encoder,"{""winner"": [5, 30, 55, 80], ""loser"": [0, 25, 50, 75], ""winner_kind"": ""full"", ""loser_kind"": ""future""}",4,/home/nvme04/workspace/world_model_phys/PHYS/world_model_phys/local_assets/data/physion/generated_v5/converted_stage1_v1/01026_drop_orbit_left_72_seed40026/video.mp4,/home/nvme04/workspace/world_model_phys/PHYS/world_model_phys_stageA_v5_broad_lora_work/local_assets/dpo_pair_factory_v11/synthetic_pairs/pairs/v11_SYN_0406_01026_drop_orbit_left_72_seed40026_object_identity_color_shift/loser_future.mp4,0.0,0.0018061399459838867,0.0018061399459838867,0.0,0.043228428810834885,0.043228428810834885,ok,,9.72
stratified100,v11_SYN_0419_01032_drop_orbit_left_72_seed40032_partial_freeze_foreground,vjepa2_1_vit_base_224_local_ema_encoder,"{""winner"": [5, 30, 55, 80], ""loser"": [0, 25, 50, 75], ""winner_kind"": ""full"", ""loser_kind"": ""future""}",4,/home/nvme04/workspace/world_model_phys/PHYS/world_model_phys/local_assets/data/physion/generated_v5/converted_stage1_v1/01032_drop_orbit_left_72_seed40032/video.mp4,/home/nvme04/workspace/world_model_phys/PHYS/world_model_phys_stageA_v5_broad_lora_work/local_assets/dpo_pair_factory_v11/synthetic_pairs/pairs/v11_SYN_0419_01032_drop_orbit_left_72_seed40032_partial_freeze_foreground/loser_future.mp4,0.0,0.0006467103958129883,0.0006467103958129883,0.0,0.03223729133605957,0.03223729133605957,ok,,10.984
stratified100,v11_SYN_EXTRA_0158_04228_containment_orbit_left_44_seed43228_reobserve_mismatch_visible,vjepa2_1_vit_base_224_local_ema_encoder,"{""winner"": [5, 30, 55, 80], ""loser"": [0, 25, 50, 75], ""winner_kind"": ""full"", ""loser_kind"": ""future""}",4,/home/nvme04/workspace/world_model_phys/PHYS/world_model_phys/local_assets/data/physion/generated_v5/converted_stage1_v1/04228_containment_orbit_left_44_seed43228/video.mp4,/home/nvme04/workspace/world_model_phys/PHYS/world_model_phys_stageA_v5_broad_lora_work/local_assets/dpo_pair_factory_v11/synthetic_pairs_extra/pairs/v11_SYN_EXTRA_0158_04228_containment_orbit_left_44_seed43228_reobserve_mismatch_visible/loser_future.mp4,0.0,0.000510871410369873,0.000510871410369873,0.0,0.021758703514933586,0.021758703514933586,ok,,8.751
stratified100,v11_SYN_0511_03437_roll_orbit_right_60_seed42437_roll_event_fragment_synthetic,vjepa2_1_vit_base_224_local_ema_encoder,"{""winner"": [5, 30, 55, 80], ""loser"": [0, 25, 50, 75], ""winner_kind"": ""full"", ""loser_kind"": ""future""}",4,/home/nvme04/workspace/world_model_phys/PHYS/world_model_phys/local_assets/data/physion/generated_v5/converted_stage1_v1/03437_roll_orbit_right_60_seed42437/video.mp4,/home/nvme04/workspace/world_model_phys/PHYS/world_model_phys_stageA_v5_broad_lora_work/local_assets/dpo_pair_factory_v11/synthetic_pairs/pairs/v11_SYN_0511_03437_roll_orbit_right_60_seed42437_roll_event_fragment_synthetic/loser_future.mp4,0.0,0.001552581787109375,0.001552581787109375,0.0,0.035299744457006454,0.035299744457006454,ok,,8.579
stratified100,v11_SYN_0432_01039_drop_orbit_left_72_seed40039_wrong_camera_motion_visible,vjepa2_1_vit_base_224_local_ema_encoder,"{""winner"": [5, 30, 55, 80], ""loser"": [0, 25, 50, 75], ""winner_kind"": ""full"", ""loser_kind"": ""future""}",4,/home/nvme04/workspace/world_model_phys/PHYS/world_model_phys/local_assets/data/physion/generated_v5/converted_stage1_v1/01039_drop_orbit_left_72_seed40039/video.mp4,/home/nvme04/workspace/world_model_phys/PHYS/world_model_phys_stageA_v5_broad_lora_work/local_assets/dpo_pair_factory_v11/synthetic_pairs/pairs/v11_SYN_0432_01039_drop_orbit_left_72_seed40039_wrong_camera_motion_visible/loser_future.mp4,0.0,0.0005317330360412598,0.0005317330360412598,0.0,0.024344222620129585,0.024344222620129585,ok,,9.704
stratified100,v11_SYN_0059_02276_collision_orbit_right_64_seed41276_background_drift_visible,vjepa2_1_vit_base_224_local_ema_encoder,"{""winner"": [5, 30, 55, 80], ""loser"": [0, 25, 50, 75], ""winner_kind"": ""full"", ""loser_kind"": ""future""}",4,/home/nvme04/workspace/world_model_phys/PHYS/world_model_phys/local_assets/data/physion/generated_v5/converted_stage1_v1/02276_collision_orbit_right_64_seed41276/video.mp4,/home/nvme04/workspace/world_model_phys/PHYS/world_model_phys_stageA_v5_broad_lora_work/local_assets/dpo_pair_factory_v11/synthetic_pairs/pairs/v11_SYN_0059_02276_collision_orbit_right_64_seed41276_background_drift_visible/loser_future.mp4,0.0,0.0007508397102355957,0.0007508397102355957,0.0,0.029643861576914787,0.029643861576914787,ok,,7.304
stratified100,v11_SYN_0043_02259_collision_strafe_left_180_seed41259_collision_response_failure_synthetic,vjepa2_1_vit_base_224_local_ema_encoder,"{""winner"": [5, 30, 55, 80], ""loser"": [0, 25, 50, 75], ""winner_kind"": ""full"", ""loser_kind"": ""future""}",4,/home/nvme04/workspace/world_model_phys/PHYS/world_model_phys/local_assets/data/physion/generated_v5/converted_stage1_v1/02259_collision_strafe_left_180_seed41259/video.mp4,/home/nvme04/workspace/world_model_phys/PHYS/world_model_phys_stageA_v5_broad_lora_work/local_assets/dpo_pair_factory_v11/synthetic_pairs/pairs/v11_SYN_0043_02259_collision_strafe_left_180_seed41259_collision_response_failure_synthetic/loser_future.mp4,0.0,0.0012004375457763672,0.0012004375457763672,0.0,0.035130929201841354,0.035130929201841354,ok,,7.854
stratified100,v11_SYN_0241_04236_containment_orbit_left_44_seed43236_containment_failure_synthetic,vjepa2_1_vit_base_224_local_ema_encoder,"{""winner"": [5, 30, 55, 80], ""loser"": [0, 25, 50, 75], ""winner_kind"": ""full"", ""loser_kind"": ""future""}",4,/home/nvme04/workspace/world_model_phys/PHYS/world_model_phys/local_assets/data/physion/generated_v5/converted_stage1_v1/04236_containment_orbit_left_44_seed43236/video.mp4,/home/nvme04/workspace/world_model_phys/PHYS/world_model_phys_stageA_v5_broad_lora_work/local_assets/dpo_pair_factory_v11/synthetic_pairs/pairs/v11_SYN_0241_04236_containment_orbit_left_44_seed43236_containment_failure_synthetic/loser_future.mp4,0.0,0.0011355876922607422,0.0011355876922607422,0.0,0.027010148391127586,0.027010148391127586,ok,,9.367
stratified100,v11_SYN_0409_01029_drop_orbit_left_72_seed40029_drop_motion_failure_synthetic,vjepa2_1_vit_base_224_local_ema_encoder,"{""winner"": [5, 30, 55, 80], ""loser"": [0, 25, 50, 75], ""winner_kind"": ""full"", ""loser_kind"": ""future""}",4,/home/nvme04/workspace/world_model_phys/PHYS/world_model_phys/local_assets/data/physion/generated_v5/converted_stage1_v1/01029_drop_orbit_left_72_seed40029/video.mp4,/home/nvme04/workspace/world_model_phys/PHYS/world_model_phys_stageA_v5_broad_lora_work/local_assets/dpo_pair_factory_v11/synthetic_pairs/pairs/v11_SYN_0409_01029_drop_orbit_left_72_seed40029_drop_motion_failure_synthetic/loser_future.mp4,0.0,0.00044715404510498047,0.00044715404510498047,0.0,0.02315485291182995,0.02315485291182995,ok,,10.732
stratified100,v10_TypeM_007_02239_collision_strafe_left_180_seed41239_foreground_identity_color_shift,vjepa2_1_vit_base_224_local_ema_encoder,,,,,,,,,,,error,FileNotFoundError: loser video missing: /home/nvme04/workspace/world_model_phys/PHYS/world_model_phys_stageA_v5_broad_lora_work/local_assets/dpo_pair_factory_v10/synthetic_visible_negatives/pairs/v10_TypeM_007_02239_collision_strafe_left_180_seed41239_foreground_identity_color_shift/loser_full_prefix5_future.mp4,0.0
s_pass4,v6b_GT_C_007_04228_containment_orbit_left_44_seed43228,vjepa2_1_vit_base_224_local_ema_encoder,,,,,,,,,,,error,FileNotFoundError: loser video missing: /home/nvme04/workspace/world_model_phys/PHYS/world_model_phys_stageA_v5_broad_lora_work/local_assets/targeted_BC_loser_mining_v6b/rollouts_16cond/M_C_camera_self_temporal_r4/videos/04228_containment_orbit_left_44_seed43228_M_C_camera_self_temporal_r4.mp4,0.0
s_pass4,v10_TypeM_071_01038_drop_orbit_left_72_seed40038_foreground_identity_color_shift,vjepa2_1_vit_base_224_local_ema_encoder,,,,,,,,,,,error,FileNotFoundError: loser video missing: /home/nvme04/workspace/world_model_phys/PHYS/world_model_phys_stageA_v5_broad_lora_work/local_assets/dpo_pair_factory_v10/synthetic_visible_negatives/pairs/v10_TypeM_071_01038_drop_orbit_left_72_seed40038_foreground_identity_color_shift/loser_full_prefix5_future.mp4,0.0
s_pass4,v10_TypeM_067_01014_drop_orbit_left_72_seed40014_foreground_identity_color_shift,vjepa2_1_vit_base_224_local_ema_encoder,,,,,,,,,,,error,FileNotFoundError: loser video missing: /home/nvme04/workspace/world_model_phys/PHYS/world_model_phys_stageA_v5_broad_lora_work/local_assets/dpo_pair_factory_v10/synthetic_visible_negatives/pairs/v10_TypeM_067_01014_drop_orbit_left_72_seed40014_foreground_identity_color_shift/loser_full_prefix5_future.mp4,0.0
s_pass4,v10_TypeM_039_04214_containment_orbit_left_44_seed43214_foreground_identity_color_shift,vjepa2_1_vit_base_224_local_ema_encoder,,,,,,,,,,,error,FileNotFoundError: loser video missing: /home/nvme04/workspace/world_model_phys/PHYS/world_model_phys_stageA_v5_broad_lora_work/local_assets/dpo_pair_factory_v10/synthetic_visible_negatives/pairs/v10_TypeM_039_04214_containment_orbit_left_44_seed43214_foreground_identity_color_shift/loser_full_prefix5_future.mp4,0.0
rollout15,v6b_GT_C_001_01014_drop_orbit_left_72_seed40014,vjepa2_1_vit_base_224_local_ema_encoder,,,,,,,,,,,error,FileNotFoundError: loser video missing: /home/nvme04/workspace/world_model_phys/PHYS/world_model_phys_stageA_v5_broad_lora_work/local_assets/targeted_BC_loser_mining_v6b/rollouts_16cond/M_C_camera_self_temporal_r4/videos/01014_drop_orbit_left_72_seed40014_M_C_camera_self_temporal_r4.mp4,0.0
rollout15,v6b_GT_C_002_03410_roll_orbit_right_60_seed42410,vjepa2_1_vit_base_224_local_ema_encoder,,,,,,,,,,,error,FileNotFoundError: loser video missing: /home/nvme04/workspace/world_model_phys/PHYS/world_model_phys_stageA_v5_broad_lora_work/local_assets/targeted_BC_loser_mining_v6b/rollouts_16cond/M_C_camera_self_temporal_r4/videos/03410_roll_orbit_right_60_seed42410_M_C_camera_self_temporal_r4.mp4,0.0
rollout15,v6b_GT_C_003_03418_roll_orbit_right_60_seed42418,vjepa2_1_vit_base_224_local_ema_encoder,,,,,,,,,,,error,FileNotFoundError: loser video missing: /home/nvme04/workspace/world_model_phys/PHYS/world_model_phys_stageA_v5_broad_lora_work/local_assets/targeted_BC_loser_mining_v6b/rollouts_16cond/M_C_camera_self_temporal_r4/videos/03418_roll_orbit_right_60_seed42418_M_C_camera_self_temporal_r4.mp4,0.0
rollout15,v6b_GT_C_004_04204_containment_orbit_left_44_seed43204,vjepa2_1_vit_base_224_local_ema_encoder,,,,,,,,,,,error,FileNotFoundError: loser video missing: /home/nvme04/workspace/world_model_phys/PHYS/world_model_phys_stageA_v5_broad_lora_work/local_assets/targeted_BC_loser_mining_v6b/rollouts_16cond/M_C_camera_self_temporal_r4/videos/04204_containment_orbit_left_44_seed43204_M_C_camera_self_temporal_r4.mp4,0.0
rollout15,v6b_GT_C_005_04209_containment_orbit_left_44_seed43209,vjepa2_1_vit_base_224_local_ema_encoder,,,,,,,,,,,error,FileNotFoundError: loser video missing: /home/nvme04/workspace/world_model_phys/PHYS/world_model_phys_stageA_v5_broad_lora_work/local_assets/targeted_BC_loser_mining_v6b/rollouts_16cond/M_C_camera_self_temporal_r4/videos/04209_containment_orbit_left_44_seed43209_M_C_camera_self_temporal_r4.mp4,0.0
rollout15,v6b_GT_C_006_04214_containment_orbit_left_44_seed43214,vjepa2_1_vit_base_224_local_ema_encoder,,,,,,,,,,,error,FileNotFoundError: loser video missing: /home/nvme04/workspace/world_model_phys/PHYS/world_model_phys_stageA_v5_broad_lora_work/local_assets/targeted_BC_loser_mining_v6b/rollouts_16cond/M_C_camera_self_temporal_r4/videos/04214_containment_orbit_left_44_seed43214_M_C_camera_self_temporal_r4.mp4,0.0
rollout15,v6b_GT_C_007_04228_containment_orbit_left_44_seed43228,vjepa2_1_vit_base_224_local_ema_encoder,,,,,,,,,,,error,FileNotFoundError: loser video missing: /home/nvme04/workspace/world_model_phys/PHYS/world_model_phys_stageA_v5_broad_lora_work/local_assets/targeted_BC_loser_mining_v6b/rollouts_16cond/M_C_camera_self_temporal_r4/videos/04228_containment_orbit_left_44_seed43228_M_C_camera_self_temporal_r4.mp4,0.0
rollout15,v6b_GT_C_008_01029_drop_orbit_left_72_seed40029,vjepa2_1_vit_base_224_local_ema_encoder,,,,,,,,,,,error,FileNotFoundError: loser video missing: /home/nvme04/workspace/world_model_phys/PHYS/world_model_phys_stageA_v5_broad_lora_work/local_assets/targeted_BC_loser_mining_v6b/rollouts_32cond/M_C_camera_self_temporal_r4/videos/01029_drop_orbit_left_72_seed40029_M_C_camera_self_temporal_r4.mp4,0.0
rollout15,v6b_GT_C_009_01032_drop_orbit_left_72_seed40032,vjepa2_1_vit_base_224_local_ema_encoder,,,,,,,,,,,error,FileNotFoundError: loser video missing: /home/nvme04/workspace/world_model_phys/PHYS/world_model_phys_stageA_v5_broad_lora_work/local_assets/targeted_BC_loser_mining_v6b/rollouts_32cond/M_C_camera_self_temporal_r4/videos/01032_drop_orbit_left_72_seed40032_M_C_camera_self_temporal_r4.mp4,0.0
rollout15,v6b_GT_C_011_02276_collision_orbit_right_64_seed41276,vjepa2_1_vit_base_224_local_ema_encoder,,,,,,,,,,,error,FileNotFoundError: loser video missing: /home/nvme04/workspace/world_model_phys/PHYS/world_model_phys_stageA_v5_broad_lora_work/local_assets/targeted_BC_loser_mining_v6b/rollouts_32cond/M_C_camera_self_temporal_r4/videos/02276_collision_orbit_right_64_seed41276_M_C_camera_self_temporal_r4.mp4,0.0
rollout15,v6b_GT_C_012_02284_collision_orbit_right_64_seed41284,vjepa2_1_vit_base_224_local_ema_encoder,,,,,,,,,,,error,FileNotFoundError: loser video missing: /home/nvme04/workspace/world_model_phys/PHYS/world_model_phys_stageA_v5_broad_lora_work/local_assets/targeted_BC_loser_mining_v6b/rollouts_32cond/M_C_camera_self_temporal_r4/videos/02284_collision_orbit_right_64_seed41284_M_C_camera_self_temporal_r4.mp4,0.0
rollout15,v6b_GT_C_013_03435_roll_orbit_right_60_seed42435,vjepa2_1_vit_base_224_local_ema_encoder,,,,,,,,,,,error,FileNotFoundError: loser video missing: /home/nvme04/workspace/world_model_phys/PHYS/world_model_phys_stageA_v5_broad_lora_work/local_assets/targeted_BC_loser_mining_v6b/rollouts_32cond/M_C_camera_self_temporal_r4/videos/03435_roll_orbit_right_60_seed42435_M_C_camera_self_temporal_r4.mp4,0.0
rollout15,v6b_GT_C_014_03437_roll_orbit_right_60_seed42437,vjepa2_1_vit_base_224_local_ema_encoder,,,,,,,,,,,error,FileNotFoundError: loser video missing: /home/nvme04/workspace/world_model_phys/PHYS/world_model_phys_stageA_v5_broad_lora_work/local_assets/targeted_BC_loser_mining_v6b/rollouts_32cond/M_C_camera_self_temporal_r4/videos/03437_roll_orbit_right_60_seed42437_M_C_camera_self_temporal_r4.mp4,0.0
rollout15,v6b_GT_C_015_04248_containment_orbit_left_44_seed43248,vjepa2_1_vit_base_224_local_ema_encoder,,,,,,,,,,,error,FileNotFoundError: loser video missing: /home/nvme04/workspace/world_model_phys/PHYS/world_model_phys_stageA_v5_broad_lora_work/local_assets/targeted_BC_loser_mining_v6b/rollouts_32cond/M_C_camera_self_temporal_r4/videos/04248_containment_orbit_left_44_seed43248_M_C_camera_self_temporal_r4.mp4,0.0
rollout15,v6b_GT_C_016_04249_containment_orbit_left_44_seed43249,vjepa2_1_vit_base_224_local_ema_encoder,,,,,,,,,,,error,FileNotFoundError: loser video missing: /home/nvme04/workspace/world_model_phys/PHYS/world_model_phys_stageA_v5_broad_lora_work/local_assets/targeted_BC_loser_mining_v6b/rollouts_32cond/M_C_camera_self_temporal_r4/videos/04249_containment_orbit_left_44_seed43249_M_C_camera_self_temporal_r4.mp4,0.0
