subset_name,row_idx,pair_id,pair_source,pair_type,failure_type,reward_margin,medium_hard,affected_region_available,affected_time_span_available,local_mask_ratio,sigma,timestep,actual_sigma_bin,requested_sigma_bin,energy_backend,status,error_reason
stratified100,0,v6b_GT_C_011_02276_collision_orbit_right_64_seed41276,other,GT_C,collision_event_failure,0.151854,True,False,False,,,,unknown,unknown,lingbot_pending,MISSING_REAL_ENERGY,No real energy fields found; rerun with LingBot energy backend.
stratified100,1,v6b_GT_C_012_02284_collision_orbit_right_64_seed41284,other,GT_C,collision_extra_objects,0.216568,True,False,False,,,,unknown,unknown,lingbot_pending,MISSING_REAL_ENERGY,No real energy fields found; rerun with LingBot energy backend.
stratified100,2,v6b_GT_C_015_04248_containment_orbit_left_44_seed43248,other,GT_C,containment_extra_objects,0.183348,True,False,False,,,,unknown,unknown,lingbot_pending,MISSING_REAL_ENERGY,No real energy fields found; rerun with LingBot energy backend.
stratified100,3,v6b_GT_C_004_04204_containment_orbit_left_44_seed43204,other,GT_C,containment_failure,0.171237,True,False,False,,,,unknown,unknown,lingbot_pending,MISSING_REAL_ENERGY,No real energy fields found; rerun with LingBot energy backend.
stratified100,4,v6b_GT_C_001_01014_drop_orbit_left_72_seed40014,other,GT_C,event_extra_objects,0.202092,True,False,False,,,,unknown,unknown,lingbot_pending,MISSING_REAL_ENERGY,No real energy fields found; rerun with LingBot energy backend.
stratified100,5,v6b_GT_C_002_03410_roll_orbit_right_60_seed42410,other,GT_C,event_missing_or_fragments,0.200478,True,False,False,,,,unknown,unknown,lingbot_pending,MISSING_REAL_ENERGY,No real energy fields found; rerun with LingBot energy backend.
stratified100,6,v6b_GT_C_006_04214_containment_orbit_left_44_seed43214,other,GT_C,foreground_identity_event,0.199205,True,False,False,,,,unknown,unknown,lingbot_pending,MISSING_REAL_ENERGY,No real energy fields found; rerun with LingBot energy backend.
stratified100,7,v6b_GT_C_008_01029_drop_orbit_left_72_seed40029,other,GT_C,foreground_identity_extra_objects,0.196952,True,False,False,,,,unknown,unknown,lingbot_pending,MISSING_REAL_ENERGY,No real energy fields found; rerun with LingBot energy backend.
stratified100,8,v6b_GT_C_003_03418_roll_orbit_right_60_seed42418,other,GT_C,physical_event_fragments,0.162431,True,False,False,,,,unknown,unknown,lingbot_pending,MISSING_REAL_ENERGY,No real energy fields found; rerun with LingBot energy backend.
stratified100,9,v6b_GT_C_013_03435_roll_orbit_right_60_seed42435,other,GT_C,roll_identity_event,0.167279,True,False,False,,,,unknown,unknown,lingbot_pending,MISSING_REAL_ENERGY,No real energy fields found; rerun with LingBot energy backend.
stratified100,10,v11_SYN_0017_02215_collision_strafe_left_180_seed41215_background_drift_visible,synthetic_controlled,TypeM_v11_synthetic_visible,background_drift_visible,0.12,True,True,True,,,,unknown,unknown,lingbot_pending,MISSING_REAL_ENERGY,No real energy fields found; rerun with LingBot energy backend.
stratified100,11,v11_SYN_0013_02215_collision_strafe_left_180_seed41215_collision_response_failure_synthetic,synthetic_controlled,TypeM_v11_synthetic_visible,collision_response_failure_synthetic,0.12,True,True,True,,,,unknown,unknown,lingbot_pending,MISSING_REAL_ENERGY,No real energy fields found; rerun with LingBot energy backend.
stratified100,12,v11_SYN_0223_04209_containment_orbit_left_44_seed43209_containment_failure_synthetic,synthetic_controlled,TypeM_v11_synthetic_visible,containment_failure_synthetic,0.132139,True,True,True,,,,unknown,unknown,lingbot_pending,MISSING_REAL_ENERGY,No real energy fields found; rerun with LingBot energy backend.
stratified100,13,v11_SYN_0379_01002_drop_orbit_left_72_seed40002_drop_motion_failure_synthetic,synthetic_controlled,TypeM_v11_synthetic_visible,drop_motion_failure_synthetic,0.12,True,True,True,,,,unknown,unknown,lingbot_pending,MISSING_REAL_ENERGY,No real energy fields found; rerun with LingBot energy backend.
stratified100,14,v10_TypeM_067_01014_drop_orbit_left_72_seed40014_foreground_identity_color_shift,synthetic_controlled,TypeM_v10_synthetic_visible,foreground_identity_color_shift,0.40997,True,True,True,,,,unknown,unknown,lingbot_pending,MISSING_REAL_ENERGY,No real energy fields found; rerun with LingBot energy backend.
stratified100,15,v10_TypeM_066_01013_drop_orbit_left_72_seed40013_local_patch_drift,synthetic_controlled,TypeM_v10_synthetic_visible,local_patch_drift,0.251452,True,True,True,,,,unknown,unknown,lingbot_pending,MISSING_REAL_ENERGY,No real energy fields found; rerun with LingBot energy backend.
stratified100,16,v10_TypeM_065_01008_drop_orbit_left_72_seed40008_local_patch_freeze,synthetic_controlled,TypeM_v10_synthetic_visible,local_patch_freeze,0.187438,True,True,True,,,,unknown,unknown,lingbot_pending,MISSING_REAL_ENERGY,No real energy fields found; rerun with LingBot energy backend.
stratified100,17,v11_SYN_0387_01008_drop_orbit_left_72_seed40008_local_scene_patch_drift,synthetic_controlled,TypeM_v11_synthetic_visible,local_scene_patch_drift,0.12,True,True,True,,,,unknown,unknown,lingbot_pending,MISSING_REAL_ENERGY,No real energy fields found; rerun with LingBot energy backend.
stratified100,18,v10_TypeM_064_01002_drop_orbit_left_72_seed40002_local_temporal_jump,synthetic_controlled,TypeM_v10_synthetic_visible,local_temporal_jump,0.28365,True,True,True,,,,unknown,unknown,lingbot_pending,MISSING_REAL_ENERGY,No real energy fields found; rerun with LingBot energy backend.
stratified100,19,v11_SYN_0038_02239_collision_strafe_left_180_seed41239_object_deformation_visible,synthetic_controlled,TypeM_v11_synthetic_visible,object_deformation_visible,0.12,True,True,True,,,,unknown,unknown,lingbot_pending,MISSING_REAL_ENERGY,No real energy fields found; rerun with LingBot energy backend.
stratified100,20,v11_SYN_0386_01008_drop_orbit_left_72_seed40008_object_duplicate_or_fragment,synthetic_controlled,TypeM_v11_synthetic_visible,object_duplicate_or_fragment,0.12,True,True,True,,,,unknown,unknown,lingbot_pending,MISSING_REAL_ENERGY,No real energy fields found; rerun with LingBot energy backend.
stratified100,21,v11_SYN_0382_01002_drop_orbit_left_72_seed40002_object_identity_color_shift,synthetic_controlled,TypeM_v11_synthetic_visible,object_identity_color_shift,0.167472,True,True,True,,,,unknown,unknown,lingbot_pending,MISSING_REAL_ENERGY,No real energy fields found; rerun with LingBot energy backend.
stratified100,22,v11_SYN_0389_01008_drop_orbit_left_72_seed40008_partial_freeze_foreground,synthetic_controlled,TypeM_v11_synthetic_visible,partial_freeze_foreground,0.149866,True,True,True,,,,unknown,unknown,lingbot_pending,MISSING_REAL_ENERGY,No real energy fields found; rerun with LingBot energy backend.
stratified100,23,v11_SYN_0224_04209_containment_orbit_left_44_seed43209_reobserve_mismatch_visible,synthetic_controlled,TypeM_v11_synthetic_visible,reobserve_mismatch_visible,0.130379,True,True,True,,,,unknown,unknown,lingbot_pending,MISSING_REAL_ENERGY,No real energy fields found; rerun with LingBot energy backend.
stratified100,24,v11_SYN_0487_03410_roll_orbit_right_60_seed42410_roll_event_fragment_synthetic,synthetic_controlled,TypeM_v11_synthetic_visible,roll_event_fragment_synthetic,0.133833,True,True,True,,,,unknown,unknown,lingbot_pending,MISSING_REAL_ENERGY,No real energy fields found; rerun with LingBot energy backend.
stratified100,25,v11_SYN_0384_01002_drop_orbit_left_72_seed40002_wrong_camera_motion_visible,synthetic_controlled,TypeM_v11_synthetic_visible,wrong_camera_motion_visible,0.12,True,True,True,,,,unknown,unknown,lingbot_pending,MISSING_REAL_ENERGY,No real energy fields found; rerun with LingBot energy backend.
stratified100,26,v6b_GT_C_016_04249_containment_orbit_left_44_seed43249,other,GT_C,containment_extra_objects,0.206794,True,False,False,,,,unknown,unknown,lingbot_pending,MISSING_REAL_ENERGY,No real energy fields found; rerun with LingBot energy backend.
stratified100,27,v6b_GT_C_005_04209_containment_orbit_left_44_seed43209,other,GT_C,containment_failure,0.264709,True,False,False,,,,unknown,unknown,lingbot_pending,MISSING_REAL_ENERGY,No real energy fields found; rerun with LingBot energy backend.
stratified100,28,v6b_GT_C_009_01032_drop_orbit_left_72_seed40032,other,GT_C,foreground_identity_extra_objects,0.171587,True,False,False,,,,unknown,unknown,lingbot_pending,MISSING_REAL_ENERGY,No real energy fields found; rerun with LingBot energy backend.
stratified100,29,v6b_GT_C_014_03437_roll_orbit_right_60_seed42437,other,GT_C,roll_identity_event,0.141602,True,False,False,,,,unknown,unknown,lingbot_pending,MISSING_REAL_ENERGY,No real energy fields found; rerun with LingBot energy backend.
stratified100,30,v11_SYN_0035_02228_collision_orbit_right_64_seed41228_background_drift_visible,synthetic_controlled,TypeM_v11_synthetic_visible,background_drift_visible,0.12,True,True,True,,,,unknown,unknown,lingbot_pending,MISSING_REAL_ENERGY,No real energy fields found; rerun with LingBot energy backend.
stratified100,31,v11_SYN_EXTRA_0009_02215_collision_strafe_left_180_seed41215_collision_response_failure_synthetic,synthetic_controlled,TypeM_v11_synthetic_visible,collision_response_failure_synthetic,0.169114,True,True,True,,,,unknown,unknown,lingbot_pending,MISSING_REAL_ENERGY,No real energy fields found; rerun with LingBot energy backend.
stratified100,32,v11_SYN_EXTRA_0149_04209_containment_orbit_left_44_seed43209_containment_failure_synthetic,synthetic_controlled,TypeM_v11_synthetic_visible,containment_failure_synthetic,0.12,True,True,True,,,,unknown,unknown,lingbot_pending,MISSING_REAL_ENERGY,No real energy fields found; rerun with LingBot energy backend.
stratified100,33,v11_SYN_0385_01008_drop_orbit_left_72_seed40008_drop_motion_failure_synthetic,synthetic_controlled,TypeM_v11_synthetic_visible,drop_motion_failure_synthetic,0.174053,True,True,True,,,,unknown,unknown,lingbot_pending,MISSING_REAL_ENERGY,No real energy fields found; rerun with LingBot energy backend.
stratified100,34,v10_TypeM_071_01038_drop_orbit_left_72_seed40038_foreground_identity_color_shift,synthetic_controlled,TypeM_v10_synthetic_visible,foreground_identity_color_shift,0.42,True,True,True,,,,unknown,unknown,lingbot_pending,MISSING_REAL_ENERGY,No real energy fields found; rerun with LingBot energy backend.
stratified100,35,v10_TypeM_070_01032_drop_orbit_left_72_seed40032_local_patch_drift,synthetic_controlled,TypeM_v10_synthetic_visible,local_patch_drift,0.12,True,True,True,,,,unknown,unknown,lingbot_pending,MISSING_REAL_ENERGY,No real energy fields found; rerun with LingBot energy backend.
stratified100,36,v10_TypeM_069_01029_drop_orbit_left_72_seed40029_local_patch_freeze,synthetic_controlled,TypeM_v10_synthetic_visible,local_patch_freeze,0.213597,True,True,True,,,,unknown,unknown,lingbot_pending,MISSING_REAL_ENERGY,No real energy fields found; rerun with LingBot energy backend.
stratified100,37,v11_SYN_0393_01013_drop_orbit_left_72_seed40013_local_scene_patch_drift,synthetic_controlled,TypeM_v11_synthetic_visible,local_scene_patch_drift,0.15587,True,True,True,,,,unknown,unknown,lingbot_pending,MISSING_REAL_ENERGY,No real energy fields found; rerun with LingBot energy backend.
stratified100,38,v10_TypeM_072_01039_drop_orbit_left_72_seed40039_local_temporal_jump,synthetic_controlled,TypeM_v10_synthetic_visible,local_temporal_jump,0.321412,True,True,True,,,,unknown,unknown,lingbot_pending,MISSING_REAL_ENERGY,No real energy fields found; rerun with LingBot energy backend.
stratified100,39,v11_SYN_0056_02276_collision_orbit_right_64_seed41276_object_deformation_visible,synthetic_controlled,TypeM_v11_synthetic_visible,object_deformation_visible,0.12,True,True,True,,,,unknown,unknown,lingbot_pending,MISSING_REAL_ENERGY,No real energy fields found; rerun with LingBot energy backend.
stratified100,40,v11_SYN_0398_01014_drop_orbit_left_72_seed40014_object_duplicate_or_fragment,synthetic_controlled,TypeM_v11_synthetic_visible,object_duplicate_or_fragment,0.12,True,True,True,,,,unknown,unknown,lingbot_pending,MISSING_REAL_ENERGY,No real energy fields found; rerun with LingBot energy backend.
stratified100,41,v11_SYN_0388_01008_drop_orbit_left_72_seed40008_object_identity_color_shift,synthetic_controlled,TypeM_v11_synthetic_visible,object_identity_color_shift,0.201272,True,True,True,,,,unknown,unknown,lingbot_pending,MISSING_REAL_ENERGY,No real energy fields found; rerun with LingBot energy backend.
stratified100,42,v11_SYN_0395_01013_drop_orbit_left_72_seed40013_partial_freeze_foreground,synthetic_controlled,TypeM_v11_synthetic_visible,partial_freeze_foreground,0.196327,True,True,True,,,,unknown,unknown,lingbot_pending,MISSING_REAL_ENERGY,No real energy fields found; rerun with LingBot energy backend.
stratified100,43,v11_SYN_0230_04214_containment_orbit_left_44_seed43214_reobserve_mismatch_visible,synthetic_controlled,TypeM_v11_synthetic_visible,reobserve_mismatch_visible,0.222691,True,True,True,,,,unknown,unknown,lingbot_pending,MISSING_REAL_ENERGY,No real energy fields found; rerun with LingBot energy backend.
stratified100,44,v11_SYN_0493_03413_roll_orbit_right_60_seed42413_roll_event_fragment_synthetic,synthetic_controlled,TypeM_v11_synthetic_visible,roll_event_fragment_synthetic,0.12,True,True,True,,,,unknown,unknown,lingbot_pending,MISSING_REAL_ENERGY,No real energy fields found; rerun with LingBot energy backend.
stratified100,45,v11_SYN_0396_01013_drop_orbit_left_72_seed40013_wrong_camera_motion_visible,synthetic_controlled,TypeM_v11_synthetic_visible,wrong_camera_motion_visible,0.12,True,True,True,,,,unknown,unknown,lingbot_pending,MISSING_REAL_ENERGY,No real energy fields found; rerun with LingBot energy backend.
stratified100,46,v6b_GT_C_007_04228_containment_orbit_left_44_seed43228,other,GT_C,containment_failure,0.35277,True,False,False,,,,unknown,unknown,lingbot_pending,MISSING_REAL_ENERGY,No real energy fields found; rerun with LingBot energy backend.
stratified100,47,v11_SYN_0041_02239_collision_strafe_left_180_seed41239_background_drift_visible,synthetic_controlled,TypeM_v11_synthetic_visible,background_drift_visible,0.12,True,True,True,,,,unknown,unknown,lingbot_pending,MISSING_REAL_ENERGY,No real energy fields found; rerun with LingBot energy backend.
stratified100,48,v11_SYN_0031_02228_collision_orbit_right_64_seed41228_collision_response_failure_synthetic,synthetic_controlled,TypeM_v11_synthetic_visible,collision_response_failure_synthetic,0.12,True,True,True,,,,unknown,unknown,lingbot_pending,MISSING_REAL_ENERGY,No real energy fields found; rerun with LingBot energy backend.
stratified100,49,v11_SYN_EXTRA_0153_04214_containment_orbit_left_44_seed43214_containment_failure_synthetic,synthetic_controlled,TypeM_v11_synthetic_visible,containment_failure_synthetic,0.237937,True,True,True,,,,unknown,unknown,lingbot_pending,MISSING_REAL_ENERGY,No real energy fields found; rerun with LingBot energy backend.
stratified100,50,v11_SYN_0391_01013_drop_orbit_left_72_seed40013_drop_motion_failure_synthetic,synthetic_controlled,TypeM_v11_synthetic_visible,drop_motion_failure_synthetic,0.173788,True,True,True,,,,unknown,unknown,lingbot_pending,MISSING_REAL_ENERGY,No real energy fields found; rerun with LingBot energy backend.
stratified100,51,v10_TypeM_075_01079_drop_orbit_left_72_seed40079_foreground_identity_color_shift,synthetic_controlled,TypeM_v10_synthetic_visible,foreground_identity_color_shift,0.291791,True,True,True,,,,unknown,unknown,lingbot_pending,MISSING_REAL_ENERGY,No real energy fields found; rerun with LingBot energy backend.
stratified100,52,v10_TypeM_074_01060_drop_orbit_left_72_seed40060_local_patch_drift,synthetic_controlled,TypeM_v10_synthetic_visible,local_patch_drift,0.337693,True,True,True,,,,unknown,unknown,lingbot_pending,MISSING_REAL_ENERGY,No real energy fields found; rerun with LingBot energy backend.
stratified100,53,v10_TypeM_073_01047_drop_orbit_left_72_seed40047_local_patch_freeze,synthetic_controlled,TypeM_v10_synthetic_visible,local_patch_freeze,0.213947,True,True,True,,,,unknown,unknown,lingbot_pending,MISSING_REAL_ENERGY,No real energy fields found; rerun with LingBot energy backend.
stratified100,54,v11_SYN_0399_01014_drop_orbit_left_72_seed40014_local_scene_patch_drift,synthetic_controlled,TypeM_v11_synthetic_visible,local_scene_patch_drift,0.150437,True,True,True,,,,unknown,unknown,lingbot_pending,MISSING_REAL_ENERGY,No real energy fields found; rerun with LingBot energy backend.
stratified100,55,v10_TypeM_076_01086_drop_orbit_left_72_seed40086_local_temporal_jump,synthetic_controlled,TypeM_v10_synthetic_visible,local_temporal_jump,0.131628,True,True,True,,,,unknown,unknown,lingbot_pending,MISSING_REAL_ENERGY,No real energy fields found; rerun with LingBot energy backend.
stratified100,56,v11_SYN_EXTRA_0070_02353_collision_strafe_left_180_seed41353_object_deformation_visible,synthetic_controlled,TypeM_v11_synthetic_visible,object_deformation_visible,0.12,True,True,True,,,,unknown,unknown,lingbot_pending,MISSING_REAL_ENERGY,No real energy fields found; rerun with LingBot energy backend.
stratified100,57,v11_SYN_0404_01026_drop_orbit_left_72_seed40026_object_duplicate_or_fragment,synthetic_controlled,TypeM_v11_synthetic_visible,object_duplicate_or_fragment,0.12,True,True,True,,,,unknown,unknown,lingbot_pending,MISSING_REAL_ENERGY,No real energy fields found; rerun with LingBot energy backend.
stratified100,58,v11_SYN_0394_01013_drop_orbit_left_72_seed40013_object_identity_color_shift,synthetic_controlled,TypeM_v11_synthetic_visible,object_identity_color_shift,0.13782,True,True,True,,,,unknown,unknown,lingbot_pending,MISSING_REAL_ENERGY,No real energy fields found; rerun with LingBot energy backend.
stratified100,59,v11_SYN_0401_01014_drop_orbit_left_72_seed40014_partial_freeze_foreground,synthetic_controlled,TypeM_v11_synthetic_visible,partial_freeze_foreground,0.12,True,True,True,,,,unknown,unknown,lingbot_pending,MISSING_REAL_ENERGY,No real energy fields found; rerun with LingBot energy backend.
stratified100,60,v11_SYN_EXTRA_0154_04214_containment_orbit_left_44_seed43214_reobserve_mismatch_visible,synthetic_controlled,TypeM_v11_synthetic_visible,reobserve_mismatch_visible,0.142422,True,True,True,,,,unknown,unknown,lingbot_pending,MISSING_REAL_ENERGY,No real energy fields found; rerun with LingBot energy backend.
stratified100,61,v11_SYN_0499_03418_roll_orbit_right_60_seed42418_roll_event_fragment_synthetic,synthetic_controlled,TypeM_v11_synthetic_visible,roll_event_fragment_synthetic,0.12,True,True,True,,,,unknown,unknown,lingbot_pending,MISSING_REAL_ENERGY,No real energy fields found; rerun with LingBot energy backend.
stratified100,62,v11_SYN_0414_01029_drop_orbit_left_72_seed40029_wrong_camera_motion_visible,synthetic_controlled,TypeM_v11_synthetic_visible,wrong_camera_motion_visible,0.128958,True,True,True,,,,unknown,unknown,lingbot_pending,MISSING_REAL_ENERGY,No real energy fields found; rerun with LingBot energy backend.
stratified100,63,v11_SYN_0047_02259_collision_strafe_left_180_seed41259_background_drift_visible,synthetic_controlled,TypeM_v11_synthetic_visible,background_drift_visible,0.12,True,True,True,,,,unknown,unknown,lingbot_pending,MISSING_REAL_ENERGY,No real energy fields found; rerun with LingBot energy backend.
stratified100,64,v11_SYN_EXTRA_0021_02228_collision_orbit_right_64_seed41228_collision_response_failure_synthetic,synthetic_controlled,TypeM_v11_synthetic_visible,collision_response_failure_synthetic,0.12,True,True,True,,,,unknown,unknown,lingbot_pending,MISSING_REAL_ENERGY,No real energy fields found; rerun with LingBot energy backend.
stratified100,65,v11_SYN_0235_04228_containment_orbit_left_44_seed43228_containment_failure_synthetic,synthetic_controlled,TypeM_v11_synthetic_visible,containment_failure_synthetic,0.12,True,True,True,,,,unknown,unknown,lingbot_pending,MISSING_REAL_ENERGY,No real energy fields found; rerun with LingBot energy backend.
stratified100,66,v11_SYN_0397_01014_drop_orbit_left_72_seed40014_drop_motion_failure_synthetic,synthetic_controlled,TypeM_v11_synthetic_visible,drop_motion_failure_synthetic,0.163137,True,True,True,,,,unknown,unknown,lingbot_pending,MISSING_REAL_ENERGY,No real energy fields found; rerun with LingBot energy backend.
stratified100,67,v10_TypeM_079_01108_drop_orbit_left_72_seed40108_foreground_identity_color_shift,synthetic_controlled,TypeM_v10_synthetic_visible,foreground_identity_color_shift,0.392047,True,True,True,,,,unknown,unknown,lingbot_pending,MISSING_REAL_ENERGY,No real energy fields found; rerun with LingBot energy backend.
stratified100,68,v10_TypeM_078_01102_drop_orbit_left_72_seed40102_local_patch_drift,synthetic_controlled,TypeM_v10_synthetic_visible,local_patch_drift,0.207982,True,True,True,,,,unknown,unknown,lingbot_pending,MISSING_REAL_ENERGY,No real energy fields found; rerun with LingBot energy backend.
stratified100,69,v10_TypeM_077_01101_drop_orbit_left_72_seed40101_local_patch_freeze,synthetic_controlled,TypeM_v10_synthetic_visible,local_patch_freeze,0.238745,True,True,True,,,,unknown,unknown,lingbot_pending,MISSING_REAL_ENERGY,No real energy fields found; rerun with LingBot energy backend.
stratified100,70,v11_SYN_0417_01032_drop_orbit_left_72_seed40032_local_scene_patch_drift,synthetic_controlled,TypeM_v11_synthetic_visible,local_scene_patch_drift,0.12,True,True,True,,,,unknown,unknown,lingbot_pending,MISSING_REAL_ENERGY,No real energy fields found; rerun with LingBot energy backend.
stratified100,71,v10_TypeM_004_02222_collision_orbit_right_64_seed41222_local_temporal_jump,synthetic_controlled,TypeM_v10_synthetic_visible,local_temporal_jump,0.152616,True,True,True,,,,unknown,unknown,lingbot_pending,MISSING_REAL_ENERGY,No real energy fields found; rerun with LingBot energy backend.
stratified100,72,v11_SYN_EXTRA_0082_02378_collision_orbit_right_64_seed41378_object_deformation_visible,synthetic_controlled,TypeM_v11_synthetic_visible,object_deformation_visible,0.12,True,True,True,,,,unknown,unknown,lingbot_pending,MISSING_REAL_ENERGY,No real energy fields found; rerun with LingBot energy backend.
stratified100,73,v11_SYN_0428_01039_drop_orbit_left_72_seed40039_object_duplicate_or_fragment,synthetic_controlled,TypeM_v11_synthetic_visible,object_duplicate_or_fragment,0.12,True,True,True,,,,unknown,unknown,lingbot_pending,MISSING_REAL_ENERGY,No real energy fields found; rerun with LingBot energy backend.
stratified100,74,v11_SYN_0400_01014_drop_orbit_left_72_seed40014_object_identity_color_shift,synthetic_controlled,TypeM_v11_synthetic_visible,object_identity_color_shift,0.121934,True,True,True,,,,unknown,unknown,lingbot_pending,MISSING_REAL_ENERGY,No real energy fields found; rerun with LingBot energy backend.
stratified100,75,v11_SYN_0413_01029_drop_orbit_left_72_seed40029_partial_freeze_foreground,synthetic_controlled,TypeM_v11_synthetic_visible,partial_freeze_foreground,0.182919,True,True,True,,,,unknown,unknown,lingbot_pending,MISSING_REAL_ENERGY,No real energy fields found; rerun with LingBot energy backend.
stratified100,76,v11_SYN_0236_04228_containment_orbit_left_44_seed43228_reobserve_mismatch_visible,synthetic_controlled,TypeM_v11_synthetic_visible,reobserve_mismatch_visible,0.12,True,True,True,,,,unknown,unknown,lingbot_pending,MISSING_REAL_ENERGY,No real energy fields found; rerun with LingBot energy backend.
stratified100,77,v11_SYN_0505_03435_roll_orbit_right_60_seed42435_roll_event_fragment_synthetic,synthetic_controlled,TypeM_v11_synthetic_visible,roll_event_fragment_synthetic,0.184896,True,True,True,,,,unknown,unknown,lingbot_pending,MISSING_REAL_ENERGY,No real energy fields found; rerun with LingBot energy backend.
stratified100,78,v11_SYN_0420_01032_drop_orbit_left_72_seed40032_wrong_camera_motion_visible,synthetic_controlled,TypeM_v11_synthetic_visible,wrong_camera_motion_visible,0.12,True,True,True,,,,unknown,unknown,lingbot_pending,MISSING_REAL_ENERGY,No real energy fields found; rerun with LingBot energy backend.
stratified100,79,v11_SYN_0053_02262_collision_orbit_right_64_seed41262_background_drift_visible,synthetic_controlled,TypeM_v11_synthetic_visible,background_drift_visible,0.12,True,True,True,,,,unknown,unknown,lingbot_pending,MISSING_REAL_ENERGY,No real energy fields found; rerun with LingBot energy backend.
stratified100,80,v11_SYN_EXTRA_0025_02239_collision_strafe_left_180_seed41239_collision_response_failure_synthetic,synthetic_controlled,TypeM_v11_synthetic_visible,collision_response_failure_synthetic,0.12,True,True,True,,,,unknown,unknown,lingbot_pending,MISSING_REAL_ENERGY,No real energy fields found; rerun with LingBot energy backend.
stratified100,81,v11_SYN_EXTRA_0157_04228_containment_orbit_left_44_seed43228_containment_failure_synthetic,synthetic_controlled,TypeM_v11_synthetic_visible,containment_failure_synthetic,0.137285,True,True,True,,,,unknown,unknown,lingbot_pending,MISSING_REAL_ENERGY,No real energy fields found; rerun with LingBot energy backend.
stratified100,82,v11_SYN_0403_01026_drop_orbit_left_72_seed40026_drop_motion_failure_synthetic,synthetic_controlled,TypeM_v11_synthetic_visible,drop_motion_failure_synthetic,0.224865,True,True,True,,,,unknown,unknown,lingbot_pending,MISSING_REAL_ENERGY,No real energy fields found; rerun with LingBot energy backend.
stratified100,83,v10_TypeM_003_02215_collision_strafe_left_180_seed41215_foreground_identity_color_shift,synthetic_controlled,TypeM_v10_synthetic_visible,foreground_identity_color_shift,0.176885,True,True,True,,,,unknown,unknown,lingbot_pending,MISSING_REAL_ENERGY,No real energy fields found; rerun with LingBot energy backend.
stratified100,84,v10_TypeM_002_02202_collision_orbit_right_64_seed41202_local_patch_drift,synthetic_controlled,TypeM_v10_synthetic_visible,local_patch_drift,0.12,True,True,True,,,,unknown,unknown,lingbot_pending,MISSING_REAL_ENERGY,No real energy fields found; rerun with LingBot energy backend.
stratified100,85,v10_TypeM_005_02226_collision_orbit_right_64_seed41226_local_patch_freeze,synthetic_controlled,TypeM_v10_synthetic_visible,local_patch_freeze,0.185229,True,True,True,,,,unknown,unknown,lingbot_pending,MISSING_REAL_ENERGY,No real energy fields found; rerun with LingBot energy backend.
stratified100,86,v11_SYN_0423_01038_drop_orbit_left_72_seed40038_local_scene_patch_drift,synthetic_controlled,TypeM_v11_synthetic_visible,local_scene_patch_drift,0.12,True,True,True,,,,unknown,unknown,lingbot_pending,MISSING_REAL_ENERGY,No real energy fields found; rerun with LingBot energy backend.
stratified100,87,v10_TypeM_016_02327_collision_strafe_left_180_seed41327_local_temporal_jump,synthetic_controlled,TypeM_v10_synthetic_visible,local_temporal_jump,0.173646,True,True,True,,,,unknown,unknown,lingbot_pending,MISSING_REAL_ENERGY,No real energy fields found; rerun with LingBot energy backend.
stratified100,88,v11_SYN_0537_03465_roll_orbit_right_60_seed42465_object_deformation_visible,synthetic_controlled,TypeM_v11_synthetic_visible,object_deformation_visible,0.12,True,True,True,,,,unknown,unknown,lingbot_pending,MISSING_REAL_ENERGY,No real energy fields found; rerun with LingBot energy backend.
stratified100,89,v11_SYN_0434_01047_drop_orbit_left_72_seed40047_object_duplicate_or_fragment,synthetic_controlled,TypeM_v11_synthetic_visible,object_duplicate_or_fragment,0.146414,True,True,True,,,,unknown,unknown,lingbot_pending,MISSING_REAL_ENERGY,No real energy fields found; rerun with LingBot energy backend.
stratified100,90,v11_SYN_0406_01026_drop_orbit_left_72_seed40026_object_identity_color_shift,synthetic_controlled,TypeM_v11_synthetic_visible,object_identity_color_shift,0.262554,True,True,True,,,,unknown,unknown,lingbot_pending,MISSING_REAL_ENERGY,No real energy fields found; rerun with LingBot energy backend.
stratified100,91,v11_SYN_0419_01032_drop_orbit_left_72_seed40032_partial_freeze_foreground,synthetic_controlled,TypeM_v11_synthetic_visible,partial_freeze_foreground,0.164712,True,True,True,,,,unknown,unknown,lingbot_pending,MISSING_REAL_ENERGY,No real energy fields found; rerun with LingBot energy backend.
stratified100,92,v11_SYN_EXTRA_0158_04228_containment_orbit_left_44_seed43228_reobserve_mismatch_visible,synthetic_controlled,TypeM_v11_synthetic_visible,reobserve_mismatch_visible,0.12,True,True,True,,,,unknown,unknown,lingbot_pending,MISSING_REAL_ENERGY,No real energy fields found; rerun with LingBot energy backend.
stratified100,93,v11_SYN_0511_03437_roll_orbit_right_60_seed42437_roll_event_fragment_synthetic,synthetic_controlled,TypeM_v11_synthetic_visible,roll_event_fragment_synthetic,0.186921,True,True,True,,,,unknown,unknown,lingbot_pending,MISSING_REAL_ENERGY,No real energy fields found; rerun with LingBot energy backend.
stratified100,94,v11_SYN_0432_01039_drop_orbit_left_72_seed40039_wrong_camera_motion_visible,synthetic_controlled,TypeM_v11_synthetic_visible,wrong_camera_motion_visible,0.12,True,True,True,,,,unknown,unknown,lingbot_pending,MISSING_REAL_ENERGY,No real energy fields found; rerun with LingBot energy backend.
stratified100,95,v11_SYN_0059_02276_collision_orbit_right_64_seed41276_background_drift_visible,synthetic_controlled,TypeM_v11_synthetic_visible,background_drift_visible,0.12,True,True,True,,,,unknown,unknown,lingbot_pending,MISSING_REAL_ENERGY,No real energy fields found; rerun with LingBot energy backend.
stratified100,96,v11_SYN_0043_02259_collision_strafe_left_180_seed41259_collision_response_failure_synthetic,synthetic_controlled,TypeM_v11_synthetic_visible,collision_response_failure_synthetic,0.12,True,True,True,,,,unknown,unknown,lingbot_pending,MISSING_REAL_ENERGY,No real energy fields found; rerun with LingBot energy backend.
stratified100,97,v11_SYN_0241_04236_containment_orbit_left_44_seed43236_containment_failure_synthetic,synthetic_controlled,TypeM_v11_synthetic_visible,containment_failure_synthetic,0.12,True,True,True,,,,unknown,unknown,lingbot_pending,MISSING_REAL_ENERGY,No real energy fields found; rerun with LingBot energy backend.
stratified100,98,v11_SYN_0409_01029_drop_orbit_left_72_seed40029_drop_motion_failure_synthetic,synthetic_controlled,TypeM_v11_synthetic_visible,drop_motion_failure_synthetic,0.124684,True,True,True,,,,unknown,unknown,lingbot_pending,MISSING_REAL_ENERGY,No real energy fields found; rerun with LingBot energy backend.
stratified100,99,v10_TypeM_007_02239_collision_strafe_left_180_seed41239_foreground_identity_color_shift,synthetic_controlled,TypeM_v10_synthetic_visible,foreground_identity_color_shift,0.266163,True,True,True,,,,unknown,unknown,lingbot_pending,MISSING_REAL_ENERGY,No real energy fields found; rerun with LingBot energy backend.
