module_name,group,rank_observed,shape,dtype,requires_grad_default,recommended_lora_group,memory_risk,module_regex,status
blocks.0.cam_injector_layer1,camera_conditioning,4,NOT_STORED_IN_HISTORICAL_INVENTORY,NOT_STORED_IN_HISTORICAL_INVENTORY,False after LoRA wrapping; LoRA A/B true,camera_conditioning,low,blocks\.0\.cam_injector_layer1,HISTORICAL_RUNTIME_VERIFIED
blocks.0.cam_injector_layer2,camera_conditioning,4,NOT_STORED_IN_HISTORICAL_INVENTORY,NOT_STORED_IN_HISTORICAL_INVENTORY,False after LoRA wrapping; LoRA A/B true,camera_conditioning,low,blocks\.0\.cam_injector_layer2,HISTORICAL_RUNTIME_VERIFIED
blocks.0.cam_scale_layer,camera_conditioning,4,NOT_STORED_IN_HISTORICAL_INVENTORY,NOT_STORED_IN_HISTORICAL_INVENTORY,False after LoRA wrapping; LoRA A/B true,camera_conditioning,low,blocks\.0\.cam_scale_layer,HISTORICAL_RUNTIME_VERIFIED
blocks.0.cam_shift_layer,camera_conditioning,4,NOT_STORED_IN_HISTORICAL_INVENTORY,NOT_STORED_IN_HISTORICAL_INVENTORY,False after LoRA wrapping; LoRA A/B true,camera_conditioning,low,blocks\.0\.cam_shift_layer,HISTORICAL_RUNTIME_VERIFIED
blocks.1.cam_injector_layer1,camera_conditioning,4,NOT_STORED_IN_HISTORICAL_INVENTORY,NOT_STORED_IN_HISTORICAL_INVENTORY,False after LoRA wrapping; LoRA A/B true,camera_conditioning,low,blocks\.1\.cam_injector_layer1,HISTORICAL_RUNTIME_VERIFIED
blocks.1.cam_injector_layer2,camera_conditioning,4,NOT_STORED_IN_HISTORICAL_INVENTORY,NOT_STORED_IN_HISTORICAL_INVENTORY,False after LoRA wrapping; LoRA A/B true,camera_conditioning,low,blocks\.1\.cam_injector_layer2,HISTORICAL_RUNTIME_VERIFIED
blocks.1.cam_scale_layer,camera_conditioning,4,NOT_STORED_IN_HISTORICAL_INVENTORY,NOT_STORED_IN_HISTORICAL_INVENTORY,False after LoRA wrapping; LoRA A/B true,camera_conditioning,low,blocks\.1\.cam_scale_layer,HISTORICAL_RUNTIME_VERIFIED
blocks.1.cam_shift_layer,camera_conditioning,4,NOT_STORED_IN_HISTORICAL_INVENTORY,NOT_STORED_IN_HISTORICAL_INVENTORY,False after LoRA wrapping; LoRA A/B true,camera_conditioning,low,blocks\.1\.cam_shift_layer,HISTORICAL_RUNTIME_VERIFIED
blocks.2.cam_injector_layer1,camera_conditioning,4,NOT_STORED_IN_HISTORICAL_INVENTORY,NOT_STORED_IN_HISTORICAL_INVENTORY,False after LoRA wrapping; LoRA A/B true,camera_conditioning,low,blocks\.2\.cam_injector_layer1,HISTORICAL_RUNTIME_VERIFIED
blocks.2.cam_injector_layer2,camera_conditioning,4,NOT_STORED_IN_HISTORICAL_INVENTORY,NOT_STORED_IN_HISTORICAL_INVENTORY,False after LoRA wrapping; LoRA A/B true,camera_conditioning,low,blocks\.2\.cam_injector_layer2,HISTORICAL_RUNTIME_VERIFIED
blocks.2.cam_scale_layer,camera_conditioning,4,NOT_STORED_IN_HISTORICAL_INVENTORY,NOT_STORED_IN_HISTORICAL_INVENTORY,False after LoRA wrapping; LoRA A/B true,camera_conditioning,low,blocks\.2\.cam_scale_layer,HISTORICAL_RUNTIME_VERIFIED
blocks.2.cam_shift_layer,camera_conditioning,4,NOT_STORED_IN_HISTORICAL_INVENTORY,NOT_STORED_IN_HISTORICAL_INVENTORY,False after LoRA wrapping; LoRA A/B true,camera_conditioning,low,blocks\.2\.cam_shift_layer,HISTORICAL_RUNTIME_VERIFIED
blocks.3.cam_injector_layer1,camera_conditioning,4,NOT_STORED_IN_HISTORICAL_INVENTORY,NOT_STORED_IN_HISTORICAL_INVENTORY,False after LoRA wrapping; LoRA A/B true,camera_conditioning,low,blocks\.3\.cam_injector_layer1,HISTORICAL_RUNTIME_VERIFIED
blocks.3.cam_injector_layer2,camera_conditioning,4,NOT_STORED_IN_HISTORICAL_INVENTORY,NOT_STORED_IN_HISTORICAL_INVENTORY,False after LoRA wrapping; LoRA A/B true,camera_conditioning,low,blocks\.3\.cam_injector_layer2,HISTORICAL_RUNTIME_VERIFIED
blocks.3.cam_scale_layer,camera_conditioning,4,NOT_STORED_IN_HISTORICAL_INVENTORY,NOT_STORED_IN_HISTORICAL_INVENTORY,False after LoRA wrapping; LoRA A/B true,camera_conditioning,low,blocks\.3\.cam_scale_layer,HISTORICAL_RUNTIME_VERIFIED
blocks.3.cam_shift_layer,camera_conditioning,4,NOT_STORED_IN_HISTORICAL_INVENTORY,NOT_STORED_IN_HISTORICAL_INVENTORY,False after LoRA wrapping; LoRA A/B true,camera_conditioning,low,blocks\.3\.cam_shift_layer,HISTORICAL_RUNTIME_VERIFIED
blocks.4.cam_injector_layer1,camera_conditioning,4,NOT_STORED_IN_HISTORICAL_INVENTORY,NOT_STORED_IN_HISTORICAL_INVENTORY,False after LoRA wrapping; LoRA A/B true,camera_conditioning,low,blocks\.4\.cam_injector_layer1,HISTORICAL_RUNTIME_VERIFIED
blocks.4.cam_injector_layer2,camera_conditioning,4,NOT_STORED_IN_HISTORICAL_INVENTORY,NOT_STORED_IN_HISTORICAL_INVENTORY,False after LoRA wrapping; LoRA A/B true,camera_conditioning,low,blocks\.4\.cam_injector_layer2,HISTORICAL_RUNTIME_VERIFIED
blocks.4.cam_scale_layer,camera_conditioning,4,NOT_STORED_IN_HISTORICAL_INVENTORY,NOT_STORED_IN_HISTORICAL_INVENTORY,False after LoRA wrapping; LoRA A/B true,camera_conditioning,low,blocks\.4\.cam_scale_layer,HISTORICAL_RUNTIME_VERIFIED
blocks.4.cam_shift_layer,camera_conditioning,4,NOT_STORED_IN_HISTORICAL_INVENTORY,NOT_STORED_IN_HISTORICAL_INVENTORY,False after LoRA wrapping; LoRA A/B true,camera_conditioning,low,blocks\.4\.cam_shift_layer,HISTORICAL_RUNTIME_VERIFIED
blocks.5.cam_injector_layer1,camera_conditioning,4,NOT_STORED_IN_HISTORICAL_INVENTORY,NOT_STORED_IN_HISTORICAL_INVENTORY,False after LoRA wrapping; LoRA A/B true,camera_conditioning,low,blocks\.5\.cam_injector_layer1,HISTORICAL_RUNTIME_VERIFIED
blocks.5.cam_injector_layer2,camera_conditioning,4,NOT_STORED_IN_HISTORICAL_INVENTORY,NOT_STORED_IN_HISTORICAL_INVENTORY,False after LoRA wrapping; LoRA A/B true,camera_conditioning,low,blocks\.5\.cam_injector_layer2,HISTORICAL_RUNTIME_VERIFIED
blocks.5.cam_scale_layer,camera_conditioning,4,NOT_STORED_IN_HISTORICAL_INVENTORY,NOT_STORED_IN_HISTORICAL_INVENTORY,False after LoRA wrapping; LoRA A/B true,camera_conditioning,low,blocks\.5\.cam_scale_layer,HISTORICAL_RUNTIME_VERIFIED
blocks.5.cam_shift_layer,camera_conditioning,4,NOT_STORED_IN_HISTORICAL_INVENTORY,NOT_STORED_IN_HISTORICAL_INVENTORY,False after LoRA wrapping; LoRA A/B true,camera_conditioning,low,blocks\.5\.cam_shift_layer,HISTORICAL_RUNTIME_VERIFIED
blocks.6.cam_injector_layer1,camera_conditioning,4,NOT_STORED_IN_HISTORICAL_INVENTORY,NOT_STORED_IN_HISTORICAL_INVENTORY,False after LoRA wrapping; LoRA A/B true,camera_conditioning,low,blocks\.6\.cam_injector_layer1,HISTORICAL_RUNTIME_VERIFIED
blocks.6.cam_injector_layer2,camera_conditioning,4,NOT_STORED_IN_HISTORICAL_INVENTORY,NOT_STORED_IN_HISTORICAL_INVENTORY,False after LoRA wrapping; LoRA A/B true,camera_conditioning,low,blocks\.6\.cam_injector_layer2,HISTORICAL_RUNTIME_VERIFIED
blocks.6.cam_scale_layer,camera_conditioning,4,NOT_STORED_IN_HISTORICAL_INVENTORY,NOT_STORED_IN_HISTORICAL_INVENTORY,False after LoRA wrapping; LoRA A/B true,camera_conditioning,low,blocks\.6\.cam_scale_layer,HISTORICAL_RUNTIME_VERIFIED
blocks.6.cam_shift_layer,camera_conditioning,4,NOT_STORED_IN_HISTORICAL_INVENTORY,NOT_STORED_IN_HISTORICAL_INVENTORY,False after LoRA wrapping; LoRA A/B true,camera_conditioning,low,blocks\.6\.cam_shift_layer,HISTORICAL_RUNTIME_VERIFIED
blocks.7.cam_injector_layer1,camera_conditioning,4,NOT_STORED_IN_HISTORICAL_INVENTORY,NOT_STORED_IN_HISTORICAL_INVENTORY,False after LoRA wrapping; LoRA A/B true,camera_conditioning,low,blocks\.7\.cam_injector_layer1,HISTORICAL_RUNTIME_VERIFIED
blocks.7.cam_injector_layer2,camera_conditioning,4,NOT_STORED_IN_HISTORICAL_INVENTORY,NOT_STORED_IN_HISTORICAL_INVENTORY,False after LoRA wrapping; LoRA A/B true,camera_conditioning,low,blocks\.7\.cam_injector_layer2,HISTORICAL_RUNTIME_VERIFIED
blocks.7.cam_scale_layer,camera_conditioning,4,NOT_STORED_IN_HISTORICAL_INVENTORY,NOT_STORED_IN_HISTORICAL_INVENTORY,False after LoRA wrapping; LoRA A/B true,camera_conditioning,low,blocks\.7\.cam_scale_layer,HISTORICAL_RUNTIME_VERIFIED
blocks.7.cam_shift_layer,camera_conditioning,4,NOT_STORED_IN_HISTORICAL_INVENTORY,NOT_STORED_IN_HISTORICAL_INVENTORY,False after LoRA wrapping; LoRA A/B true,camera_conditioning,low,blocks\.7\.cam_shift_layer,HISTORICAL_RUNTIME_VERIFIED
blocks.8.cam_injector_layer1,camera_conditioning,4,NOT_STORED_IN_HISTORICAL_INVENTORY,NOT_STORED_IN_HISTORICAL_INVENTORY,False after LoRA wrapping; LoRA A/B true,camera_conditioning,low,blocks\.8\.cam_injector_layer1,HISTORICAL_RUNTIME_VERIFIED
blocks.8.cam_injector_layer2,camera_conditioning,4,NOT_STORED_IN_HISTORICAL_INVENTORY,NOT_STORED_IN_HISTORICAL_INVENTORY,False after LoRA wrapping; LoRA A/B true,camera_conditioning,low,blocks\.8\.cam_injector_layer2,HISTORICAL_RUNTIME_VERIFIED
blocks.8.cam_scale_layer,camera_conditioning,4,NOT_STORED_IN_HISTORICAL_INVENTORY,NOT_STORED_IN_HISTORICAL_INVENTORY,False after LoRA wrapping; LoRA A/B true,camera_conditioning,low,blocks\.8\.cam_scale_layer,HISTORICAL_RUNTIME_VERIFIED
blocks.8.cam_shift_layer,camera_conditioning,4,NOT_STORED_IN_HISTORICAL_INVENTORY,NOT_STORED_IN_HISTORICAL_INVENTORY,False after LoRA wrapping; LoRA A/B true,camera_conditioning,low,blocks\.8\.cam_shift_layer,HISTORICAL_RUNTIME_VERIFIED
blocks.9.cam_injector_layer1,camera_conditioning,4,NOT_STORED_IN_HISTORICAL_INVENTORY,NOT_STORED_IN_HISTORICAL_INVENTORY,False after LoRA wrapping; LoRA A/B true,camera_conditioning,low,blocks\.9\.cam_injector_layer1,HISTORICAL_RUNTIME_VERIFIED
blocks.9.cam_injector_layer2,camera_conditioning,4,NOT_STORED_IN_HISTORICAL_INVENTORY,NOT_STORED_IN_HISTORICAL_INVENTORY,False after LoRA wrapping; LoRA A/B true,camera_conditioning,low,blocks\.9\.cam_injector_layer2,HISTORICAL_RUNTIME_VERIFIED
blocks.9.cam_scale_layer,camera_conditioning,4,NOT_STORED_IN_HISTORICAL_INVENTORY,NOT_STORED_IN_HISTORICAL_INVENTORY,False after LoRA wrapping; LoRA A/B true,camera_conditioning,low,blocks\.9\.cam_scale_layer,HISTORICAL_RUNTIME_VERIFIED
blocks.9.cam_shift_layer,camera_conditioning,4,NOT_STORED_IN_HISTORICAL_INVENTORY,NOT_STORED_IN_HISTORICAL_INVENTORY,False after LoRA wrapping; LoRA A/B true,camera_conditioning,low,blocks\.9\.cam_shift_layer,HISTORICAL_RUNTIME_VERIFIED
blocks.10.cam_injector_layer1,camera_conditioning,4,NOT_STORED_IN_HISTORICAL_INVENTORY,NOT_STORED_IN_HISTORICAL_INVENTORY,False after LoRA wrapping; LoRA A/B true,camera_conditioning,low,blocks\.10\.cam_injector_layer1,HISTORICAL_RUNTIME_VERIFIED
blocks.10.cam_injector_layer2,camera_conditioning,4,NOT_STORED_IN_HISTORICAL_INVENTORY,NOT_STORED_IN_HISTORICAL_INVENTORY,False after LoRA wrapping; LoRA A/B true,camera_conditioning,low,blocks\.10\.cam_injector_layer2,HISTORICAL_RUNTIME_VERIFIED
blocks.10.cam_scale_layer,camera_conditioning,4,NOT_STORED_IN_HISTORICAL_INVENTORY,NOT_STORED_IN_HISTORICAL_INVENTORY,False after LoRA wrapping; LoRA A/B true,camera_conditioning,low,blocks\.10\.cam_scale_layer,HISTORICAL_RUNTIME_VERIFIED
blocks.10.cam_shift_layer,camera_conditioning,4,NOT_STORED_IN_HISTORICAL_INVENTORY,NOT_STORED_IN_HISTORICAL_INVENTORY,False after LoRA wrapping; LoRA A/B true,camera_conditioning,low,blocks\.10\.cam_shift_layer,HISTORICAL_RUNTIME_VERIFIED
blocks.11.cam_injector_layer1,camera_conditioning,4,NOT_STORED_IN_HISTORICAL_INVENTORY,NOT_STORED_IN_HISTORICAL_INVENTORY,False after LoRA wrapping; LoRA A/B true,camera_conditioning,low,blocks\.11\.cam_injector_layer1,HISTORICAL_RUNTIME_VERIFIED
blocks.11.cam_injector_layer2,camera_conditioning,4,NOT_STORED_IN_HISTORICAL_INVENTORY,NOT_STORED_IN_HISTORICAL_INVENTORY,False after LoRA wrapping; LoRA A/B true,camera_conditioning,low,blocks\.11\.cam_injector_layer2,HISTORICAL_RUNTIME_VERIFIED
blocks.11.cam_scale_layer,camera_conditioning,4,NOT_STORED_IN_HISTORICAL_INVENTORY,NOT_STORED_IN_HISTORICAL_INVENTORY,False after LoRA wrapping; LoRA A/B true,camera_conditioning,low,blocks\.11\.cam_scale_layer,HISTORICAL_RUNTIME_VERIFIED
blocks.11.cam_shift_layer,camera_conditioning,4,NOT_STORED_IN_HISTORICAL_INVENTORY,NOT_STORED_IN_HISTORICAL_INVENTORY,False after LoRA wrapping; LoRA A/B true,camera_conditioning,low,blocks\.11\.cam_shift_layer,HISTORICAL_RUNTIME_VERIFIED
blocks.12.cam_injector_layer1,camera_conditioning,4,NOT_STORED_IN_HISTORICAL_INVENTORY,NOT_STORED_IN_HISTORICAL_INVENTORY,False after LoRA wrapping; LoRA A/B true,camera_conditioning,low,blocks\.12\.cam_injector_layer1,HISTORICAL_RUNTIME_VERIFIED
blocks.12.cam_injector_layer2,camera_conditioning,4,NOT_STORED_IN_HISTORICAL_INVENTORY,NOT_STORED_IN_HISTORICAL_INVENTORY,False after LoRA wrapping; LoRA A/B true,camera_conditioning,low,blocks\.12\.cam_injector_layer2,HISTORICAL_RUNTIME_VERIFIED
blocks.12.cam_scale_layer,camera_conditioning,4,NOT_STORED_IN_HISTORICAL_INVENTORY,NOT_STORED_IN_HISTORICAL_INVENTORY,False after LoRA wrapping; LoRA A/B true,camera_conditioning,low,blocks\.12\.cam_scale_layer,HISTORICAL_RUNTIME_VERIFIED
blocks.12.cam_shift_layer,camera_conditioning,4,NOT_STORED_IN_HISTORICAL_INVENTORY,NOT_STORED_IN_HISTORICAL_INVENTORY,False after LoRA wrapping; LoRA A/B true,camera_conditioning,low,blocks\.12\.cam_shift_layer,HISTORICAL_RUNTIME_VERIFIED
blocks.13.cam_injector_layer1,camera_conditioning,4,NOT_STORED_IN_HISTORICAL_INVENTORY,NOT_STORED_IN_HISTORICAL_INVENTORY,False after LoRA wrapping; LoRA A/B true,camera_conditioning,low,blocks\.13\.cam_injector_layer1,HISTORICAL_RUNTIME_VERIFIED
blocks.13.cam_injector_layer2,camera_conditioning,4,NOT_STORED_IN_HISTORICAL_INVENTORY,NOT_STORED_IN_HISTORICAL_INVENTORY,False after LoRA wrapping; LoRA A/B true,camera_conditioning,low,blocks\.13\.cam_injector_layer2,HISTORICAL_RUNTIME_VERIFIED
blocks.13.cam_scale_layer,camera_conditioning,4,NOT_STORED_IN_HISTORICAL_INVENTORY,NOT_STORED_IN_HISTORICAL_INVENTORY,False after LoRA wrapping; LoRA A/B true,camera_conditioning,low,blocks\.13\.cam_scale_layer,HISTORICAL_RUNTIME_VERIFIED
blocks.13.cam_shift_layer,camera_conditioning,4,NOT_STORED_IN_HISTORICAL_INVENTORY,NOT_STORED_IN_HISTORICAL_INVENTORY,False after LoRA wrapping; LoRA A/B true,camera_conditioning,low,blocks\.13\.cam_shift_layer,HISTORICAL_RUNTIME_VERIFIED
blocks.14.cam_injector_layer1,camera_conditioning,4,NOT_STORED_IN_HISTORICAL_INVENTORY,NOT_STORED_IN_HISTORICAL_INVENTORY,False after LoRA wrapping; LoRA A/B true,camera_conditioning,low,blocks\.14\.cam_injector_layer1,HISTORICAL_RUNTIME_VERIFIED
blocks.14.cam_injector_layer2,camera_conditioning,4,NOT_STORED_IN_HISTORICAL_INVENTORY,NOT_STORED_IN_HISTORICAL_INVENTORY,False after LoRA wrapping; LoRA A/B true,camera_conditioning,low,blocks\.14\.cam_injector_layer2,HISTORICAL_RUNTIME_VERIFIED
blocks.14.cam_scale_layer,camera_conditioning,4,NOT_STORED_IN_HISTORICAL_INVENTORY,NOT_STORED_IN_HISTORICAL_INVENTORY,False after LoRA wrapping; LoRA A/B true,camera_conditioning,low,blocks\.14\.cam_scale_layer,HISTORICAL_RUNTIME_VERIFIED
blocks.14.cam_shift_layer,camera_conditioning,4,NOT_STORED_IN_HISTORICAL_INVENTORY,NOT_STORED_IN_HISTORICAL_INVENTORY,False after LoRA wrapping; LoRA A/B true,camera_conditioning,low,blocks\.14\.cam_shift_layer,HISTORICAL_RUNTIME_VERIFIED
blocks.15.cam_injector_layer1,camera_conditioning,4,NOT_STORED_IN_HISTORICAL_INVENTORY,NOT_STORED_IN_HISTORICAL_INVENTORY,False after LoRA wrapping; LoRA A/B true,camera_conditioning,low,blocks\.15\.cam_injector_layer1,HISTORICAL_RUNTIME_VERIFIED
blocks.15.cam_injector_layer2,camera_conditioning,4,NOT_STORED_IN_HISTORICAL_INVENTORY,NOT_STORED_IN_HISTORICAL_INVENTORY,False after LoRA wrapping; LoRA A/B true,camera_conditioning,low,blocks\.15\.cam_injector_layer2,HISTORICAL_RUNTIME_VERIFIED
blocks.15.cam_scale_layer,camera_conditioning,4,NOT_STORED_IN_HISTORICAL_INVENTORY,NOT_STORED_IN_HISTORICAL_INVENTORY,False after LoRA wrapping; LoRA A/B true,camera_conditioning,low,blocks\.15\.cam_scale_layer,HISTORICAL_RUNTIME_VERIFIED
blocks.15.cam_shift_layer,camera_conditioning,4,NOT_STORED_IN_HISTORICAL_INVENTORY,NOT_STORED_IN_HISTORICAL_INVENTORY,False after LoRA wrapping; LoRA A/B true,camera_conditioning,low,blocks\.15\.cam_shift_layer,HISTORICAL_RUNTIME_VERIFIED
blocks.16.cam_injector_layer1,camera_conditioning,4,NOT_STORED_IN_HISTORICAL_INVENTORY,NOT_STORED_IN_HISTORICAL_INVENTORY,False after LoRA wrapping; LoRA A/B true,camera_conditioning,low,blocks\.16\.cam_injector_layer1,HISTORICAL_RUNTIME_VERIFIED
blocks.16.cam_injector_layer2,camera_conditioning,4,NOT_STORED_IN_HISTORICAL_INVENTORY,NOT_STORED_IN_HISTORICAL_INVENTORY,False after LoRA wrapping; LoRA A/B true,camera_conditioning,low,blocks\.16\.cam_injector_layer2,HISTORICAL_RUNTIME_VERIFIED
blocks.16.cam_scale_layer,camera_conditioning,4,NOT_STORED_IN_HISTORICAL_INVENTORY,NOT_STORED_IN_HISTORICAL_INVENTORY,False after LoRA wrapping; LoRA A/B true,camera_conditioning,low,blocks\.16\.cam_scale_layer,HISTORICAL_RUNTIME_VERIFIED
blocks.16.cam_shift_layer,camera_conditioning,4,NOT_STORED_IN_HISTORICAL_INVENTORY,NOT_STORED_IN_HISTORICAL_INVENTORY,False after LoRA wrapping; LoRA A/B true,camera_conditioning,low,blocks\.16\.cam_shift_layer,HISTORICAL_RUNTIME_VERIFIED
blocks.17.cam_injector_layer1,camera_conditioning,4,NOT_STORED_IN_HISTORICAL_INVENTORY,NOT_STORED_IN_HISTORICAL_INVENTORY,False after LoRA wrapping; LoRA A/B true,camera_conditioning,low,blocks\.17\.cam_injector_layer1,HISTORICAL_RUNTIME_VERIFIED
blocks.17.cam_injector_layer2,camera_conditioning,4,NOT_STORED_IN_HISTORICAL_INVENTORY,NOT_STORED_IN_HISTORICAL_INVENTORY,False after LoRA wrapping; LoRA A/B true,camera_conditioning,low,blocks\.17\.cam_injector_layer2,HISTORICAL_RUNTIME_VERIFIED
blocks.17.cam_scale_layer,camera_conditioning,4,NOT_STORED_IN_HISTORICAL_INVENTORY,NOT_STORED_IN_HISTORICAL_INVENTORY,False after LoRA wrapping; LoRA A/B true,camera_conditioning,low,blocks\.17\.cam_scale_layer,HISTORICAL_RUNTIME_VERIFIED
blocks.17.cam_shift_layer,camera_conditioning,4,NOT_STORED_IN_HISTORICAL_INVENTORY,NOT_STORED_IN_HISTORICAL_INVENTORY,False after LoRA wrapping; LoRA A/B true,camera_conditioning,low,blocks\.17\.cam_shift_layer,HISTORICAL_RUNTIME_VERIFIED
blocks.18.cam_injector_layer1,camera_conditioning,4,NOT_STORED_IN_HISTORICAL_INVENTORY,NOT_STORED_IN_HISTORICAL_INVENTORY,False after LoRA wrapping; LoRA A/B true,camera_conditioning,low,blocks\.18\.cam_injector_layer1,HISTORICAL_RUNTIME_VERIFIED
blocks.18.cam_injector_layer2,camera_conditioning,4,NOT_STORED_IN_HISTORICAL_INVENTORY,NOT_STORED_IN_HISTORICAL_INVENTORY,False after LoRA wrapping; LoRA A/B true,camera_conditioning,low,blocks\.18\.cam_injector_layer2,HISTORICAL_RUNTIME_VERIFIED
blocks.18.cam_scale_layer,camera_conditioning,4,NOT_STORED_IN_HISTORICAL_INVENTORY,NOT_STORED_IN_HISTORICAL_INVENTORY,False after LoRA wrapping; LoRA A/B true,camera_conditioning,low,blocks\.18\.cam_scale_layer,HISTORICAL_RUNTIME_VERIFIED
blocks.18.cam_shift_layer,camera_conditioning,4,NOT_STORED_IN_HISTORICAL_INVENTORY,NOT_STORED_IN_HISTORICAL_INVENTORY,False after LoRA wrapping; LoRA A/B true,camera_conditioning,low,blocks\.18\.cam_shift_layer,HISTORICAL_RUNTIME_VERIFIED
blocks.19.cam_injector_layer1,camera_conditioning,4,NOT_STORED_IN_HISTORICAL_INVENTORY,NOT_STORED_IN_HISTORICAL_INVENTORY,False after LoRA wrapping; LoRA A/B true,camera_conditioning,low,blocks\.19\.cam_injector_layer1,HISTORICAL_RUNTIME_VERIFIED
blocks.19.cam_injector_layer2,camera_conditioning,4,NOT_STORED_IN_HISTORICAL_INVENTORY,NOT_STORED_IN_HISTORICAL_INVENTORY,False after LoRA wrapping; LoRA A/B true,camera_conditioning,low,blocks\.19\.cam_injector_layer2,HISTORICAL_RUNTIME_VERIFIED
blocks.19.cam_scale_layer,camera_conditioning,4,NOT_STORED_IN_HISTORICAL_INVENTORY,NOT_STORED_IN_HISTORICAL_INVENTORY,False after LoRA wrapping; LoRA A/B true,camera_conditioning,low,blocks\.19\.cam_scale_layer,HISTORICAL_RUNTIME_VERIFIED
blocks.19.cam_shift_layer,camera_conditioning,4,NOT_STORED_IN_HISTORICAL_INVENTORY,NOT_STORED_IN_HISTORICAL_INVENTORY,False after LoRA wrapping; LoRA A/B true,camera_conditioning,low,blocks\.19\.cam_shift_layer,HISTORICAL_RUNTIME_VERIFIED
blocks.20.cam_injector_layer1,camera_conditioning,4,NOT_STORED_IN_HISTORICAL_INVENTORY,NOT_STORED_IN_HISTORICAL_INVENTORY,False after LoRA wrapping; LoRA A/B true,camera_conditioning,low,blocks\.20\.cam_injector_layer1,HISTORICAL_RUNTIME_VERIFIED
blocks.20.cam_injector_layer2,camera_conditioning,4,NOT_STORED_IN_HISTORICAL_INVENTORY,NOT_STORED_IN_HISTORICAL_INVENTORY,False after LoRA wrapping; LoRA A/B true,camera_conditioning,low,blocks\.20\.cam_injector_layer2,HISTORICAL_RUNTIME_VERIFIED
blocks.20.cam_scale_layer,camera_conditioning,4,NOT_STORED_IN_HISTORICAL_INVENTORY,NOT_STORED_IN_HISTORICAL_INVENTORY,False after LoRA wrapping; LoRA A/B true,camera_conditioning,low,blocks\.20\.cam_scale_layer,HISTORICAL_RUNTIME_VERIFIED
blocks.20.cam_shift_layer,camera_conditioning,4,NOT_STORED_IN_HISTORICAL_INVENTORY,NOT_STORED_IN_HISTORICAL_INVENTORY,False after LoRA wrapping; LoRA A/B true,camera_conditioning,low,blocks\.20\.cam_shift_layer,HISTORICAL_RUNTIME_VERIFIED
blocks.21.cam_injector_layer1,camera_conditioning,4,NOT_STORED_IN_HISTORICAL_INVENTORY,NOT_STORED_IN_HISTORICAL_INVENTORY,False after LoRA wrapping; LoRA A/B true,camera_conditioning,low,blocks\.21\.cam_injector_layer1,HISTORICAL_RUNTIME_VERIFIED
blocks.21.cam_injector_layer2,camera_conditioning,4,NOT_STORED_IN_HISTORICAL_INVENTORY,NOT_STORED_IN_HISTORICAL_INVENTORY,False after LoRA wrapping; LoRA A/B true,camera_conditioning,low,blocks\.21\.cam_injector_layer2,HISTORICAL_RUNTIME_VERIFIED
blocks.21.cam_scale_layer,camera_conditioning,4,NOT_STORED_IN_HISTORICAL_INVENTORY,NOT_STORED_IN_HISTORICAL_INVENTORY,False after LoRA wrapping; LoRA A/B true,camera_conditioning,low,blocks\.21\.cam_scale_layer,HISTORICAL_RUNTIME_VERIFIED
blocks.21.cam_shift_layer,camera_conditioning,4,NOT_STORED_IN_HISTORICAL_INVENTORY,NOT_STORED_IN_HISTORICAL_INVENTORY,False after LoRA wrapping; LoRA A/B true,camera_conditioning,low,blocks\.21\.cam_shift_layer,HISTORICAL_RUNTIME_VERIFIED
blocks.22.cam_injector_layer1,camera_conditioning,4,NOT_STORED_IN_HISTORICAL_INVENTORY,NOT_STORED_IN_HISTORICAL_INVENTORY,False after LoRA wrapping; LoRA A/B true,camera_conditioning,low,blocks\.22\.cam_injector_layer1,HISTORICAL_RUNTIME_VERIFIED
blocks.22.cam_injector_layer2,camera_conditioning,4,NOT_STORED_IN_HISTORICAL_INVENTORY,NOT_STORED_IN_HISTORICAL_INVENTORY,False after LoRA wrapping; LoRA A/B true,camera_conditioning,low,blocks\.22\.cam_injector_layer2,HISTORICAL_RUNTIME_VERIFIED
blocks.22.cam_scale_layer,camera_conditioning,4,NOT_STORED_IN_HISTORICAL_INVENTORY,NOT_STORED_IN_HISTORICAL_INVENTORY,False after LoRA wrapping; LoRA A/B true,camera_conditioning,low,blocks\.22\.cam_scale_layer,HISTORICAL_RUNTIME_VERIFIED
blocks.22.cam_shift_layer,camera_conditioning,4,NOT_STORED_IN_HISTORICAL_INVENTORY,NOT_STORED_IN_HISTORICAL_INVENTORY,False after LoRA wrapping; LoRA A/B true,camera_conditioning,low,blocks\.22\.cam_shift_layer,HISTORICAL_RUNTIME_VERIFIED
blocks.23.cam_injector_layer1,camera_conditioning,4,NOT_STORED_IN_HISTORICAL_INVENTORY,NOT_STORED_IN_HISTORICAL_INVENTORY,False after LoRA wrapping; LoRA A/B true,camera_conditioning,low,blocks\.23\.cam_injector_layer1,HISTORICAL_RUNTIME_VERIFIED
blocks.23.cam_injector_layer2,camera_conditioning,4,NOT_STORED_IN_HISTORICAL_INVENTORY,NOT_STORED_IN_HISTORICAL_INVENTORY,False after LoRA wrapping; LoRA A/B true,camera_conditioning,low,blocks\.23\.cam_injector_layer2,HISTORICAL_RUNTIME_VERIFIED
blocks.23.cam_scale_layer,camera_conditioning,4,NOT_STORED_IN_HISTORICAL_INVENTORY,NOT_STORED_IN_HISTORICAL_INVENTORY,False after LoRA wrapping; LoRA A/B true,camera_conditioning,low,blocks\.23\.cam_scale_layer,HISTORICAL_RUNTIME_VERIFIED
blocks.23.cam_shift_layer,camera_conditioning,4,NOT_STORED_IN_HISTORICAL_INVENTORY,NOT_STORED_IN_HISTORICAL_INVENTORY,False after LoRA wrapping; LoRA A/B true,camera_conditioning,low,blocks\.23\.cam_shift_layer,HISTORICAL_RUNTIME_VERIFIED
blocks.24.cam_injector_layer1,camera_conditioning,4,NOT_STORED_IN_HISTORICAL_INVENTORY,NOT_STORED_IN_HISTORICAL_INVENTORY,False after LoRA wrapping; LoRA A/B true,camera_conditioning,low,blocks\.24\.cam_injector_layer1,HISTORICAL_RUNTIME_VERIFIED
blocks.24.cam_injector_layer2,camera_conditioning,4,NOT_STORED_IN_HISTORICAL_INVENTORY,NOT_STORED_IN_HISTORICAL_INVENTORY,False after LoRA wrapping; LoRA A/B true,camera_conditioning,low,blocks\.24\.cam_injector_layer2,HISTORICAL_RUNTIME_VERIFIED
blocks.24.cam_scale_layer,camera_conditioning,4,NOT_STORED_IN_HISTORICAL_INVENTORY,NOT_STORED_IN_HISTORICAL_INVENTORY,False after LoRA wrapping; LoRA A/B true,camera_conditioning,low,blocks\.24\.cam_scale_layer,HISTORICAL_RUNTIME_VERIFIED
blocks.24.cam_shift_layer,camera_conditioning,4,NOT_STORED_IN_HISTORICAL_INVENTORY,NOT_STORED_IN_HISTORICAL_INVENTORY,False after LoRA wrapping; LoRA A/B true,camera_conditioning,low,blocks\.24\.cam_shift_layer,HISTORICAL_RUNTIME_VERIFIED
blocks.25.cam_injector_layer1,camera_conditioning,4,NOT_STORED_IN_HISTORICAL_INVENTORY,NOT_STORED_IN_HISTORICAL_INVENTORY,False after LoRA wrapping; LoRA A/B true,camera_conditioning,low,blocks\.25\.cam_injector_layer1,HISTORICAL_RUNTIME_VERIFIED
blocks.25.cam_injector_layer2,camera_conditioning,4,NOT_STORED_IN_HISTORICAL_INVENTORY,NOT_STORED_IN_HISTORICAL_INVENTORY,False after LoRA wrapping; LoRA A/B true,camera_conditioning,low,blocks\.25\.cam_injector_layer2,HISTORICAL_RUNTIME_VERIFIED
blocks.25.cam_scale_layer,camera_conditioning,4,NOT_STORED_IN_HISTORICAL_INVENTORY,NOT_STORED_IN_HISTORICAL_INVENTORY,False after LoRA wrapping; LoRA A/B true,camera_conditioning,low,blocks\.25\.cam_scale_layer,HISTORICAL_RUNTIME_VERIFIED
blocks.25.cam_shift_layer,camera_conditioning,4,NOT_STORED_IN_HISTORICAL_INVENTORY,NOT_STORED_IN_HISTORICAL_INVENTORY,False after LoRA wrapping; LoRA A/B true,camera_conditioning,low,blocks\.25\.cam_shift_layer,HISTORICAL_RUNTIME_VERIFIED
blocks.26.cam_injector_layer1,camera_conditioning,4,NOT_STORED_IN_HISTORICAL_INVENTORY,NOT_STORED_IN_HISTORICAL_INVENTORY,False after LoRA wrapping; LoRA A/B true,camera_conditioning,low,blocks\.26\.cam_injector_layer1,HISTORICAL_RUNTIME_VERIFIED
blocks.26.cam_injector_layer2,camera_conditioning,4,NOT_STORED_IN_HISTORICAL_INVENTORY,NOT_STORED_IN_HISTORICAL_INVENTORY,False after LoRA wrapping; LoRA A/B true,camera_conditioning,low,blocks\.26\.cam_injector_layer2,HISTORICAL_RUNTIME_VERIFIED
blocks.26.cam_scale_layer,camera_conditioning,4,NOT_STORED_IN_HISTORICAL_INVENTORY,NOT_STORED_IN_HISTORICAL_INVENTORY,False after LoRA wrapping; LoRA A/B true,camera_conditioning,low,blocks\.26\.cam_scale_layer,HISTORICAL_RUNTIME_VERIFIED
blocks.26.cam_shift_layer,camera_conditioning,4,NOT_STORED_IN_HISTORICAL_INVENTORY,NOT_STORED_IN_HISTORICAL_INVENTORY,False after LoRA wrapping; LoRA A/B true,camera_conditioning,low,blocks\.26\.cam_shift_layer,HISTORICAL_RUNTIME_VERIFIED
blocks.27.cam_injector_layer1,camera_conditioning,4,NOT_STORED_IN_HISTORICAL_INVENTORY,NOT_STORED_IN_HISTORICAL_INVENTORY,False after LoRA wrapping; LoRA A/B true,camera_conditioning,low,blocks\.27\.cam_injector_layer1,HISTORICAL_RUNTIME_VERIFIED
blocks.27.cam_injector_layer2,camera_conditioning,4,NOT_STORED_IN_HISTORICAL_INVENTORY,NOT_STORED_IN_HISTORICAL_INVENTORY,False after LoRA wrapping; LoRA A/B true,camera_conditioning,low,blocks\.27\.cam_injector_layer2,HISTORICAL_RUNTIME_VERIFIED
blocks.27.cam_scale_layer,camera_conditioning,4,NOT_STORED_IN_HISTORICAL_INVENTORY,NOT_STORED_IN_HISTORICAL_INVENTORY,False after LoRA wrapping; LoRA A/B true,camera_conditioning,low,blocks\.27\.cam_scale_layer,HISTORICAL_RUNTIME_VERIFIED
blocks.27.cam_shift_layer,camera_conditioning,4,NOT_STORED_IN_HISTORICAL_INVENTORY,NOT_STORED_IN_HISTORICAL_INVENTORY,False after LoRA wrapping; LoRA A/B true,camera_conditioning,low,blocks\.27\.cam_shift_layer,HISTORICAL_RUNTIME_VERIFIED
blocks.28.cam_injector_layer1,camera_conditioning,4,NOT_STORED_IN_HISTORICAL_INVENTORY,NOT_STORED_IN_HISTORICAL_INVENTORY,False after LoRA wrapping; LoRA A/B true,camera_conditioning,low,blocks\.28\.cam_injector_layer1,HISTORICAL_RUNTIME_VERIFIED
blocks.28.cam_injector_layer2,camera_conditioning,4,NOT_STORED_IN_HISTORICAL_INVENTORY,NOT_STORED_IN_HISTORICAL_INVENTORY,False after LoRA wrapping; LoRA A/B true,camera_conditioning,low,blocks\.28\.cam_injector_layer2,HISTORICAL_RUNTIME_VERIFIED
blocks.28.cam_scale_layer,camera_conditioning,4,NOT_STORED_IN_HISTORICAL_INVENTORY,NOT_STORED_IN_HISTORICAL_INVENTORY,False after LoRA wrapping; LoRA A/B true,camera_conditioning,low,blocks\.28\.cam_scale_layer,HISTORICAL_RUNTIME_VERIFIED
blocks.28.cam_shift_layer,camera_conditioning,4,NOT_STORED_IN_HISTORICAL_INVENTORY,NOT_STORED_IN_HISTORICAL_INVENTORY,False after LoRA wrapping; LoRA A/B true,camera_conditioning,low,blocks\.28\.cam_shift_layer,HISTORICAL_RUNTIME_VERIFIED
blocks.29.cam_injector_layer1,camera_conditioning,4,NOT_STORED_IN_HISTORICAL_INVENTORY,NOT_STORED_IN_HISTORICAL_INVENTORY,False after LoRA wrapping; LoRA A/B true,camera_conditioning,low,blocks\.29\.cam_injector_layer1,HISTORICAL_RUNTIME_VERIFIED
blocks.29.cam_injector_layer2,camera_conditioning,4,NOT_STORED_IN_HISTORICAL_INVENTORY,NOT_STORED_IN_HISTORICAL_INVENTORY,False after LoRA wrapping; LoRA A/B true,camera_conditioning,low,blocks\.29\.cam_injector_layer2,HISTORICAL_RUNTIME_VERIFIED
blocks.29.cam_scale_layer,camera_conditioning,4,NOT_STORED_IN_HISTORICAL_INVENTORY,NOT_STORED_IN_HISTORICAL_INVENTORY,False after LoRA wrapping; LoRA A/B true,camera_conditioning,low,blocks\.29\.cam_scale_layer,HISTORICAL_RUNTIME_VERIFIED
blocks.29.cam_shift_layer,camera_conditioning,4,NOT_STORED_IN_HISTORICAL_INVENTORY,NOT_STORED_IN_HISTORICAL_INVENTORY,False after LoRA wrapping; LoRA A/B true,camera_conditioning,low,blocks\.29\.cam_shift_layer,HISTORICAL_RUNTIME_VERIFIED
blocks.30.cam_injector_layer1,camera_conditioning,4,NOT_STORED_IN_HISTORICAL_INVENTORY,NOT_STORED_IN_HISTORICAL_INVENTORY,False after LoRA wrapping; LoRA A/B true,camera_conditioning,low,blocks\.30\.cam_injector_layer1,HISTORICAL_RUNTIME_VERIFIED
blocks.30.cam_injector_layer2,camera_conditioning,4,NOT_STORED_IN_HISTORICAL_INVENTORY,NOT_STORED_IN_HISTORICAL_INVENTORY,False after LoRA wrapping; LoRA A/B true,camera_conditioning,low,blocks\.30\.cam_injector_layer2,HISTORICAL_RUNTIME_VERIFIED
blocks.30.cam_scale_layer,camera_conditioning,4,NOT_STORED_IN_HISTORICAL_INVENTORY,NOT_STORED_IN_HISTORICAL_INVENTORY,False after LoRA wrapping; LoRA A/B true,camera_conditioning,low,blocks\.30\.cam_scale_layer,HISTORICAL_RUNTIME_VERIFIED
blocks.30.cam_shift_layer,camera_conditioning,4,NOT_STORED_IN_HISTORICAL_INVENTORY,NOT_STORED_IN_HISTORICAL_INVENTORY,False after LoRA wrapping; LoRA A/B true,camera_conditioning,low,blocks\.30\.cam_shift_layer,HISTORICAL_RUNTIME_VERIFIED
blocks.31.cam_injector_layer1,camera_conditioning,4,NOT_STORED_IN_HISTORICAL_INVENTORY,NOT_STORED_IN_HISTORICAL_INVENTORY,False after LoRA wrapping; LoRA A/B true,camera_conditioning,low,blocks\.31\.cam_injector_layer1,HISTORICAL_RUNTIME_VERIFIED
blocks.31.cam_injector_layer2,camera_conditioning,4,NOT_STORED_IN_HISTORICAL_INVENTORY,NOT_STORED_IN_HISTORICAL_INVENTORY,False after LoRA wrapping; LoRA A/B true,camera_conditioning,low,blocks\.31\.cam_injector_layer2,HISTORICAL_RUNTIME_VERIFIED
blocks.31.cam_scale_layer,camera_conditioning,4,NOT_STORED_IN_HISTORICAL_INVENTORY,NOT_STORED_IN_HISTORICAL_INVENTORY,False after LoRA wrapping; LoRA A/B true,camera_conditioning,low,blocks\.31\.cam_scale_layer,HISTORICAL_RUNTIME_VERIFIED
blocks.31.cam_shift_layer,camera_conditioning,4,NOT_STORED_IN_HISTORICAL_INVENTORY,NOT_STORED_IN_HISTORICAL_INVENTORY,False after LoRA wrapping; LoRA A/B true,camera_conditioning,low,blocks\.31\.cam_shift_layer,HISTORICAL_RUNTIME_VERIFIED
blocks.32.cam_injector_layer1,camera_conditioning,4,NOT_STORED_IN_HISTORICAL_INVENTORY,NOT_STORED_IN_HISTORICAL_INVENTORY,False after LoRA wrapping; LoRA A/B true,camera_conditioning,low,blocks\.32\.cam_injector_layer1,HISTORICAL_RUNTIME_VERIFIED
blocks.32.cam_injector_layer2,camera_conditioning,4,NOT_STORED_IN_HISTORICAL_INVENTORY,NOT_STORED_IN_HISTORICAL_INVENTORY,False after LoRA wrapping; LoRA A/B true,camera_conditioning,low,blocks\.32\.cam_injector_layer2,HISTORICAL_RUNTIME_VERIFIED
blocks.32.cam_scale_layer,camera_conditioning,4,NOT_STORED_IN_HISTORICAL_INVENTORY,NOT_STORED_IN_HISTORICAL_INVENTORY,False after LoRA wrapping; LoRA A/B true,camera_conditioning,low,blocks\.32\.cam_scale_layer,HISTORICAL_RUNTIME_VERIFIED
blocks.32.cam_shift_layer,camera_conditioning,4,NOT_STORED_IN_HISTORICAL_INVENTORY,NOT_STORED_IN_HISTORICAL_INVENTORY,False after LoRA wrapping; LoRA A/B true,camera_conditioning,low,blocks\.32\.cam_shift_layer,HISTORICAL_RUNTIME_VERIFIED
blocks.33.cam_injector_layer1,camera_conditioning,4,NOT_STORED_IN_HISTORICAL_INVENTORY,NOT_STORED_IN_HISTORICAL_INVENTORY,False after LoRA wrapping; LoRA A/B true,camera_conditioning,low,blocks\.33\.cam_injector_layer1,HISTORICAL_RUNTIME_VERIFIED
blocks.33.cam_injector_layer2,camera_conditioning,4,NOT_STORED_IN_HISTORICAL_INVENTORY,NOT_STORED_IN_HISTORICAL_INVENTORY,False after LoRA wrapping; LoRA A/B true,camera_conditioning,low,blocks\.33\.cam_injector_layer2,HISTORICAL_RUNTIME_VERIFIED
blocks.33.cam_scale_layer,camera_conditioning,4,NOT_STORED_IN_HISTORICAL_INVENTORY,NOT_STORED_IN_HISTORICAL_INVENTORY,False after LoRA wrapping; LoRA A/B true,camera_conditioning,low,blocks\.33\.cam_scale_layer,HISTORICAL_RUNTIME_VERIFIED
blocks.33.cam_shift_layer,camera_conditioning,4,NOT_STORED_IN_HISTORICAL_INVENTORY,NOT_STORED_IN_HISTORICAL_INVENTORY,False after LoRA wrapping; LoRA A/B true,camera_conditioning,low,blocks\.33\.cam_shift_layer,HISTORICAL_RUNTIME_VERIFIED
blocks.34.cam_injector_layer1,camera_conditioning,4,NOT_STORED_IN_HISTORICAL_INVENTORY,NOT_STORED_IN_HISTORICAL_INVENTORY,False after LoRA wrapping; LoRA A/B true,camera_conditioning,low,blocks\.34\.cam_injector_layer1,HISTORICAL_RUNTIME_VERIFIED
blocks.34.cam_injector_layer2,camera_conditioning,4,NOT_STORED_IN_HISTORICAL_INVENTORY,NOT_STORED_IN_HISTORICAL_INVENTORY,False after LoRA wrapping; LoRA A/B true,camera_conditioning,low,blocks\.34\.cam_injector_layer2,HISTORICAL_RUNTIME_VERIFIED
blocks.34.cam_scale_layer,camera_conditioning,4,NOT_STORED_IN_HISTORICAL_INVENTORY,NOT_STORED_IN_HISTORICAL_INVENTORY,False after LoRA wrapping; LoRA A/B true,camera_conditioning,low,blocks\.34\.cam_scale_layer,HISTORICAL_RUNTIME_VERIFIED
blocks.34.cam_shift_layer,camera_conditioning,4,NOT_STORED_IN_HISTORICAL_INVENTORY,NOT_STORED_IN_HISTORICAL_INVENTORY,False after LoRA wrapping; LoRA A/B true,camera_conditioning,low,blocks\.34\.cam_shift_layer,HISTORICAL_RUNTIME_VERIFIED
blocks.35.cam_injector_layer1,camera_conditioning,4,NOT_STORED_IN_HISTORICAL_INVENTORY,NOT_STORED_IN_HISTORICAL_INVENTORY,False after LoRA wrapping; LoRA A/B true,camera_conditioning,low,blocks\.35\.cam_injector_layer1,HISTORICAL_RUNTIME_VERIFIED
blocks.35.cam_injector_layer2,camera_conditioning,4,NOT_STORED_IN_HISTORICAL_INVENTORY,NOT_STORED_IN_HISTORICAL_INVENTORY,False after LoRA wrapping; LoRA A/B true,camera_conditioning,low,blocks\.35\.cam_injector_layer2,HISTORICAL_RUNTIME_VERIFIED
blocks.35.cam_scale_layer,camera_conditioning,4,NOT_STORED_IN_HISTORICAL_INVENTORY,NOT_STORED_IN_HISTORICAL_INVENTORY,False after LoRA wrapping; LoRA A/B true,camera_conditioning,low,blocks\.35\.cam_scale_layer,HISTORICAL_RUNTIME_VERIFIED
blocks.35.cam_shift_layer,camera_conditioning,4,NOT_STORED_IN_HISTORICAL_INVENTORY,NOT_STORED_IN_HISTORICAL_INVENTORY,False after LoRA wrapping; LoRA A/B true,camera_conditioning,low,blocks\.35\.cam_shift_layer,HISTORICAL_RUNTIME_VERIFIED
blocks.36.cam_injector_layer1,camera_conditioning,4,NOT_STORED_IN_HISTORICAL_INVENTORY,NOT_STORED_IN_HISTORICAL_INVENTORY,False after LoRA wrapping; LoRA A/B true,camera_conditioning,low,blocks\.36\.cam_injector_layer1,HISTORICAL_RUNTIME_VERIFIED
blocks.36.cam_injector_layer2,camera_conditioning,4,NOT_STORED_IN_HISTORICAL_INVENTORY,NOT_STORED_IN_HISTORICAL_INVENTORY,False after LoRA wrapping; LoRA A/B true,camera_conditioning,low,blocks\.36\.cam_injector_layer2,HISTORICAL_RUNTIME_VERIFIED
blocks.36.cam_scale_layer,camera_conditioning,4,NOT_STORED_IN_HISTORICAL_INVENTORY,NOT_STORED_IN_HISTORICAL_INVENTORY,False after LoRA wrapping; LoRA A/B true,camera_conditioning,low,blocks\.36\.cam_scale_layer,HISTORICAL_RUNTIME_VERIFIED
blocks.36.cam_shift_layer,camera_conditioning,4,NOT_STORED_IN_HISTORICAL_INVENTORY,NOT_STORED_IN_HISTORICAL_INVENTORY,False after LoRA wrapping; LoRA A/B true,camera_conditioning,low,blocks\.36\.cam_shift_layer,HISTORICAL_RUNTIME_VERIFIED
blocks.37.cam_injector_layer1,camera_conditioning,4,NOT_STORED_IN_HISTORICAL_INVENTORY,NOT_STORED_IN_HISTORICAL_INVENTORY,False after LoRA wrapping; LoRA A/B true,camera_conditioning,low,blocks\.37\.cam_injector_layer1,HISTORICAL_RUNTIME_VERIFIED
blocks.37.cam_injector_layer2,camera_conditioning,4,NOT_STORED_IN_HISTORICAL_INVENTORY,NOT_STORED_IN_HISTORICAL_INVENTORY,False after LoRA wrapping; LoRA A/B true,camera_conditioning,low,blocks\.37\.cam_injector_layer2,HISTORICAL_RUNTIME_VERIFIED
blocks.37.cam_scale_layer,camera_conditioning,4,NOT_STORED_IN_HISTORICAL_INVENTORY,NOT_STORED_IN_HISTORICAL_INVENTORY,False after LoRA wrapping; LoRA A/B true,camera_conditioning,low,blocks\.37\.cam_scale_layer,HISTORICAL_RUNTIME_VERIFIED
blocks.37.cam_shift_layer,camera_conditioning,4,NOT_STORED_IN_HISTORICAL_INVENTORY,NOT_STORED_IN_HISTORICAL_INVENTORY,False after LoRA wrapping; LoRA A/B true,camera_conditioning,low,blocks\.37\.cam_shift_layer,HISTORICAL_RUNTIME_VERIFIED
blocks.38.cam_injector_layer1,camera_conditioning,4,NOT_STORED_IN_HISTORICAL_INVENTORY,NOT_STORED_IN_HISTORICAL_INVENTORY,False after LoRA wrapping; LoRA A/B true,camera_conditioning,low,blocks\.38\.cam_injector_layer1,HISTORICAL_RUNTIME_VERIFIED
blocks.38.cam_injector_layer2,camera_conditioning,4,NOT_STORED_IN_HISTORICAL_INVENTORY,NOT_STORED_IN_HISTORICAL_INVENTORY,False after LoRA wrapping; LoRA A/B true,camera_conditioning,low,blocks\.38\.cam_injector_layer2,HISTORICAL_RUNTIME_VERIFIED
blocks.38.cam_scale_layer,camera_conditioning,4,NOT_STORED_IN_HISTORICAL_INVENTORY,NOT_STORED_IN_HISTORICAL_INVENTORY,False after LoRA wrapping; LoRA A/B true,camera_conditioning,low,blocks\.38\.cam_scale_layer,HISTORICAL_RUNTIME_VERIFIED
blocks.38.cam_shift_layer,camera_conditioning,4,NOT_STORED_IN_HISTORICAL_INVENTORY,NOT_STORED_IN_HISTORICAL_INVENTORY,False after LoRA wrapping; LoRA A/B true,camera_conditioning,low,blocks\.38\.cam_shift_layer,HISTORICAL_RUNTIME_VERIFIED
blocks.39.cam_injector_layer1,camera_conditioning,4,NOT_STORED_IN_HISTORICAL_INVENTORY,NOT_STORED_IN_HISTORICAL_INVENTORY,False after LoRA wrapping; LoRA A/B true,camera_conditioning,low,blocks\.39\.cam_injector_layer1,HISTORICAL_RUNTIME_VERIFIED
blocks.39.cam_injector_layer2,camera_conditioning,4,NOT_STORED_IN_HISTORICAL_INVENTORY,NOT_STORED_IN_HISTORICAL_INVENTORY,False after LoRA wrapping; LoRA A/B true,camera_conditioning,low,blocks\.39\.cam_injector_layer2,HISTORICAL_RUNTIME_VERIFIED
blocks.39.cam_scale_layer,camera_conditioning,4,NOT_STORED_IN_HISTORICAL_INVENTORY,NOT_STORED_IN_HISTORICAL_INVENTORY,False after LoRA wrapping; LoRA A/B true,camera_conditioning,low,blocks\.39\.cam_scale_layer,HISTORICAL_RUNTIME_VERIFIED
blocks.39.cam_shift_layer,camera_conditioning,4,NOT_STORED_IN_HISTORICAL_INVENTORY,NOT_STORED_IN_HISTORICAL_INVENTORY,False after LoRA wrapping; LoRA A/B true,camera_conditioning,low,blocks\.39\.cam_shift_layer,HISTORICAL_RUNTIME_VERIFIED
RUNTIME_ENUM_REQUIRED,self_attention,,RUNTIME_ENUM_REQUIRED,RUNTIME_ENUM_REQUIRED,False unless explicitly selected,self_attention,medium,blocks\\.[0-3]\\..*(self_attn|attn1).*,STATIC_RULE_ONLY
RUNTIME_ENUM_REQUIRED,cross_attention,,RUNTIME_ENUM_REQUIRED,RUNTIME_ENUM_REQUIRED,False unless explicitly selected,cross_attention,medium_high,blocks\\.[0-3]\\..*(cross_attn|attn2).*,STATIC_RULE_ONLY
RUNTIME_ENUM_REQUIRED,adaln_camera_mod,,RUNTIME_ENUM_REQUIRED,RUNTIME_ENUM_REQUIRED,False unless explicitly selected,adaln_camera_mod,unknown,.*(ada|mod|scale|shift|cam).*,STATIC_RULE_ONLY
RUNTIME_ENUM_REQUIRED,ffn,,RUNTIME_ENUM_REQUIRED,RUNTIME_ENUM_REQUIRED,False unless explicitly selected,FORBIDDEN,forbidden,.*(ffn|mlp|feed_forward).*,STATIC_RULE_ONLY
