step,pair_id,scope,objective,used_window_frames,timestep,actual_sigma,actual_sigma_bin,pair_weight,win_gap,lose_gap,g_w,g_l,g_l_clip,loser_dominance,health_flags,E_ref_winner_cached,E_ref_loser_cached,Delta_ref,E_policy_winner_pre,E_policy_loser_pre,Delta_policy_pre,E_policy_winner_post,E_policy_loser_post,Delta_policy_post,winner_improvement_pre,winner_improvement_post,loser_degradation_pre,loser_degradation_post,reference_relative_margin_pre,reference_relative_margin_post,winner_contribution_ratio_pre,winner_contribution_ratio_post,u_raw_pre,u_raw_post,u_clipped,lambda_loser,lambda_winner_anchor,lambda_pref,dpo_loss,objective_loss,grad_norm,update_norm,lora_param_norm,lr,allocated_gb,reserved_gb,max_allocated_gb,step_time,finite,status,error_reason
0,v6b_GT_C_007_04228_containment_orbit_left_44_seed43228,L0_camera_r4,winner_detached_preference,49,349.5545349121094,0.34955453872680664,mid,1.0,-8.422136306762695e-05,7.146596908569336e-05,-0.00010760642923750916,8.746331445273211e-05,8.746331445273211e-05,0.4483694539098717,WINNER_IMPROVES;LOSER_DEGRADES,0.782721757888794,0.8170607686042786,0.03433901071548462,0.7825989127159119,0.8171117901802063,0.034512877464294434,0.7826375365257263,0.8171322345733643,0.03449469804763794,0.00012284517288208008,8.422136306762695e-05,5.1021575927734375e-05,7.146596908569336e-05,0.00017386674880981445,0.0001556873321533203,0.7065478231059308,0.5409647779479326,0.00017386674880981445,0.0001556873321533203,0.0001556873321533203,0.0,1.0,0.005,0.6931456327438354,0.7862761616706848,0.13171440699786985,0.0024203448486077423,14.611001523439937,1e-06,34.9678750038147,56.896484375,56.521642208099365,95.45382952690125,True,PASS,
1,v10_TypeM_071_01038_drop_orbit_left_72_seed40038_foreground_identity_color_shift,L0_camera_r4,winner_detached_preference,49,349.5545349121094,0.34955453872680664,mid,1.0,8.314847946166992e-05,-0.00013941526412963867,0.00011298119369518521,-0.00018787162732048307,-0.00018787162732048307,0.0,WINNER_WORSE,0.7359081506729126,0.7421469688415527,0.006238818168640137,0.7359915375709534,0.7421072721481323,0.006115734577178955,0.7359912991523743,0.7420075535774231,0.006016254425048828,-8.338689804077148e-05,-8.314847946166992e-05,-3.9696693420410156e-05,-0.00013941526412963867,-0.00012308359146118164,-0.0002225637435913086,0.0,0.0,-0.00012308359146118164,-0.0002225637435913086,-0.0002225637435913086,0.0,1.0,0.005,0.6931512951850891,0.739403247833252,0.1460584420085725,0.002292350200128694,14.611024953733345,1e-06,34.96790552139282,56.896484375,56.57050180435181,94.27130722999573,True,PASS,
2,v10_TypeM_067_01014_drop_orbit_left_72_seed40014_foreground_identity_color_shift,L0_camera_r4,winner_detached_preference,49,349.5545349121094,0.34955453872680664,mid,1.0,-0.000293731689453125,1.8298625946044922e-05,-0.00040499281847883686,2.503620939843665e-05,2.503620939843665e-05,0.05821981256014597,WINNER_IMPROVES;LOSER_DEGRADES,0.7254231572151184,0.7308772802352905,0.005454123020172119,0.7251623272895813,0.7308557033538818,0.005693376064300537,0.7251294255256653,0.7308955788612366,0.005766153335571289,0.0002608299255371094,0.000293731689453125,-2.1576881408691406e-05,1.8298625946044922e-05,0.00023925304412841797,0.0003120303153991699,1.0,0.9413562559694365,0.00023925304412841797,0.0003120303153991699,0.0003120303153991699,0.0,1.0,0.005,0.6931415796279907,0.7286638617515564,0.14715469837545592,0.0022796809241703293,14.611048730742297,1e-06,34.96790552139282,56.896484375,56.57050180435181,93.5684244632721,True,PASS,
3,v10_TypeM_039_04214_containment_orbit_left_44_seed43214_foreground_identity_color_shift,L0_camera_r4,winner_detached_preference,49,349.5545349121094,0.34955453872680664,mid,1.0,-8.738040924072266e-05,-6.407499313354492e-05,-0.0001109904453490338,-8.203283525208367e-05,-8.203283525208367e-05,0.0,WINNER_IMPROVES,0.7873223423957825,0.7811216115951538,-0.006200730800628662,0.7872564196586609,0.781083345413208,-0.006173074245452881,0.7872349619865417,0.7810575366020203,-0.006177425384521484,6.592273712158203e-05,8.738040924072266e-05,-3.826618194580078e-05,-6.407499313354492e-05,2.765655517578125e-05,2.3305416107177734e-05,1.0,1.0,2.765655517578125e-05,2.3305416107177734e-05,2.3305416107177734e-05,0.0,1.0,0.005,0.6931489706039429,0.7908085584640503,0.12554311415945235,0.002245540227190233,14.61107273412355,1e-06,34.9678750038147,56.916015625,56.57050180435181,92.85643982887268,True,PASS,
4,v6b_GT_C_007_04228_containment_orbit_left_44_seed43228,L0_camera_r4,winner_detached_preference,49,349.5545349121094,0.34955453872680664,mid,1.0,-0.00020015239715576172,-9.5367431640625e-07,-0.0002557460397174119,-1.1672018752098646e-06,-1.1672018752098646e-06,0.0,WINNER_IMPROVES,0.782721757888794,0.8170607686042786,0.03433901071548462,0.7826035022735596,0.8171733617782593,0.03456985950469971,0.7825216054916382,0.8170598149299622,0.034538209438323975,0.000118255615234375,0.00020015239715576172,0.00011259317398071289,-9.5367431640625e-07,0.0002308487892150879,0.00019919872283935547,0.5122643945262071,1.0,0.0002308487892150879,0.00019919872283935547,0.00019919872283935547,0.0,1.0,0.005,0.6931450366973877,0.7860739827156067,0.13441104507533036,0.0022583165694328913,14.611097136000676,1e-06,34.9678750038147,56.896484375,56.57050180435181,93.75791549682617,True,PASS,
5,v10_TypeM_071_01038_drop_orbit_left_72_seed40038_foreground_identity_color_shift,L0_camera_r4,winner_detached_preference,49,349.5545349121094,0.34955453872680664,mid,1.0,6.079673767089844e-05,-7.730722427368164e-05,8.26111595303478e-05,-0.00010417242566262631,-0.00010417242566262631,0.0,WINNER_WORSE,0.7359081506729126,0.7421469688415527,0.006238818168640137,0.7359906435012817,0.7419220805168152,0.005931437015533447,0.7359689474105835,0.742069661617279,0.006100714206695557,-8.249282836914062e-05,-6.079673767089844e-05,-0.00022488832473754883,-7.730722427368164e-05,-0.00030738115310668945,-0.00013810396194458008,0.0,0.0,-0.00030738115310668945,-0.00013810396194458008,-0.00013810396194458008,0.0,1.0,0.005,0.6931514739990234,0.7394909262657166,0.14911504283126928,0.0022694060200783603,14.61112214828241,1e-06,34.96790552139282,56.916015625,56.57050180435181,93.3853166103363,True,PASS,
6,v10_TypeM_067_01014_drop_orbit_left_72_seed40014_foreground_identity_color_shift,L0_camera_r4,winner_detached_preference,49,349.5545349121094,0.34955453872680664,mid,1.0,-0.0002865791320800781,-3.74913215637207e-05,-0.0003951290317574638,-5.1297644188867987e-05,-5.1297644188867987e-05,0.0,WINNER_IMPROVES,0.7254231572151184,0.7308772802352905,0.005454123020172119,0.7251064777374268,0.7308574318885803,0.0057509541511535645,0.7251365780830383,0.7308397889137268,0.0057032108306884766,0.0003166794776916504,0.0002865791320800781,-1.9848346710205078e-05,-3.74913215637207e-05,0.0002968311309814453,0.0002490878105163574,1.0,1.0,0.0002968311309814453,0.0002490878105163574,0.0002490878105163574,0.0,1.0,0.005,0.693141758441925,0.7287009954452515,0.1503481920331761,0.0022769850514626246,14.611147508676883,1e-06,34.96790552139282,56.896484375,56.57050180435181,94.1268584728241,True,PASS,
7,v10_TypeM_039_04214_containment_orbit_left_44_seed43214_foreground_identity_color_shift,L0_camera_r4,winner_detached_preference,49,349.5545349121094,0.34955453872680664,mid,1.0,-4.684925079345703e-05,-3.528594970703125e-05,-5.950630587036473e-05,-4.517445907185806e-05,-4.517445907185806e-05,0.0,WINNER_IMPROVES,0.7873223423957825,0.7811216115951538,-0.006200730800628662,0.7871789932250977,0.7810218930244446,-0.006157100200653076,0.787275493144989,0.7810863256454468,-0.006189167499542236,0.00014334917068481445,4.684925079345703e-05,-9.971857070922852e-05,-3.528594970703125e-05,4.363059997558594e-05,1.1563301086425781e-05,1.0,1.0,4.363059997558594e-05,1.1563301086425781e-05,1.1563301086425781e-05,0.0,1.0,0.005,0.6931471824645996,0.7906664609909058,0.12814637157506878,0.0022697362160348537,14.611173147376276,1e-06,34.9678750038147,56.916015625,56.57050180435181,93.67752695083618,True,PASS,
8,v6b_GT_C_007_04228_containment_orbit_left_44_seed43228,L0_camera_r4,winner_detached_preference,49,349.5545349121094,0.34955453872680664,mid,1.0,-3.981590270996094e-05,-4.26173210144043e-05,-5.086981998702248e-05,-5.21606637033225e-05,-5.21606637033225e-05,0.0,WINNER_IMPROVES,0.782721757888794,0.8170607686042786,0.03433901071548462,0.782551646232605,0.8170058727264404,0.03445422649383545,0.782681941986084,0.8170181512832642,0.034336209297180176,0.00017011165618896484,3.981590270996094e-05,-5.4895877838134766e-05,-4.26173210144043e-05,0.00011521577835083008,-2.8014183044433594e-06,1.0,1.0,0.00011521577835083008,-2.8014183044433594e-06,-2.8014183044433594e-06,0.0,1.0,0.005,0.6931431293487549,0.7860364317893982,0.13723017577377544,0.0022840530302409732,14.611199345682884,1e-06,34.9678750038147,56.896484375,56.57050180435181,92.90198349952698,True,PASS,
9,v10_TypeM_071_01038_drop_orbit_left_72_seed40038_foreground_identity_color_shift,L0_camera_r4,winner_detached_preference,49,349.5545349121094,0.34955453872680664,mid,1.0,-4.4465065002441406e-05,-0.00020426511764526367,-6.042385554013148e-05,-0.00027527328025839877,-0.00027527328025839877,0.0,WINNER_IMPROVES,0.7359081506729126,0.7421469688415527,0.006238818168640137,0.7358735203742981,0.7420356869697571,0.006162166595458984,0.7358636856079102,0.7419427037239075,0.0060790181159973145,3.463029861450195e-05,4.4465065002441406e-05,-0.0001112818717956543,-0.00020426511764526367,-7.665157318115234e-05,-0.00015980005264282227,1.0,1.0,-7.665157318115234e-05,-0.00015980005264282227,-0.00015980005264282227,0.0,1.0,0.005,0.6931509375572205,0.7393955588340759,0.15209058096045527,0.0022984683549501306,14.61122610937036,1e-06,34.96790552139282,56.916015625,56.57050180435181,94.0068531036377,True,PASS,
10,v10_TypeM_067_01014_drop_orbit_left_72_seed40014_foreground_identity_color_shift,L0_camera_r4,winner_detached_preference,49,349.5545349121094,0.34955453872680664,mid,1.0,-0.00033724308013916016,-3.814697265625e-05,-0.0004649996173439276,-5.2194764717247176e-05,-5.2194764717247176e-05,0.0,WINNER_IMPROVES,0.7254231572151184,0.7308772802352905,0.005454123020172119,0.7252107858657837,0.7307605743408203,0.005549788475036621,0.7250859141349792,0.7308391332626343,0.005753219127655029,0.0002123713493347168,0.00033724308013916016,-0.00011670589447021484,-3.814697265625e-05,9.566545486450195e-05,0.00029909610748291016,1.0,1.0,9.566545486450195e-05,0.00029909610748291016,0.00029909610748291016,0.0,1.0,0.005,0.6931459903717041,0.7286438345909119,0.1531940671016975,0.00230956206347554,14.61125332112792,1e-06,34.96790552139282,56.896484375,56.57050180435181,92.5025384426117,True,PASS,
11,v10_TypeM_039_04214_containment_orbit_left_44_seed43214_foreground_identity_color_shift,L0_camera_r4,winner_detached_preference,49,349.5545349121094,0.34955453872680664,mid,1.0,-0.00016301870346069336,-0.0002065896987915039,-0.00020707602442582515,-0.00026451325522265905,-0.00026451325522265905,0.0,WINNER_IMPROVES,0.7873223423957825,0.7811216115951538,-0.006200730800628662,0.7872043251991272,0.7809887528419495,-0.006215572357177734,0.7871593236923218,0.7809150218963623,-0.006244301795959473,0.00011801719665527344,0.00016301870346069336,-0.0001328587532043457,-0.0002065896987915039,-1.4841556549072266e-05,-4.357099533081055e-05,1.0,1.0,-1.4841556549072266e-05,-4.357099533081055e-05,-4.357099533081055e-05,0.0,1.0,0.005,0.6931456327438354,0.7906191349029541,0.13078458213176278,0.0023070109764475313,14.611280890494971,1e-06,34.9678750038147,56.916015625,56.57050180435181,93.29455161094666,True,PASS,
12,v6b_GT_C_007_04228_containment_orbit_left_44_seed43228,L0_camera_r4,winner_detached_preference,49,349.5545349121094,0.34955453872680664,mid,1.0,-0.00020515918731689453,-0.00016158819198608398,-0.00026214433732282914,-0.00019778721091939238,-0.00019778721091939238,0.0,WINNER_IMPROVES,0.782721757888794,0.8170607686042786,0.03433901071548462,0.7825453877449036,0.8169531226158142,0.034407734870910645,0.782516598701477,0.8168991804122925,0.03438258171081543,0.00017637014389038086,0.00020515918731689453,-0.00010764598846435547,-0.00016158819198608398,6.872415542602539e-05,4.357099533081055e-05,1.0,1.0,6.872415542602539e-05,4.357099533081055e-05,4.357099533081055e-05,0.0,1.0,0.005,0.693145215511322,0.7860356569290161,0.14008575268146722,0.002323052168064426,14.611309043732058,1e-06,34.9678750038147,56.896484375,56.57050180435181,93.30011868476868,True,PASS,
13,v10_TypeM_071_01038_drop_orbit_left_72_seed40038_foreground_identity_color_shift,L0_camera_r4,winner_detached_preference,49,349.5545349121094,0.34955453872680664,mid,1.0,-2.6226043701171875e-06,-0.0003139972686767578,-3.5637721979869005e-06,-0.0004231826328370112,-0.0004231826328370112,0.0,WINNER_IMPROVES,0.7359081506729126,0.7421469688415527,0.006238818168640137,0.7359298467636108,0.7419268488883972,0.005997002124786377,0.7359055280685425,0.741832971572876,0.005927443504333496,-2.1696090698242188e-05,2.6226043701171875e-06,-0.00022011995315551758,-0.0003139972686767578,-0.00024181604385375977,-0.0003113746643066406,0.0,1.0,-0.00024181604385375977,-0.0003113746643066406,-0.0003113746643066406,0.0,1.0,0.005,0.6931514739990234,0.7393261790275574,0.15528141940137585,0.002339623171557876,14.611337839112972,1e-06,34.96790552139282,56.916015625,56.57050180435181,93.14786839485168,True,PASS,
14,v10_TypeM_067_01014_drop_orbit_left_72_seed40014_foreground_identity_color_shift,L0_camera_r4,winner_detached_preference,49,349.5545349121094,0.34955453872680664,mid,1.0,-0.00025957822799682617,-0.00012195110321044922,-0.00035789411375462924,-0.00016686970589348341,-0.00016686970589348341,0.0,WINNER_IMPROVES,0.7254231572151184,0.7308772802352905,0.005454123020172119,0.7251641154289246,0.730620265007019,0.005456149578094482,0.7251635789871216,0.7307553291320801,0.005591750144958496,0.00025904178619384766,0.00025957822799682617,-0.0002570152282714844,-0.00012195110321044922,2.0265579223632812e-06,0.00013762712478637695,1.0,1.0,2.0265579223632812e-06,0.00013762712478637695,0.00013762712478637695,0.0,1.0,0.005,0.6931434869766235,0.7287229895591736,0.15654460537136836,0.0023526179491537183,14.611367118339441,1e-06,34.96790552139282,56.896484375,56.57050180435181,93.98428416252136,True,PASS,
15,v10_TypeM_039_04214_containment_orbit_left_44_seed43214_foreground_identity_color_shift,L0_camera_r4,winner_detached_preference,49,349.5545349121094,0.34955453872680664,mid,1.0,-0.00025409460067749023,-0.0002683401107788086,-0.0003227847031593901,-0.0003435908130017336,-0.0003435908130017336,0.0,WINNER_IMPROVES,0.7873223423957825,0.7811216115951538,-0.006200730800628662,0.7871484756469727,0.7809674143791199,-0.006181061267852783,0.787068247795105,0.780853271484375,-0.0062149763107299805,0.00017386674880981445,0.00025409460067749023,-0.00015419721603393555,-0.0002683401107788086,1.9669532775878906e-05,-1.424551010131836e-05,1.0,1.0,1.9669532775878906e-05,-1.424551010131836e-05,-1.424551010131836e-05,0.0,1.0,0.005,0.6931461691856384,0.7906267642974854,0.13348672262043407,0.0023524381702054505,14.611396793322552,1e-06,34.9678750038147,56.916015625,56.57050180435181,94.40157866477966,True,PASS,
16,v6b_GT_C_007_04228_containment_orbit_left_44_seed43228,L0_camera_r4,winner_detached_preference,49,349.5545349121094,0.34955453872680664,mid,1.0,-0.0003198981285095215,-4.178285598754883e-05,-0.0004087832108199791,-5.1139309906929105e-05,-5.1139309906929105e-05,0.0,WINNER_IMPROVES,0.782721757888794,0.8170607686042786,0.03433901071548462,0.7823750972747803,0.8169359564781189,0.03456085920333862,0.7824018597602844,0.817018985748291,0.03461712598800659,0.0003466606140136719,0.0003198981285095215,-0.00012481212615966797,-4.178285598754883e-05,0.0002218484878540039,0.00027811527252197266,1.0,1.0,0.0002218484878540039,0.00027811527252197266,0.00027811527252197266,0.0,1.0,0.005,0.6931398510932922,0.7858397960662842,0.14299626708546787,0.002370163555833156,14.611427013672285,1e-06,34.9678750038147,56.896484375,56.57050180435181,93.55871033668518,True,PASS,
17,v10_TypeM_071_01038_drop_orbit_left_72_seed40038_foreground_identity_color_shift,L0_camera_r4,winner_detached_preference,49,349.5545349121094,0.34955453872680664,mid,1.0,-1.8656253814697266e-05,-0.00026160478591918945,-2.5351655676858357e-05,-0.0003525594143796708,-0.0003525594143796708,0.0,WINNER_IMPROVES,0.7359081506729126,0.7421469688415527,0.006238818168640137,0.7357804179191589,0.7418931722640991,0.0061127543449401855,0.7358894944190979,0.7418853640556335,0.0059958696365356445,0.0001277327537536621,1.8656253814697266e-05,-0.0002537965774536133,-0.00026160478591918945,-0.00012606382369995117,-0.0002429485321044922,1.0,1.0,-0.00012606382369995117,-0.0002429485321044922,-0.0002429485321044922,0.0,1.0,0.005,0.6931552290916443,0.73940110206604,0.15851864648808403,0.002388220790396615,14.611457945039225,1e-06,34.96790552139282,56.916015625,56.57050180435181,92.29967546463013,True,PASS,
18,v10_TypeM_067_01014_drop_orbit_left_72_seed40014_foreground_identity_color_shift,L0_camera_r4,winner_detached_preference,49,349.5545349121094,0.34955453872680664,mid,1.0,-0.0003935694694519043,-0.00019794702529907227,-0.0005426849996340787,-0.000270871510524731,-0.000270871510524731,0.0,WINNER_IMPROVES,0.7254231572151184,0.7308772802352905,0.005454123020172119,0.7251051664352417,0.7306930422782898,0.005587875843048096,0.7250295877456665,0.7306793332099915,0.005649745464324951,0.000317990779876709,0.0003935694694519043,-0.00018423795700073242,-0.00019794702529907227,0.00013375282287597656,0.00019562244415283203,1.0,1.0,0.00013375282287597656,0.00019562244415283203,0.00019562244415283203,0.0,1.0,0.005,0.693146288394928,0.7285599708557129,0.15974380472859348,0.0024022656933606534,14.611489493711582,1e-06,34.96790552139282,56.896484375,56.57050180435181,92.94676995277405,True,PASS,
19,v10_TypeM_039_04214_containment_orbit_left_44_seed43214_foreground_identity_color_shift,L0_camera_r4,winner_detached_preference,49,349.5545349121094,0.34955453872680664,mid,1.0,-0.00028628110885620117,-0.00026994943618774414,-0.0003636797157560765,-0.0003456517982156534,-0.0003456517982156534,0.0,WINNER_IMPROVES,0.7873223423957825,0.7811216115951538,-0.006200730800628662,0.7869448661804199,0.7807878851890564,-0.006156980991363525,0.7870360612869263,0.7808516621589661,-0.006184399127960205,0.00037747621536254883,0.00028628110885620117,-0.0003337264060974121,-0.00026994943618774414,4.374980926513672e-05,1.633167266845703e-05,1.0,1.0,4.374980926513672e-05,1.633167266845703e-05,1.633167266845703e-05,0.0,1.0,0.005,0.6931458115577698,0.7904989719390869,0.13636304548591155,0.0024030175186047294,14.611521408265325,1e-06,34.9678750038147,56.916015625,56.57050180435181,93.80206513404846,True,PASS,
20,v6b_GT_C_007_04228_containment_orbit_left_44_seed43228,L0_camera_r4,winner_detached_preference,49,349.5545349121094,0.34955453872680664,mid,1.0,-0.00043636560440063477,-0.00029778480529785156,-0.0005576531839923725,-0.00036452500401226154,-0.00036452500401226154,0.0,WINNER_IMPROVES,0.782721757888794,0.8170607686042786,0.03433901071548462,0.7823341488838196,0.8169267177581787,0.03459256887435913,0.7822853922843933,0.8167629837989807,0.0344775915145874,0.00038760900497436523,0.00043636560440063477,-0.00013405084609985352,-0.00029778480529785156,0.0002535581588745117,0.0001385807991027832,1.0,1.0,0.0002535581588745117,0.0001385807991027832,0.0001385807991027832,0.0,1.0,0.005,0.6931461095809937,0.7859532833099365,0.14596603264882163,0.0024222652356107044,14.611553986699093,1e-06,34.9678750038147,56.896484375,56.57050180435181,92.44270873069763,True,PASS,
21,v10_TypeM_071_01038_drop_orbit_left_72_seed40038_foreground_identity_color_shift,L0_camera_r4,winner_detached_preference,49,349.5545349121094,0.34955453872680664,mid,1.0,-0.00021773576736450195,-0.00032901763916015625,-0.0002959173392624008,-0.00044343048231539495,-0.00044343048231539495,0.0,WINNER_IMPROVES,0.7359081506729126,0.7421469688415527,0.006238818168640137,0.7357555031776428,0.741875410079956,0.006119906902313232,0.7356904149055481,0.7418179512023926,0.006127536296844482,0.0001526474952697754,0.00021773576736450195,-0.0002715587615966797,-0.00032901763916015625,-0.0001189112663269043,-0.0001112818717956543,1.0,1.0,-0.0001189112663269043,-0.0001112818717956543,-0.0001112818717956543,0.0,1.0,0.005,0.693152129650116,0.7391831278800964,0.1618580634976213,0.002441366456190205,14.611587248489373,1e-06,34.96790552139282,56.916015625,56.57050180435181,93.15147662162781,True,PASS,
22,v10_TypeM_067_01014_drop_orbit_left_72_seed40014_foreground_identity_color_shift,L0_camera_r4,winner_detached_preference,49,349.5545349121094,0.34955453872680664,mid,1.0,-0.00041919946670532227,-0.0002848505973815918,-0.000578035901662822,-0.00038981389099774637,-0.00038981389099774637,0.0,WINNER_IMPROVES,0.7254231572151184,0.7308772802352905,0.005454123020172119,0.7250081300735474,0.730592668056488,0.005584537982940674,0.7250039577484131,0.7305924296379089,0.00558847188949585,0.0004150271415710449,0.00041919946670532227,-0.00028461217880249023,-0.0002848505973815918,0.0001304149627685547,0.00013434886932373047,1.0,1.0,0.0001304149627685547,0.00013434886932373047,0.00013434886932373047,0.0,1.0,0.005,0.693145215511322,0.7285492420196533,0.16325889225653034,0.0024561096949117507,14.61162107941438,1e-06,34.96790552139282,56.896484375,56.57050180435181,93.34824705123901,True,PASS,
23,v10_TypeM_039_04214_containment_orbit_left_44_seed43214_foreground_identity_color_shift,L0_camera_r4,winner_detached_preference,49,349.5545349121094,0.34955453872680664,mid,1.0,-0.000372469425201416,-0.00037974119186401367,-0.00047319570755797996,-0.0004862668201936682,-0.0004862668201936682,0.0,WINNER_IMPROVES,0.7873223423957825,0.7811216115951538,-0.006200730800628662,0.7869224548339844,0.7808470726013184,-0.006075382232666016,0.786949872970581,0.7807418704032898,-0.00620800256729126,0.0003998875617980957,0.000372469425201416,-0.0002745389938354492,-0.00037974119186401367,0.00012534856796264648,-7.271766662597656e-06,1.0,1.0,0.00012534856796264648,-7.271766662597656e-06,-7.271766662597656e-06,0.0,1.0,0.005,0.6931442618370056,0.7904075384140015,0.13925217272570187,0.002457366701265736,14.611655426963557,1e-06,34.9678750038147,56.916015625,56.57050180435181,93.67611026763916,True,PASS,
24,v6b_GT_C_007_04228_containment_orbit_left_44_seed43228,L0_camera_r4,winner_detached_preference,49,349.5545349121094,0.34955453872680664,mid,1.0,-0.0004119873046875,-0.0003248453140258789,-0.0005264907466001248,-0.0003976569617769122,-0.0003976569617769122,0.0,WINNER_IMPROVES,0.782721757888794,0.8170607686042786,0.03433901071548462,0.7823157906532288,0.8167933225631714,0.03447753190994263,0.7823097705841064,0.8167359232902527,0.03442615270614624,0.00040596723556518555,0.0004119873046875,-0.00026744604110717773,-0.0003248453140258789,0.0001385211944580078,8.71419906616211e-05,1.0,1.0,0.0001385211944580078,8.71419906616211e-05,8.71419906616211e-05,0.0,1.0,0.005,0.693141758441925,0.7857668399810791,0.14916301954963912,0.002477542752816447,14.611690415305759,1e-06,34.9678750038147,56.896484375,56.57050180435181,93.09935545921326,True,PASS,
25,v10_TypeM_071_01038_drop_orbit_left_72_seed40038_foreground_identity_color_shift,L0_camera_r4,winner_detached_preference,49,349.5545349121094,0.34955453872680664,mid,1.0,-0.00028890371322631836,-0.0004506111145019531,-0.0003926582861814045,-0.0006073567393699522,-0.0006073567393699522,0.0,WINNER_IMPROVES,0.7359081506729126,0.7421469688415527,0.006238818168640137,0.7356462478637695,0.7417416572570801,0.006095409393310547,0.7356192469596863,0.7416963577270508,0.006077110767364502,0.0002619028091430664,0.00028890371322631836,-0.00040531158447265625,-0.0004506111145019531,-0.00014340877532958984,-0.00016170740127563477,1.0,1.0,-0.00014340877532958984,-0.00016170740127563477,-0.00016170740127563477,0.0,1.0,0.005,0.6931505799293518,0.7390532493591309,0.1652385993515491,0.0024974218974352933,14.61172613394365,1e-06,34.96790552139282,56.916015625,56.57050180435181,93.56909966468811,True,PASS,
26,v10_TypeM_067_01014_drop_orbit_left_72_seed40014_foreground_identity_color_shift,L0_camera_r4,winner_detached_preference,49,349.5545349121094,0.34955453872680664,mid,1.0,-0.0005074143409729004,-0.00026983022689819336,-0.0006997183274160759,-0.00036925493737671494,-0.00036925493737671494,0.0,WINNER_IMPROVES,0.7254231572151184,0.7308772802352905,0.005454123020172119,0.7248597741127014,0.7305077910423279,0.005648016929626465,0.7249157428741455,0.7306074500083923,0.005691707134246826,0.0005633831024169922,0.0005074143409729004,-0.0003694891929626465,-0.00026983022689819336,0.0001938939094543457,0.00023758411407470703,1.0,1.0,0.0001938939094543457,0.00023758411407470703,0.00023758411407470703,0.0,1.0,0.005,0.6931442618370056,0.7284168601036072,0.16679760180919276,0.0025124741980096592,14.611762517980997,1e-06,34.96790552139282,56.896484375,56.57050180435181,95.31485319137573,True,PASS,
27,v10_TypeM_039_04214_containment_orbit_left_44_seed43214_foreground_identity_color_shift,L0_camera_r4,winner_detached_preference,49,349.5545349121094,0.34955453872680664,mid,1.0,-0.0004298686981201172,-0.0004527568817138672,-0.0005461372856470541,-0.0005797921019063189,-0.0005797921019063189,0.0,WINNER_IMPROVES,0.7873223423957825,0.7811216115951538,-0.006200730800628662,0.7868756055831909,0.7805935740470886,-0.006282031536102295,0.7868924736976624,0.7806688547134399,-0.006223618984222412,0.00044673681259155273,0.0004298686981201172,-0.0005280375480651855,-0.0004527568817138672,-8.130073547363281e-05,-2.288818359375e-05,1.0,1.0,-8.130073547363281e-05,-2.288818359375e-05,-2.288818359375e-05,0.0,1.0,0.005,0.6931461691856384,0.7903430461883545,0.14227681510496196,0.002513517376622209,14.61179927840603,1e-06,34.9678750038147,56.916015625,56.57050180435181,93.17266607284546,True,PASS,
28,v6b_GT_C_007_04228_containment_orbit_left_44_seed43228,L0_camera_r4,winner_detached_preference,49,349.5545349121094,0.34955453872680664,mid,1.0,-0.0005519986152648926,-0.00039762258529663086,-0.0007054784629482697,-0.0004867684003656757,-0.0004867684003656757,0.0,WINNER_IMPROVES,0.782721757888794,0.8170607686042786,0.03433901071548462,0.7821308970451355,0.816771924495697,0.03464102745056152,0.782169759273529,0.8166631460189819,0.03449338674545288,0.0005908608436584473,0.0005519986152648926,-0.00028884410858154297,-0.00039762258529663086,0.0003020167350769043,0.00015437602996826172,1.0,1.0,0.0003020167350769043,0.00015437602996826172,0.00015437602996826172,0.0,1.0,0.005,0.6931400895118713,0.785469651222229,0.1523391724085811,0.002534304285147739,14.611836888988462,1e-06,34.9678750038147,56.896484375,56.57050180435181,93.57144355773926,True,PASS,
29,v10_TypeM_071_01038_drop_orbit_left_72_seed40038_foreground_identity_color_shift,L0_camera_r4,winner_detached_preference,49,349.5545349121094,0.34955453872680664,mid,1.0,-0.00033086538314819336,-0.0006294846534729004,-0.00044970256061110226,-0.0008485539725283855,-0.0008485539725283855,0.0,WINNER_IMPROVES,0.7359081506729126,0.7421469688415527,0.006238818168640137,0.7355390787124634,0.7416550517082214,0.006115972995758057,0.7355772852897644,0.7415174841880798,0.00594019889831543,0.00036907196044921875,0.00033086538314819336,-0.0004919171333312988,-0.0006294846534729004,-0.00012284517288208008,-0.00029861927032470703,1.0,1.0,-0.00012284517288208008,-0.00029861927032470703,-0.00029861927032470703,0.0,1.0,0.005,0.6931528449058533,0.7390499114990234,0.16886773865522162,0.0025545460783678725,14.611875211789812,1e-06,34.96790552139282,56.916015625,56.57050180435181,93.15949010848999,True,PASS,
30,v10_TypeM_067_01014_drop_orbit_left_72_seed40014_foreground_identity_color_shift,L0_camera_r4,winner_detached_preference,49,349.5545349121094,0.34955453872680664,mid,1.0,-0.0006865262985229492,-0.0004273056983947754,-0.000946828543946171,-0.0005848186343337094,-0.0005848186343337094,0.0,WINNER_IMPROVES,0.7254231572151184,0.7308772802352905,0.005454123020172119,0.7247912287712097,0.7303690314292908,0.005577802658081055,0.7247366309165955,0.7304499745368958,0.005713343620300293,0.0006319284439086914,0.0006865262985229492,-0.0005082488059997559,-0.0004273056983947754,0.00012367963790893555,0.00025922060012817383,1.0,1.0,0.00012367963790893555,0.00025922060012817383,0.00025922060012817383,0.0,1.0,0.005,0.6931415796279907,0.7282057404518127,0.1705025998387681,0.0025693336953644145,14.611914190034545,1e-06,34.96790552139282,56.896484375,56.57050180435181,93.42952752113342,True,PASS,
31,v10_TypeM_039_04214_containment_orbit_left_44_seed43214_foreground_identity_color_shift,L0_camera_r4,winner_detached_preference,49,349.5545349121094,0.34955453872680664,mid,1.0,-0.0005538463592529297,-0.0004898309707641602,-0.0007037031936769165,-0.0006272833892896458,-0.0006272833892896458,0.0,WINNER_IMPROVES,0.7873223423957825,0.7811216115951538,-0.006200730800628662,0.7868161797523499,0.7805589437484741,-0.006257236003875732,0.7867684960365295,0.7806317806243896,-0.006136715412139893,0.0005061626434326172,0.0005538463592529297,-0.0005626678466796875,-0.0004898309707641602,-5.650520324707031e-05,6.401538848876953e-05,1.0,1.0,-5.650520324707031e-05,6.401538848876953e-05,6.401538848876953e-05,0.0,1.0,0.005,0.6931452751159668,0.7902575135231018,0.1453153187075038,0.0025698501406290664,14.61195356828578,1e-06,34.9678750038147,56.916015625,56.57050180435181,93.55102896690369,True,PASS,
32,v6b_GT_C_007_04228_containment_orbit_left_44_seed43228,L0_camera_r4,winner_detached_preference,49,349.5545349121094,0.34955453872680664,mid,1.0,-0.0007808804512023926,-0.00043064355850219727,-0.0009981455278891972,-0.000527203236399937,-0.000527203236399937,0.0,WINNER_IMPROVES,0.782721757888794,0.8170607686042786,0.03433901071548462,0.7820961475372314,0.8165754675865173,0.03447932004928589,0.7819408774375916,0.8166301250457764,0.034689247608184814,0.0006256103515625,0.0007808804512023926,-0.00048530101776123047,-0.00043064355850219727,0.00014030933380126953,0.0003502368927001953,1.0,1.0,0.00014030933380126953,0.0003502368927001953,0.0003502368927001953,0.0,1.0,0.005,0.6931390166282654,0.7855077981948853,0.1556541998525025,0.002591131357177302,14.611993791809468,1e-06,34.9678750038147,56.896484375,56.57050180435181,92.6254072189331,True,PASS,
33,v10_TypeM_071_01038_drop_orbit_left_72_seed40038_foreground_identity_color_shift,L0_camera_r4,winner_detached_preference,49,349.5545349121094,0.34955453872680664,mid,1.0,-0.0005487203598022461,-0.0007746219635009766,-0.000745915134508975,-0.001044303252742497,-0.001044303252742497,0.0,WINNER_IMPROVES,0.7359081506729126,0.7421469688415527,0.006238818168640137,0.7354497313499451,0.7415364384651184,0.00608670711517334,0.7353594303131104,0.7413723468780518,0.006012916564941406,0.0004584193229675293,0.0005487203598022461,-0.0006105303764343262,-0.0007746219635009766,-0.00015211105346679688,-0.00022590160369873047,1.0,1.0,-0.00015211105346679688,-0.00022590160369873047,-0.00022590160369873047,0.0,1.0,0.005,0.6931502819061279,0.7389567494392395,0.17256285717684638,0.0026116766073721186,14.612034858462076,1e-06,34.96790552139282,56.916015625,56.57050180435181,93.98837685585022,True,PASS,
34,v10_TypeM_067_01014_drop_orbit_left_72_seed40014_foreground_identity_color_shift,L0_camera_r4,winner_detached_preference,49,349.5545349121094,0.34955453872680664,mid,1.0,-0.0007603168487548828,-0.0004184246063232422,-0.0010486507823827826,-0.0005726603233335517,-0.0005726603233335517,0.0,WINNER_IMPROVES,0.7254231572151184,0.7308772802352905,0.005454123020172119,0.724702000617981,0.7302940487861633,0.005592048168182373,0.7246628403663635,0.7304588556289673,0.00579601526260376,0.0007211565971374512,0.0007603168487548828,-0.0005832314491271973,-0.0004184246063232422,0.0001379251480102539,0.0003418922424316406,1.0,1.0,0.0001379251480102539,0.0003418922424316406,0.0003418922424316406,0.0,1.0,0.005,0.6931448578834534,0.7282530665397644,0.17421461314986147,0.002626626885957684,14.612076521886536,1e-06,34.96790552139282,56.896484375,56.57050180435181,93.01838707923889,True,PASS,
35,v10_TypeM_039_04214_containment_orbit_left_44_seed43214_foreground_identity_color_shift,L0_camera_r4,winner_detached_preference,49,349.5545349121094,0.34955453872680664,mid,1.0,-0.0006834268569946289,-0.0006210803985595703,-0.0008684164083653134,-0.0007954298371331841,-0.0007954298371331841,0.0,WINNER_IMPROVES,0.7873223423957825,0.7811216115951538,-0.006200730800628662,0.7866931557655334,0.7805061936378479,-0.006186962127685547,0.7866389155387878,0.7805005311965942,-0.0061383843421936035,0.0006291866302490234,0.0006834268569946289,-0.0006154179573059082,-0.0006210803985595703,1.3768672943115234e-05,6.23464584350586e-05,1.0,1.0,1.3768672943115234e-05,6.23464584350586e-05,6.23464584350586e-05,0.0,1.0,0.005,0.6931432485580444,0.7901027202606201,0.14858288296145358,0.0026264010615822306,14.612118669433455,1e-06,34.9678750038147,56.916015625,56.57050180435181,93.6228756904602,True,PASS,
36,v6b_GT_C_007_04228_containment_orbit_left_44_seed43228,L0_camera_r4,winner_detached_preference,49,349.5545349121094,0.34955453872680664,mid,1.0,-0.0008400678634643555,-0.0006292462348937988,-0.0010738413424460599,-0.0007704306433417303,-0.0007704306433417303,0.0,WINNER_IMPROVES,0.782721757888794,0.8170607686042786,0.03433901071548462,0.7819383144378662,0.8165002465248108,0.03456193208694458,0.7818816900253296,0.8164315223693848,0.034549832344055176,0.0007834434509277344,0.0008400678634643555,-0.0005605220794677734,-0.0006292462348937988,0.00022292137145996094,0.00021082162857055664,1.0,1.0,0.00022292137145996094,0.00021082162857055664,0.00021082162857055664,0.0,1.0,0.005,0.6931399703025818,0.7853038311004639,0.15916319607940152,0.0026478624915531783,14.61216159919195,1e-06,34.9678750038147,56.896484375,56.57050180435181,93.8119044303894,True,PASS,
37,v10_TypeM_071_01038_drop_orbit_left_72_seed40038_foreground_identity_color_shift,L0_camera_r4,winner_detached_preference,49,349.5545349121094,0.34955453872680664,mid,1.0,-0.0005619525909423828,-0.0007628202438354492,-0.000763909532171031,-0.0010283846315223585,-0.0010283846315223585,0.0,WINNER_IMPROVES,0.7359081506729126,0.7421469688415527,0.006238818168640137,0.735389769077301,0.7414015531539917,0.006011784076690674,0.7353461980819702,0.7413841485977173,0.00603795051574707,0.0005183815956115723,0.0005619525909423828,-0.0007454156875610352,-0.0007628202438354492,-0.0002270340919494629,-0.0002008676528930664,1.0,1.0,-0.0002270340919494629,-0.0002008676528930664,-0.0002008676528930664,0.0,1.0,0.005,0.6931517124176025,0.7387734651565552,0.17650809242108964,0.0026676933197184696,14.612205437548404,1e-06,34.96790552139282,56.916015625,56.57050180435181,92.79844403266907,True,PASS,
38,v10_TypeM_067_01014_drop_orbit_left_72_seed40014_foreground_identity_color_shift,L0_camera_r4,winner_detached_preference,49,349.5545349121094,0.34955453872680664,mid,1.0,-0.001001596450805664,-0.0008314847946166992,-0.0013816605101283576,-0.001138300690651403,-0.001138300690651403,0.0,WINNER_IMPROVES,0.7254231572151184,0.7308772802352905,0.005454123020172119,0.7244346737861633,0.7301589250564575,0.0057242512702941895,0.7244215607643127,0.7300457954406738,0.005624234676361084,0.0009884834289550781,0.001001596450805664,-0.0007183551788330078,-0.0008314847946166992,0.0002701282501220703,0.00017011165618896484,1.0,1.0,0.0002701282501220703,0.00017011165618896484,0.00017011165618896484,0.0,1.0,0.005,0.6931425333023071,0.7280423641204834,0.17792151034464213,0.0026824198287331764,14.612249854420558,1e-06,34.96790552139282,56.896484375,56.57050180435181,92.75933718681335,True,PASS,
39,v10_TypeM_039_04214_containment_orbit_left_44_seed43214_foreground_identity_color_shift,L0_camera_r4,winner_detached_preference,49,349.5545349121094,0.34955453872680664,mid,1.0,-0.0008504390716552734,-0.000853121280670166,-0.0010807500992435239,-0.0010927715675861532,-0.0010927715675861532,0.0,WINNER_IMPROVES,0.7873223423957825,0.7811216115951538,-0.006200730800628662,0.7864962220191956,0.7803882956504822,-0.006107926368713379,0.7864719033241272,0.7802684903144836,-0.006203413009643555,0.0008261203765869141,0.0008504390716552734,-0.0007333159446716309,-0.000853121280670166,9.28044319152832e-05,-2.682209014892578e-06,1.0,1.0,9.28044319152832e-05,-2.682209014892578e-06,-2.682209014892578e-06,0.0,1.0,0.005,0.6931479573249817,0.7900582551956177,0.15187876222615293,0.002681250187573187,14.612294818861708,1e-06,34.9678750038147,56.916015625,56.57050180435181,92.36203050613403,True,PASS,
40,v6b_GT_C_007_04228_containment_orbit_left_44_seed43228,L0_camera_r4,winner_detached_preference,49,349.5545349121094,0.34955453872680664,mid,1.0,-0.0009173750877380371,-0.0007702112197875977,-0.0011727195312223508,-0.0009431054485217439,-0.0009431054485217439,0.0,WINNER_IMPROVES,0.782721757888794,0.8170607686042786,0.03433901071548462,0.7818049788475037,0.8163337707519531,0.03452879190444946,0.7818043828010559,0.816290557384491,0.03448617458343506,0.0009167790412902832,0.0009173750877380371,-0.0007269978523254395,-0.0007702112197875977,0.00018978118896484375,0.00014716386795043945,1.0,1.0,0.00018978118896484375,0.00014716386795043945,0.00014716386795043945,0.0,1.0,0.005,0.693147599697113,0.7853964567184448,0.1627302702714138,0.0027023468916970226,14.612340562706484,1e-06,34.9678750038147,56.896484375,56.57050180435181,93.59391856193542,True,PASS,
41,v10_TypeM_071_01038_drop_orbit_left_72_seed40038_foreground_identity_color_shift,L0_camera_r4,winner_detached_preference,49,349.5545349121094,0.34955453872680664,mid,1.0,-0.0008570551872253418,-0.0008908510208129883,-0.001165301179887058,-0.0012010910910306327,-0.0012010910910306327,0.0,WINNER_IMPROVES,0.7359081506729126,0.7421469688415527,0.006238818168640137,0.7352210283279419,0.7412475347518921,0.006026506423950195,0.7350510954856873,0.7412561178207397,0.00620502233505249,0.0006871223449707031,0.0008570551872253418,-0.0008994340896606445,-0.0008908510208129883,-0.0002123117446899414,-3.3795833587646484e-05,1.0,1.0,-0.0002123117446899414,-3.3795833587646484e-05,-3.3795833587646484e-05,0.0,1.0,0.005,0.6931473016738892,0.7385548949241638,0.18026676079772416,0.0027223948127851924,14.612387171553763,1e-06,34.96790552139282,56.916015625,56.57050180435181,93.15743899345398,True,PASS,
42,v10_TypeM_067_01014_drop_orbit_left_72_seed40014_foreground_identity_color_shift,L0_camera_r4,winner_detached_preference,49,349.5545349121094,0.34955453872680664,mid,1.0,-0.0011023879051208496,-0.0008078217506408691,-0.0015208038912445166,-0.001105888121040602,-0.001105888121040602,0.0,WINNER_IMPROVES,0.7254231572151184,0.7308772802352905,0.005454123020172119,0.7242923974990845,0.7300410270690918,0.005748629570007324,0.7243207693099976,0.7300694584846497,0.0057486891746521,0.0011307597160339355,0.0011023879051208496,-0.0008362531661987305,-0.0008078217506408691,0.0002945065498352051,0.00029456615447998047,1.0,1.0,0.0002945065498352051,0.00029456615447998047,0.00029456615447998047,0.0,1.0,0.005,0.6931430697441101,0.7278315424919128,0.18207745762251554,0.002736873253283986,14.612434587854692,1e-06,34.96790552139282,56.896484375,56.57050180435181,93.96963477134705,True,PASS,
43,v10_TypeM_039_04214_containment_orbit_left_44_seed43214_foreground_identity_color_shift,L0_camera_r4,winner_detached_preference,49,349.5545349121094,0.34955453872680664,mid,1.0,-0.0009868741035461426,-0.0010115504264831543,-0.0012542424581430183,-0.0012958365791836887,-0.0012958365791836887,0.0,WINNER_IMPROVES,0.7873223423957825,0.7811216115951538,-0.006200730800628662,0.786456823348999,0.7801622748374939,-0.006294548511505127,0.7863354682922363,0.7801100611686707,-0.006225407123565674,0.0008655190467834473,0.0009868741035461426,-0.0009593367576599121,-0.0010115504264831543,-9.381771087646484e-05,-2.467632293701172e-05,1.0,1.0,-9.381771087646484e-05,-2.467632293701172e-05,-2.467632293701172e-05,0.0,1.0,0.005,0.6931473612785339,0.7898382544517517,0.1552569435744159,0.0027348560642753666,14.612482391073094,1e-06,34.9678750038147,56.916015625,56.57050180435181,93.35925006866455,True,PASS,
44,v6b_GT_C_007_04228_containment_orbit_left_44_seed43228,L0_camera_r4,winner_detached_preference,49,349.5545349121094,0.34955453872680664,mid,1.0,-0.0011082291603088379,-0.0009163618087768555,-0.0014168693131454732,-0.0011221638377330524,-0.0011221638377330524,0.0,WINNER_IMPROVES,0.782721757888794,0.8170607686042786,0.03433901071548462,0.7816112637519836,0.8162495493888855,0.034638285636901855,0.7816135287284851,0.8161444067955017,0.0345308780670166,0.0011104941368103027,0.0011082291603088379,-0.0008112192153930664,-0.0009163618087768555,0.00029927492141723633,0.00019186735153198242,1.0,1.0,0.00029927492141723633,0.00019186735153198242,0.00019186735153198242,0.0,1.0,0.005,0.6931443810462952,0.7851957678794861,0.16642718410892887,0.0027557521331233515,14.612531061386363,1e-06,34.9678750038147,56.896484375,56.57050180435181,92.30940389633179,True,PASS,
45,v10_TypeM_071_01038_drop_orbit_left_72_seed40038_foreground_identity_color_shift,L0_camera_r4,winner_detached_preference,49,349.5545349121094,0.34955453872680664,mid,1.0,-0.000968635082244873,-0.001069486141204834,-0.0013171115287083132,-0.001442109872205909,-0.001442109872205909,0.0,WINNER_IMPROVES,0.7359081506729126,0.7421469688415527,0.006238818168640137,0.7349750399589539,0.7410217523574829,0.006046712398529053,0.7349395155906677,0.7410774827003479,0.006137967109680176,0.0009331107139587402,0.000968635082244873,-0.0011252164840698242,-0.001069486141204834,-0.00019210577011108398,-0.00010085105895996094,1.0,1.0,-0.00019210577011108398,-0.00010085105895996094,-0.00010085105895996094,0.0,1.0,0.005,0.6931506991386414,0.7384459376335144,0.18421845497416112,0.0027753401633074802,14.612580558918415,1e-06,34.96790552139282,56.916015625,56.57050180435181,92.8640341758728,True,PASS,
46,v10_TypeM_067_01014_drop_orbit_left_72_seed40014_foreground_identity_color_shift,L0_camera_r4,winner_detached_preference,49,349.5545349121094,0.34955453872680664,mid,1.0,-0.001211702823638916,-0.0010365843772888184,-0.0016717358697364917,-0.0014192808660748407,-0.0014192808660748407,0.0,WINNER_IMPROVES,0.7254231572151184,0.7308772802352905,0.005454123020172119,0.7243201732635498,0.7298821806907654,0.005562007427215576,0.7242114543914795,0.7298406958580017,0.005629241466522217,0.0011029839515686035,0.001211702823638916,-0.0009950995445251465,-0.0010365843772888184,0.00010788440704345703,0.00017511844635009766,1.0,1.0,0.00010788440704345703,0.00017511844635009766,0.00017511844635009766,0.0,1.0,0.005,0.6931424736976624,0.7277123332023621,0.18582031187455705,0.002789115770448309,14.612630914351167,1e-06,34.96790552139282,56.896484375,56.57050180435181,92.53521013259888,True,PASS,
47,v10_TypeM_039_04214_containment_orbit_left_44_seed43214_foreground_identity_color_shift,L0_camera_r4,winner_detached_preference,49,349.5545349121094,0.34955453872680664,mid,1.0,-0.0011682510375976562,-0.0010034441947937012,-0.001484930072487974,-0.0012854454948061926,-0.0012854454948061926,0.0,WINNER_IMPROVES,0.7873223423957825,0.7811216115951538,-0.006200730800628662,0.7861844897270203,0.7801030278205872,-0.0060814619064331055,0.7861540913581848,0.7801181674003601,-0.006035923957824707,0.001137852668762207,0.0011682510375976562,-0.0010185837745666504,-0.0010034441947937012,0.00011926889419555664,0.00016480684280395508,1.0,1.0,0.00011926889419555664,0.00016480684280395508,0.00016480684280395508,0.0,1.0,0.005,0.6931411027908325,0.7896375060081482,0.15877141283917576,0.0027861186387386733,14.612681657713742,1e-06,34.9678750038147,56.916015625,56.57050180435181,93.20072650909424,True,PASS,
48,v6b_GT_C_007_04228_containment_orbit_left_44_seed43228,L0_camera_r4,winner_detached_preference,49,349.5545349121094,0.34955453872680664,mid,1.0,-0.0012978315353393555,-0.0010966062545776367,-0.0016594769012336743,-0.0013430369435206953,-0.0013430369435206953,0.0,WINNER_IMPROVES,0.782721757888794,0.8170607686042786,0.03433901071548462,0.7814887166023254,0.8160309791564941,0.0345422625541687,0.7814239263534546,0.8159641623497009,0.03454023599624634,0.0012330412864685059,0.0012978315353393555,-0.0010297894477844238,-0.0010966062545776367,0.00020325183868408203,0.00020122528076171875,1.0,1.0,0.00020325183868408203,0.00020122528076171875,0.00020122528076171875,0.0,1.0,0.005,0.6931411623954773,0.784954845905304,0.17001739728738308,0.002806930222214459,14.61273325898325,1e-06,34.9678750038147,56.896484375,56.57050180435181,92.24132132530212,True,PASS,
49,v10_TypeM_071_01038_drop_orbit_left_72_seed40038_foreground_identity_color_shift,L0_camera_r4,winner_detached_preference,49,349.5545349121094,0.34955453872680664,mid,1.0,-0.0011261701583862305,-0.0011789202690124512,-0.0015314855785107427,-0.0015897897163409107,-0.0015897897163409107,0.0,WINNER_IMPROVES,0.7359081506729126,0.7421469688415527,0.006238818168640137,0.7347731590270996,0.7408616542816162,0.0060884952545166016,0.7347819805145264,0.7409680485725403,0.006186068058013916,0.0011349916458129883,0.0011261701583862305,-0.0012853145599365234,-0.0011789202690124512,-0.00015032291412353516,-5.27501106262207e-05,1.0,1.0,-0.00015032291412353516,-5.27501106262207e-05,-5.27501106262207e-05,0.0,1.0,0.005,0.6931503415107727,0.7383170127868652,0.1883476940280814,0.002826520061475239,14.612785826074534,1e-06,34.96790552139282,56.916015625,56.57050180435181,93.3141508102417,True,PASS,
50,v10_TypeM_067_01014_drop_orbit_left_72_seed40014_foreground_identity_color_shift,L0_camera_r4,winner_detached_preference,49,349.5545349121094,0.34955453872680664,mid,1.0,-0.0014031529426574707,-0.001279592514038086,-0.0019361274714303858,-0.0017522968239927004,-0.0017522968239927004,0.0,WINNER_IMPROVES,0.7254231572151184,0.7308772802352905,0.005454123020172119,0.7240200042724609,0.7297869324684143,0.005766928195953369,0.7240200042724609,0.7295976877212524,0.005577683448791504,0.0014031529426574707,0.0014031529426574707,-0.0010903477668762207,-0.001279592514038086,0.00031280517578125,0.00012356042861938477,1.0,1.0,0.00031280517578125,0.00012356042861938477,0.00012356042861938477,0.0,1.0,0.005,0.6931387782096863,0.7274003028869629,0.1902258161101647,0.0028398235519914447,14.612839156929823,1e-06,34.96790552139282,56.896484375,56.57050180435181,93.37263035774231,True,PASS,
51,v10_TypeM_039_04214_containment_orbit_left_44_seed43214_foreground_identity_color_shift,L0_camera_r4,winner_detached_preference,49,349.5545349121094,0.34955453872680664,mid,1.0,-0.0012555122375488281,-0.0011979937553405762,-0.0015959338096046473,-0.0015348613257178685,-0.0015348613257178685,0.0,WINNER_IMPROVES,0.7873223423957825,0.7811216115951538,-0.006200730800628662,0.7861286997795105,0.7799713611602783,-0.006157338619232178,0.7860668301582336,0.7799236178398132,-0.00614321231842041,0.0011936426162719727,0.0012555122375488281,-0.0011502504348754883,-0.0011979937553405762,4.3392181396484375e-05,5.751848220825195e-05,1.0,1.0,4.3392181396484375e-05,5.751848220825195e-05,5.751848220825195e-05,0.0,1.0,0.005,0.6931479573249817,0.789599597454071,0.16236656349100673,0.0028357856577635662,14.61289293407543,1e-06,34.9678750038147,56.916015625,56.57050180435181,92.64636325836182,True,PASS,
52,v6b_GT_C_007_04228_containment_orbit_left_44_seed43228,L0_camera_r4,winner_detached_preference,49,349.5545349121094,0.34955453872680664,mid,1.0,-0.0014007091522216797,-0.0012449026107788086,-0.0017911396067347505,-0.0015247971712670843,-0.0015247971712670843,0.0,WINNER_IMPROVES,0.782721757888794,0.8170607686042786,0.03433901071548462,0.781271755695343,0.8158367872238159,0.0345650315284729,0.7813210487365723,0.8158158659934998,0.03449481725692749,0.0014500021934509277,0.0014007091522216797,-0.0012239813804626465,-0.0012449026107788086,0.00022602081298828125,0.0001558065414428711,1.0,1.0,0.00022602081298828125,0.0001558065414428711,0.0001558065414428711,0.0,1.0,0.005,0.6931426525115967,0.7847678661346436,0.17390861645036101,0.002855899942811857,14.612947588979535,1e-06,34.9678750038147,56.896484375,56.57050180435181,93.5534040927887,True,PASS,
53,v10_TypeM_071_01038_drop_orbit_left_72_seed40038_foreground_identity_color_shift,L0_camera_r4,winner_detached_preference,49,349.5545349121094,0.34955453872680664,mid,1.0,-0.0013325810432434082,-0.0013881921768188477,-0.0018124395006996383,-0.001872260010876745,-0.001872260010876745,0.0,WINNER_IMPROVES,0.7359081506729126,0.7421469688415527,0.006238818168640137,0.7345885038375854,0.74072265625,0.006134152412414551,0.7345755696296692,0.7407587766647339,0.006183207035064697,0.0013196468353271484,0.0013325810432434082,-0.0014243125915527344,-0.0013881921768188477,-0.00010466575622558594,-5.561113357543945e-05,1.0,1.0,-0.00010466575622558594,-5.561113357543945e-05,-5.561113357543945e-05,0.0,1.0,0.005,0.6931488513946533,0.7381548285484314,0.19248730777407064,0.0028747934707876316,14.613003268794388,1e-06,34.96790552139282,56.916015625,56.57050180435181,92.96357941627502,True,PASS,
54,v10_TypeM_067_01014_drop_orbit_left_72_seed40014_foreground_identity_color_shift,L0_camera_r4,winner_detached_preference,49,349.5545349121094,0.34955453872680664,mid,1.0,-0.0017492175102233887,-0.001349329948425293,-0.0024142182596338566,-0.001847884800336752,-0.001847884800336752,0.0,WINNER_IMPROVES,0.7254231572151184,0.7308772802352905,0.005454123020172119,0.7238210439682007,0.7294921278953552,0.005671083927154541,0.723673939704895,0.7295279502868652,0.005854010581970215,0.0016021132469177246,0.0017492175102233887,-0.0013851523399353027,-0.001349329948425293,0.00021696090698242188,0.0003998875617980957,1.0,1.0,0.00021696090698242188,0.0003998875617980957,0.0003998875617980957,0.0,1.0,0.005,0.6931425929069519,0.7273644804954529,0.19418830576073182,0.0028876260422765515,14.61305958880249,1e-06,34.96790552139282,56.896484375,56.57050180435181,93.91522645950317,True,PASS,
55,v10_TypeM_039_04214_containment_orbit_left_44_seed43214_foreground_identity_color_shift,L0_camera_r4,winner_detached_preference,49,349.5545349121094,0.34955453872680664,mid,1.0,-0.0014530420303344727,-0.0015066862106323242,-0.001847254187674128,-0.0019307379864206067,-0.0019307379864206067,0.0,WINNER_IMPROVES,0.7873223423957825,0.7811216115951538,-0.006200730800628662,0.7858499884605408,0.7797626256942749,-0.006087362766265869,0.785869300365448,0.7796149253845215,-0.006254374980926514,0.0014723539352416992,0.0014530420303344727,-0.0013589859008789062,-0.0015066862106323242,0.00011336803436279297,-5.364418029785156e-05,1.0,1.0,0.00011336803436279297,-5.364418029785156e-05,-5.364418029785156e-05,0.0,1.0,0.005,0.6931483149528503,0.7894639372825623,0.1659893274255502,0.0028825069444455647,14.613116460885257,1e-06,34.9678750038147,56.916015625,56.57050180435181,93.36923289299011,True,PASS,
56,v6b_GT_C_007_04228_containment_orbit_left_44_seed43228,L0_camera_r4,winner_detached_preference,49,349.5545349121094,0.34955453872680664,mid,1.0,-0.0016897320747375488,-0.0015150904655456543,-0.0021611237374936287,-0.0018560393228264727,-0.0018560393228264727,0.0,WINNER_IMPROVES,0.782721757888794,0.8170607686042786,0.03433901071548462,0.7811083793640137,0.8156790733337402,0.03457069396972656,0.7810320258140564,0.8155456781387329,0.034513652324676514,0.0016133785247802734,0.0016897320747375488,-0.00138169527053833,-0.0015150904655456543,0.00023168325424194336,0.00017464160919189453,1.0,1.0,0.00023168325424194336,0.00017464160919189453,0.00017464160919189453,0.0,1.0,0.005,0.6931388974189758,0.7845568060874939,0.17780670808561708,0.0029024387684302463,14.613174208865779,1e-06,34.9678750038147,56.896484375,56.57050180435181,93.20886611938477,True,PASS,
57,v10_TypeM_071_01038_drop_orbit_left_72_seed40038_foreground_identity_color_shift,L0_camera_r4,winner_detached_preference,49,349.5545349121094,0.34955453872680664,mid,1.0,-0.00151747465133667,-0.0017910003662109375,-0.002064172455217378,-0.0024161857198140542,-0.0024161857198140542,0.0,WINNER_IMPROVES,0.7359081506729126,0.7421469688415527,0.006238818168640137,0.7343981266021729,0.7405317425727844,0.006133615970611572,0.7343906760215759,0.7403559684753418,0.005965292453765869,0.001510024070739746,0.00151747465133667,-0.0016152262687683105,-0.0017910003662109375,-0.00010520219802856445,-0.0002735257148742676,1.0,1.0,-0.00010520219802856445,-0.0002735257148742676,-0.0002735257148742676,0.0,1.0,0.005,0.693149983882904,0.7379623055458069,0.19687683584339216,0.00292114331611948,14.613232975065051,1e-06,34.96790552139282,56.916015625,56.57050180435181,94.18645143508911,True,PASS,
58,v10_TypeM_067_01014_drop_orbit_left_72_seed40014_foreground_identity_color_shift,L0_camera_r4,winner_detached_preference,49,349.5545349121094,0.34955453872680664,mid,1.0,-0.0017747282981872559,-0.0016878247261047363,-0.002449470651453456,-0.002311983984687412,-0.002311983984687412,0.0,WINNER_IMPROVES,0.7254231572151184,0.7308772802352905,0.005454123020172119,0.7236624360084534,0.7293011546134949,0.005638718605041504,0.7236484289169312,0.7291894555091858,0.005541026592254639,0.001760721206665039,0.0017747282981872559,-0.0015761256217956543,-0.0016878247261047363,0.00018459558486938477,8.690357208251953e-05,1.0,1.0,0.00018459558486938477,8.690357208251953e-05,8.690357208251953e-05,0.0,1.0,0.005,0.6931416392326355,0.7271619439125061,0.1984777487085519,0.0029334864072786395,14.61329251256482,1e-06,34.96790552139282,56.896484375,56.57050180435181,92.46902441978455,True,PASS,
59,v10_TypeM_039_04214_containment_orbit_left_44_seed43214_foreground_identity_color_shift,L0_camera_r4,winner_detached_preference,49,349.5545349121094,0.34955453872680664,mid,1.0,-0.0016958117485046387,-0.0016137361526489258,-0.0021562206032647332,-0.002068058716711851,-0.002068058716711851,0.0,WINNER_IMPROVES,0.7873223423957825,0.7811216115951538,-0.006200730800628662,0.7857037782669067,0.779584527015686,-0.006119251251220703,0.7856265306472778,0.7795078754425049,-0.006118655204772949,0.0016185641288757324,0.0016958117485046387,-0.0015370845794677734,-0.0016137361526489258,8.147954940795898e-05,8.207559585571289e-05,1.0,1.0,8.147954940795898e-05,8.207559585571289e-05,8.207559585571289e-05,0.0,1.0,0.005,0.693144679069519,0.7891523241996765,0.1697425653415403,0.0029277371418467138,14.613352433678413,1e-06,34.9678750038147,56.916015625,56.57050180435181,93.29519629478455,True,PASS,
60,v6b_GT_C_007_04228_containment_orbit_left_44_seed43228,L0_camera_r4,winner_detached_preference,49,349.5545349121094,0.34955453872680664,mid,1.0,-0.0018996596336364746,-0.0016846060752868652,-0.0024299421299923793,-0.0020639163700840466,-0.0020639163700840466,0.0,WINNER_IMPROVES,0.782721757888794,0.8170607686042786,0.03433901071548462,0.7808927297592163,0.8154735565185547,0.03458082675933838,0.7808220982551575,0.8153761625289917,0.03455406427383423,0.0018290281295776367,0.0018996596336364746,-0.001587212085723877,-0.0016846060752868652,0.00024181604385375977,0.00021505355834960938,1.0,1.0,0.00024181604385375977,0.00021505355834960938,0.00021505355834960938,0.0,1.0,0.005,0.6931397914886475,0.7843224406242371,0.18180266635532055,0.002947415060812937,14.613413368323618,1e-06,34.9678750038147,56.896484375,56.57050180435181,92.81388592720032,True,PASS,
