phase,requirement,status,evidence,detail,next_action
phase0_prd,PRD written before execution,PASS,docs/experiments/EXP_physeditworld_50h_prompt_gravity_lingbotfast.md,file exists,
phase0_prd,current status document,PASS,docs/physeditworld_50h_current_status.md,file exists,
phase0_migration,environment export,PASS,reports/migration/environment_no_builds.yml,file exists,
phase0_migration,pip freeze export,PASS,reports/migration/pip_freeze.txt,file exists,
phase0_migration,migration audit collector wrapper,PASS,scripts/migration/collect_physeditworld_migration_audit_bundle.sh,file exists,
phase0_migration,required weights manifest,PASS,reports/migration/required_weights_manifest.tsv,file exists,
phase0_migration,required data manifest,PASS,reports/migration/required_data_manifest.tsv,file exists,
phase0_migration,guarded dry-run rsync script,PASS,scripts/migration/rsync_h20_to_pai_dryrun.sh,file exists,
phase0_migration,guarded execute rsync script,PASS,scripts/migration/rsync_h20_to_pai_execute.sh,file exists,
phase0_migration,explicit copy-plan template,PASS,reports/migration/approved_copy_manifest_template.tsv,file exists,
phase0_migration,PAI bootstrap restore entrypoint,PASS,scripts/migration/bootstrap_pai_physeditworld.sh,file exists,
phase0_migration,PAI bootstrap operator guide,PASS,docs/physeditworld_50h_pai_bootstrap.md,file exists,
phase0_migration,PAI restore-packet wrapper,PASS,scripts/migration/run_physeditworld_pai_restore_packet.sh,file exists,
phase0_migration,post-mount continuation wrapper,PASS,scripts/continue_physeditworld_after_mount.sh,file exists,
phase0_migration,post-mount continuation operator guide,PASS,docs/physeditworld_50h_post_mount_continue.md,file exists,
phase0_migration,PAI restore-packet summary,PASS,reports/migration/pai_restore_packet.md,file exists,
phase0_migration,external unblock-packet wrapper,PASS,scripts/migration/write_physeditworld_external_unblock_packet.sh,file exists,
phase0_migration,external unblock-packet summary,PASS,reports/migration/physeditworld_external_unblock_packet.md,file exists,
phase0_migration,H20 read-only migration audit bundle,PASS,reports/migration/migration_audit_bundle.json,decision=MIGRATION_AUDIT_BUNDLE_READY,
phase0_migration,PhysEditWorld GPU command policy audit,PASS,reports/physeditworld_50h/gpu_policy/gpu_command_policy_audit.json,decision=PHYS_EDITWORLD_GPU_COMMAND_POLICY_PASS,
phase0_migration,Git tracked artifact policy audit,PASS,reports/migration/git_artifact_policy_audit.json,decision=GIT_ARTIFACT_POLICY_PASS_WITH_SIZE_WARNINGS,
phase0_migration,expected empty manifest placeholders,PASS,reports/physeditworld_50h/manifest_init/empty_manifest_init.json,decision=PHYS_EDITWORLD_EMPTY_MANIFESTS_ALREADY_PRESENT,
phase0_migration,locked handoff sequence,BLOCKED,reports/migration/locked_handoff_sequence.json,decision=LOCKED_HANDOFF_BLOCKED_AT_ROOT_SCHEMA_PROBE,set PHYS_EDITWORLD_ROOTS to a strong root and rerun locked handoff sequence
phase0_migration,selected-root schema probe,BLOCKED,reports/migration/physeditworld_root_schema_probe.json,decision=PHYS_EDITWORLD_SCHEMA_PROBE_WAITING_FOR_ROOT,provide selected root and rerun schema probe
phase0_migration,selected-root intake handoff report,BLOCKED,reports/migration/physeditworld_root_intake.json,decision=PHYS_EDITWORLD_ROOT_INTAKE_WAITING_FOR_EXTERNAL_ROOT,provide selected root and rerun root intake/handoff
phase0_migration,selected-root lock,BLOCKED,reports/migration/physeditworld_selected_root_status.json,decision=PHYS_EDITWORLD_ROOT_SELECTION_BLOCKED_NO_ROOT,provide selected PhysEditWorld 50h root and rerun root selector
phase0_migration,PAI handoff verifier,BLOCKED,reports/migration/pai_handoff_status.json,decision=PAI_HANDOFF_BLOCKED_NAS_OR_ROOT,mount NAS/root and rerun PAI handoff
phase0_migration,migration asset validation,BLOCKED,reports/migration/migration_asset_validation.json,decision=MIGRATION_ASSET_VALIDATION_NAS_BLOCKED,mount NAS and validate required assets
phase0_migration,approved-only migration copy,BLOCKED,reports/migration/approved_copy_status.json,decision=APPROVED_COPY_BLOCKED_NO_APPROVED_ROWS,approve required rows after review and rerun dry-run
phase0_migration,PAI restore packet decision,BLOCKED,reports/migration/pai_restore_packet.json,decision=PAI_RESTORE_PACKET_BLOCKED_NAS_OR_ROOT,"mount NAS, set PHYS_EDITWORLD_ROOTS, rerun bootstrap or restore-packet writer"
phase0_migration,external unblock packet decision,BLOCKED,reports/migration/physeditworld_external_unblock_packet.json,decision=PHYS_EDITWORLD_EXTERNAL_UNBLOCK_REQUIRED_NAS_OR_ROOT,"mount NAS, set PHYS_EDITWORLD_ROOTS, rerun external unblock packet writer and bootstrap"
phase0_migration,post-mount Phase1/2 continuation gate,BLOCKED,reports/physeditworld_50h/post_mount/post_mount_status.json,decision=POST_MOUNT_BLOCKED_AT_ROOT_INPUT,"set PHYS_EDITWORLD_ROOTS, select/lock the root, and rerun post-mount continuation"
phase1_data,strict PhysEditWorld 50h manifest,BLOCKED,manifests/physeditworld_50h_all.jsonl,"rows=0, required>=1",mount selected root and run manifest audit
phase1_data,train split no replay leakage,BLOCKED,manifests/physeditworld_50h_train.jsonl,"rows=0, required>=1",run replay-group split after data audit
phase1_data,split summary,PASS,reports/physeditworld_50h/split_summary.md,file exists,
phase1_data,replay-group leakage check,PASS,reports/physeditworld_50h/replay_group_leakage_check.csv,file exists,
phase2_conversion,prompt-only gravity policy audit,PASS,reports/physeditworld_50h/prompt_gravity_policy/prompt_gravity_policy_audit.json,decision=PHYS_EDITWORLD_PROMPT_GRAVITY_POLICY_PASS,
phase2_conversion,LingBot train conversion manifest,BLOCKED,manifests/physeditworld_50h_lingbot_train.jsonl,"rows=0, required>=1",run prompt-only gravity conversion
phase2_conversion,LingBot val conversion manifest,BLOCKED,manifests/physeditworld_50h_lingbot_val.jsonl,"rows=0, required>=1",run prompt-only gravity conversion
phase2_conversion,LingBot train conversion schema validation,BLOCKED,reports/physeditworld_50h/conversion_validation/lingbot_train_manifest_validation.json,decision=LINGBOT_MANIFEST_BLOCKED_EMPTY,rerun conversion manifest validator after prompt-only LingBot conversion writes rows
phase2_conversion,LingBot val conversion schema validation,BLOCKED,reports/physeditworld_50h/conversion_validation/lingbot_val_manifest_validation.json,decision=LINGBOT_MANIFEST_BLOCKED_EMPTY,rerun conversion manifest validator after prompt-only LingBot conversion writes rows
phase3_baseline,LingBot backend readiness for baseline/warm-up/checkpoint eval,BLOCKED,reports/physeditworld_50h/backend_readiness/backend_readiness.json,decision=PHYS_EDITWORLD_BACKEND_BLOCKED_SCAFFOLD_ONLY,"connect real LingBot-Fast baseline rollout, checkpoint eval, and rank32 warm-up backend before Phase3/4/5"
phase3_baseline,baseline true rollout gate,BLOCKED,reports/physeditworld_50h_baseline_rollout/summary.md,decision=BASELINE_BLOCKED_EMPTY_MANIFEST,run baseline rollout after LingBot manifests exist
phase4_warmup,rank32 warm-up preflight,BLOCKED,reports/physeditworld_50h_warmup_rank32/preflight_summary.md,decision=WARMUP_BLOCKED_EMPTY_MANIFEST,run 5-step warm-up preflight after conversion
phase5_checkpoint_eval,warm-up checkpoint video/metric gate,BLOCKED,reports/physeditworld_50h_warmup_rank32/best_checkpoint_decision.json,decision=CHECKPOINT_EVAL_BLOCKED_EMPTY_EVAL_MANIFEST,"run checkpoint rollout, metrics, and Codex visual audit"
phase6_pairs,anchored DPO pair manifest,BLOCKED,manifests/physeditworld_dpo_pairs_anchored_v0.jsonl,"rows=0, required>=100",build >=100 reviewed anchored pairs after warm-up gate
phase6_pairs,strict anchored pair manifest validation,BLOCKED,reports/physeditworld_dpo_pairs_anchored_v0/pair_manifest_validation.json,decision=PHYS_EDITWORLD_PAIR_MANIFEST_BLOCKED_EMPTY,"run pair manifest validator and ensure every pair has visual audit, reward/gravity margin, and matched condition/action/camera/intrinsics/gravity"
phase7_tiny_dpo,tiny anchored DPO gate,BLOCKED,reports/physeditworld_tiny_dpo_v0/best_checkpoint_decision.json,decision=TINY_DPO_BLOCKED_INSUFFICIENT_PAIRS,run tiny anchored DPO only after pair gate
phase8_ablation,PhysEditWorld50 plus OurPhysics50 ablation plan,PASS,docs/experiments/EXP_physeditworld50_plus_ourphysics50_ablation_plan.md,file exists,
safety,forbidden staged large artifacts,PASS,git diff --cached --name-only,none,
